target,comparator,outcome,estimate_per10,ci_low_per10,ci_high_per10,p_value,n_target_matches,n_seasons,specification,p_holm_family11,run_id,input_md5
Barcelona,Real Madrid,own_yellow,1.29276017762118,-0.964698065146555,3.55021842038891,0.2462371070358,714,21,L3: same-match style alternative,1,20261003-175015,4237598ec443fe56d60744856219d211
Barcelona,Real Madrid,opp_yellow,-0.74504891882764,-2.37442478183093,0.884326944175651,0.351557600785011,714,21,L3: same-match style alternative,1,20261003-175015,4237598ec443fe56d60744856219d211
Barcelona,Real Madrid,net_yellow,0.547711258789772,-1.84500145995224,2.94042397753178,0.638187303414286,714,21,L3: same-match style alternative,1,20261003-175015,4237598ec443fe56d60744856219d211
Barcelona,Real Madrid,net_fouls,3.26333708466681,-7.977086303633,14.5037604729666,0.551591524074471,714,21,L3: same-match style alternative,1,20261003-175015,4237598ec443fe56d60744856219d211
Barcelona,Real Madrid,net_red,-0.355032546493615,-1.11964755961605,0.409582466628819,0.344326662113612,714,21,L3: same-match style alternative,1,20261003-175015,4237598ec443fe56d60744856219d211
Barcelona,Real Madrid,net_pens,-0.0981325423561216,-0.950707037886007,0.754441953173764,0.812698529396632,713,21,L3: same-match style alternative,1,20261003-175015,4237598ec443fe56d60744856219d211
Real Madrid,Other elite UCL clubs,net_yellow,-1.95131872292414,-4.34927690328971,0.446639457441439,0.104521180238384,218,19,Style: possession and both teams' shots,0.940690622145456,20261003-175015,4237598ec443fe56d60744856219d211
Real Madrid,Other elite UCL clubs,net_fouls,12.8920041655853,2.24712518286496,23.5368831483056,0.0203353511581822,218,19,Style: possession and both teams' shots,0.203353511581822,20261003-175015,4237598ec443fe56d60744856219d211
Real Madrid,Other elite UCL clubs,net_pens,-0.643007461749319,-1.61116451448957,0.325149590990935,0.179891387632491,218,19,Style: possession and both teams' shots,1,20261003-175015,4237598ec443fe56d60744856219d211
Real Madrid,Other elite UCL clubs,net_red,0.395282952318671,-0.420881542174356,1.2114474468117,0.322391490785014,218,19,Style: possession and both teams' shots,1,20261003-175015,4237598ec443fe56d60744856219d211
Real Madrid,Other elite UCL clubs,net_yellow_fouls,-3.07289781517178,-4.81860485753494,-1.32719077280863,0.00164535713888295,218,19,Style: possession and both teams' shots,0.0180989285277125,20261003-175015,4237598ec443fe56d60744856219d211
