path,md5,run_id
output/tables/analysis-headlines.csv,36b392d2c5ce10358e20bea54af467dc,20261003-175015
output/tables/analysis-headlines.dta,2ed42a14d0bfcf0d27066e3908208928,20261003-175015
output/tables/analysis-verification.csv,be1e5bc4c8d4ea3d24396f0d79b69ac8,20261003-175015
output/tables/analysis-verification.dta,219a9612e9c57182aa915cd6bc074635,20261003-175015
output/tables/barcelona-style-era.csv,d7958edba0fc8d1dc8e0a65799542e14,20261003-175015
output/tables/barcelona-style-era.dta,0dbd0d36b1786c47d6e2d017a142d67b,20261003-175015
output/tables/barcelona-style-exposure.csv,be65c325429b6c83f6ff5c8fa1d06b6b,20261003-175015
output/tables/barcelona-style-exposure.dta,b8d3373c4f54b1143f68cdd649aa4249,20261003-175015
output/tables/barcelona-style-figure-ladder-data.csv,0088fcb13ffc41dbebb6b7f7055f82ee,20261003-175015
output/tables/barcelona-style-figure-possession-data.csv,3c91e32266f3eb12ce7f54de7987cae9,20261003-175015
output/tables/barcelona-style-figure-robustness-data.csv,dec5e0fcf5f294797a3eab98a0c16d7a,20261003-175015
output/tables/barcelona-style-ladder.csv,28a1cbdf4906c2ef797e361325a8205e,20261003-175015
output/tables/barcelona-style-ladder.dta,37feeed9ce90988f9e227d7d715bccf9,20261003-175015
output/tables/barcelona-style-overlap-estimates.csv,980e4d1aa250cc56539eab3b6470b273,20261003-175015
output/tables/barcelona-style-overlap-estimates.dta,dfbf222b2adf33645b3e49b8a858842d,20261003-175015
output/tables/barcelona-style-overlap.csv,a1480b544bc7d046ace76283cff796c2,20261003-175015
output/tables/barcelona-style-overlap.dta,df35dc713f7a7eac3a060e938795ee10,20261003-175015
output/tables/barcelona-style-sample-flow.csv,2422955ebe68cb64222d09da320f9e91,20261003-175015
output/tables/barcelona-style-sample-flow.dta,221557467fef381c7a502bf556e36be5,20261003-175015
output/tables/card-timing-coverage.csv,24dac02c04b84913a33618d9b48dc273,20261003-175015
output/tables/card-timing-coverage.dta,6a001138cf52e02c75087da4800abcc0,20261003-175015
output/tables/card-timing-results.csv,7a78211f890d8a0c81e6168d901190c1,20261003-175015
output/tables/card-timing-results.dta,b372e11436c953715b7b0ed2a8ecd3c9,20261003-175015
output/tables/data-audit-coverage.csv,1f55fb573be48354f4c4f83c517e9118,20261003-175015
output/tables/data-audit-coverage.dta,12d30b09873e34c441792dc127826f75,20261003-175015
output/tables/data-audit-score-disagreements.csv,a6a4bb59ea2d5024a3a485c82022b64e,20261003-175015
output/tables/data-audit-score-disagreements.dta,abae1b62707fe767f00f83795bec0bc6,20261003-175015
output/tables/rm-ucl-pooled-precision-by-season.csv,ec483c5a668a05bab5d3fbed938da3a4,20261003-175015
output/tables/rm-ucl-pooled-precision-by-season.dta,b95748febe6ec5b16bad80cbb53be0c8,20261003-175015
output/tables/rm-ucl-pooled-precision-cumulative.csv,52bfd7916448171c7042a8f568559fea,20261003-175015
output/tables/rm-ucl-pooled-precision-cumulative.dta,03e9e18282af787ef081463211c3791b,20261003-175015
output/tables/rm-ucl-pooled-precision-equivalence.csv,d8fa4ca1a59a21c1d3e2804f267606ab,20261003-175015
output/tables/rm-ucl-pooled-precision-equivalence.dta,a129249caf2abad76b4d56f05a21d2fd,20261003-175015
output/tables/rm-ucl-pooled-precision-estimates.csv,67fbbd475a85294d97039891dc9e91d2,20261003-175015
output/tables/rm-ucl-pooled-precision-estimates.dta,21449afb6906055a4a128e312b8dfc8f,20261003-175015
output/tables/rm-ucl-pooled-precision-loso.csv,473edc10d9a4e00ee8a48148bf3dfcac,20261003-175015
output/tables/rm-ucl-pooled-precision-loso.dta,930e0055fc6c48b5c993600ab5a2817a,20261003-175015
output/tables/rm-ucl-pooled-precision-run.csv,efc7fa5945a2d941bef8d8b5d18acbc7,20261003-175015
output/tables/rm-ucl-pooled-precision-stage-era.csv,69130d9e8d9dc4aefd30d1951a5ab41c,20261003-175015
output/tables/rm-ucl-pooled-precision-stage-era.dta,ee01850fa152162b4ecec788804e4094,20261003-175015
output/figures/card-timing-diagnostic.pdf,20c440c9ccbd1ae068e302c6321e15c2,20261003-175015
output/figures/card-timing-diagnostic.png,16f7e5721a688bd146f5c16cafa65129,20261003-175015
output/figures/figure-barcelona-style-ladder.pdf,e87cb4edda2b4303fd73a82881d0997a,20261003-175015
output/figures/figure-barcelona-style-ladder.png,275cf6bbb4f0cb4e04f40218d12e0f32,20261003-175015
output/figures/figure-barcelona-style-possession-diagnostic.pdf,72b84ebed604241384cabebf5d3b718f,20261003-175015
output/figures/figure-barcelona-style-possession-diagnostic.png,4c0e53464fdd08a4ebf0191849ec2203,20261003-175015
output/figures/figure-barcelona-style-robustness.pdf,ec3d242986d9fa8f492f07f5268ec04e,20261003-175015
output/figures/figure-barcelona-style-robustness.png,b76702e5b607228c3c146ce1664dae9f,20261003-175015
output/figures/figure-rm-ucl-pooled-comparisons.pdf,ad4b57cb06afe777765882ccb8bd4a50,20261003-175015
output/figures/figure-rm-ucl-pooled-comparisons.png,7267d097b2a7eb403fe7c154bddc4748,20261003-175015
output/figures/figure-rm-ucl-precision-limits.pdf,a50eb5a9461e18e504702398d902bfb4,20261003-175015
output/figures/figure-rm-ucl-precision-limits.png,b361c1d28f777ca512b762b356c82f48,20261003-175015
output/figures/figure-rm-ucl-season-stability.pdf,4ae994b71dc7711d26d903e0919d3ae4,20261003-175015
output/figures/figure-rm-ucl-season-stability.png,c7787449ce15e4b284997a4c1f06770b,20261003-175015
output/analysis-report.html,9c2063559db0dd68222e12565650a2e6,20261003-175015
