"contrast","contrast_label","estimate","se","t_stat","p_value","ci_low","ci_high","se_twoway_match_teamseason","n_obs","n_input","n_dropped","n_matches","n_seasons","n_barca","n_madrid","n_other_elite","n_nonelite","df_t","t_crit","dep_mean","dep_sd","baseline_nonelite_mean","baseline_nonelite_sd","outcome","outcome_label","favorable_sign","estimate_signed","ci_low_signed","ci_high_signed","rung","rung_label","controls","fixed_effects","estimator","estimand","sample","pct_of_nonelite_baseline","run_id","script","input_md5","ci_level","inference_primary","inference_secondary"
"barca","Barcelona vs non-elite La Liga teams",-0.635470637489255,0.0686997994684214,-9.24996349925819,1.15434212496566e-08,-0.778775908014877,-0.492165366963633,0.0572499381399809,14510,14510,0,7255,21,714,724,731,12341,20,2.08596344726586,2.49793246037218,1.49461869219841,2.5500364638198,1.49245407433069,"own_yellow","Yellow cards received",-1,0.635470637489255,0.492165366963633,0.778775908014877,"L0","L0: raw difference","none","none","OLS (feols)","conditional mean difference per match, La Liga","common",-24.9200608111054,"20261003-175015","17-barcelona-style-adjusted-decisions.R","4237598ec443fe56d60744856219d211",0.95,"cluster: season (t with G-1 df)","two-way cluster: match + team-season (SE only)"
"madrid","Real Madrid vs non-elite La Liga teams",-0.429870717963434,0.084516138668958,-5.08625600664505,5.63866592901167e-05,-0.606168293930933,-0.253573141995934,0.0978454826202088,14510,14510,0,7255,21,714,724,731,12341,20,2.08596344726586,2.49793246037218,1.49461869219841,2.5500364638198,1.49245407433069,"own_yellow","Yellow cards received",-1,0.429870717963434,0.253573141995934,0.606168293930933,"L0","L0: raw difference","none","none","OLS (feols)","conditional mean difference per match, La Liga","common",-24.9200608111054,"20261003-175015","17-barcelona-style-adjusted-decisions.R","4237598ec443fe56d60744856219d211",0.95,"cluster: season (t with G-1 df)","two-way cluster: match + team-season (SE only)"
"barca_minus_madrid","Barcelona minus Real Madrid",-0.205599919525821,0.105609855829905,-1.94678723789719,0.0657426448177274,-0.425898218458021,0.0146983794063781,0.108495852603939,14510,14510,0,7255,21,714,724,731,12341,20,2.08596344726586,2.49793246037218,1.49461869219841,2.5500364638198,1.49245407433069,"own_yellow","Yellow cards received",-1,0.205599919525821,-0.0146983794063781,0.425898218458021,"L0","L0: raw difference","none","none","OLS (feols)","conditional mean difference per match, La Liga","common",-24.9200608111054,"20261003-175015","17-barcelona-style-adjusted-decisions.R","4237598ec443fe56d60744856219d211",0.95,"cluster: season (t with G-1 df)","two-way cluster: match + team-season (SE only)"
"barca","Barcelona vs non-elite La Liga teams",0.0172828329351847,0.0591653163810245,0.292110885098345,0.773210456244345,-0.106133854381553,0.140699520251922,0.0708666926190487,14510,14510,0,7255,21,714,724,731,12341,20,2.08596344726586,2.49793246037218,1.49461869219841,2.5500364638198,1.49245407433069,"own_yellow","Yellow cards received",-1,-0.0172828329351847,-0.140699520251922,0.106133854381553,"L1","L1: + home, season, opponent, win-probability FE","home; season FE; opponent FE; pre-match win-probability ventile FE","season; opponent; win-probability ventile","OLS (feols)","conditional mean difference per match, La Liga","common",0.677748462831626,"20261003-175015","17-barcelona-style-adjusted-decisions.R","4237598ec443fe56d60744856219d211",0.95,"cluster: season (t with G-1 df)","two-way cluster: match + team-season (SE only)"
"madrid","Real Madrid vs non-elite La Liga teams",0.138383875107152,0.0716526359317834,1.93131590077021,0.067740178577529,-0.0110809043467964,0.287848654561101,0.0866089722778579,14510,14510,0,7255,21,714,724,731,12341,20,2.08596344726586,2.49793246037218,1.49461869219841,2.5500364638198,1.49245407433069,"own_yellow","Yellow cards received",-1,-0.138383875107152,-0.287848654561101,0.0110809043467964,"L1","L1: + home, season, opponent, win-probability FE","home; season FE; opponent FE; pre-match win-probability ventile FE","season; opponent; win-probability ventile","OLS (feols)","conditional mean difference per match, La Liga","common",0.677748462831626,"20261003-175015","17-barcelona-style-adjusted-decisions.R","4237598ec443fe56d60744856219d211",0.95,"cluster: season (t with G-1 df)","two-way cluster: match + team-season (SE only)"
"barca_minus_madrid","Barcelona minus Real Madrid",-0.121101042171968,0.100185924746269,-1.20876303211922,0.24085118510634,-0.330085219123214,0.0878831347792782,0.0829343737738282,14510,14510,0,7255,21,714,724,731,12341,20,2.08596344726586,2.49793246037218,1.49461869219841,2.5500364638198,1.49245407433069,"own_yellow","Yellow cards received",-1,0.121101042171968,-0.0878831347792782,0.330085219123214,"L1","L1: + home, season, opponent, win-probability FE","home; season FE; opponent FE; pre-match win-probability ventile FE","season; opponent; win-probability ventile","OLS (feols)","conditional mean difference per match, La Liga","common",0.677748462831626,"20261003-175015","17-barcelona-style-adjusted-decisions.R","4237598ec443fe56d60744856219d211",0.95,"cluster: season (t with G-1 df)","two-way cluster: match + team-season (SE only)"
"barca","Barcelona vs non-elite La Liga teams",0.0725730465223119,0.0957795597865446,0.757709125872462,0.457460646203336,-0.127219614187636,0.27236570723226,0.128714954327268,14510,14510,0,7255,21,714,724,731,12341,20,2.08596344726586,2.49793246037218,1.49461869219841,2.5500364638198,1.49245407433069,"own_yellow","Yellow cards received",-1,-0.0725730465223119,-0.27236570723226,0.127219614187636,"L2","L2: + prior-match style (lagged possession, shots; both teams)","L1 + natural splines of season-to-date prior-match possession (df 4) and shots (df 3), own and opponent","season; opponent; win-probability ventile","OLS (feols)","conditional mean difference per match, La Liga","common",2.84596112847743,"20261003-175015","17-barcelona-style-adjusted-decisions.R","4237598ec443fe56d60744856219d211",0.95,"cluster: season (t with G-1 df)","two-way cluster: match + team-season (SE only)"
"madrid","Real Madrid vs non-elite La Liga teams",0.028254123556321,0.105525684473732,0.267746413560144,0.791636362726363,-0.191868597003594,0.248376844116236,0.126211380333488,14510,14510,0,7255,21,714,724,731,12341,20,2.08596344726586,2.49793246037218,1.49461869219841,2.5500364638198,1.49245407433069,"own_yellow","Yellow cards received",-1,-0.028254123556321,-0.248376844116236,0.191868597003594,"L2","L2: + prior-match style (lagged possession, shots; both teams)","L1 + natural splines of season-to-date prior-match possession (df 4) and shots (df 3), own and opponent","season; opponent; win-probability ventile","OLS (feols)","conditional mean difference per match, La Liga","common",2.84596112847743,"20261003-175015","17-barcelona-style-adjusted-decisions.R","4237598ec443fe56d60744856219d211",0.95,"cluster: season (t with G-1 df)","two-way cluster: match + team-season (SE only)"
"barca_minus_madrid","Barcelona minus Real Madrid",0.0443189229659909,0.139623249186149,0.317417931643346,0.754216478547384,-0.246930071224809,0.335567917156791,0.130735328162017,14510,14510,0,7255,21,714,724,731,12341,20,2.08596344726586,2.49793246037218,1.49461869219841,2.5500364638198,1.49245407433069,"own_yellow","Yellow cards received",-1,-0.0443189229659909,-0.335567917156791,0.246930071224809,"L2","L2: + prior-match style (lagged possession, shots; both teams)","L1 + natural splines of season-to-date prior-match possession (df 4) and shots (df 3), own and opponent","season; opponent; win-probability ventile","OLS (feols)","conditional mean difference per match, La Liga","common",2.84596112847743,"20261003-175015","17-barcelona-style-adjusted-decisions.R","4237598ec443fe56d60744856219d211",0.95,"cluster: season (t with G-1 df)","two-way cluster: match + team-season (SE only)"
"barca","Barcelona vs non-elite La Liga teams",0.0443781541969189,0.0614889375113346,0.7217258257022,0.478816724431599,-0.0838855218629399,0.172641830256778,0.0760846734745336,14510,14510,0,7255,21,714,724,731,12341,20,2.08596344726586,2.49793246037218,1.49461869219841,2.5500364638198,1.49245407433069,"own_yellow","Yellow cards received",-1,-0.0443781541969189,-0.172641830256778,0.0838855218629399,"L3","L3: same-match style instead of lagged style (descriptive)","L1 + natural splines of same-match own possession (df 5), own shots (df 3), opponent shots (df 3); endogenous to decisions","season; opponent; win-probability ventile","OLS (feols)","conditional mean difference per match, La Liga","common",1.74029488701676,"20261003-175015","17-barcelona-style-adjusted-decisions.R","4237598ec443fe56d60744856219d211",0.95,"cluster: season (t with G-1 df)","two-way cluster: match + team-season (SE only)"
"madrid","Real Madrid vs non-elite La Liga teams",0.173654171959037,0.0719376499074567,2.41395391957385,0.0254882463147298,0.0235948637698734,0.3237134801482,0.0856660428930697,14510,14510,0,7255,21,714,724,731,12341,20,2.08596344726586,2.49793246037218,1.49461869219841,2.5500364638198,1.49245407433069,"own_yellow","Yellow cards received",-1,-0.173654171959037,-0.3237134801482,-0.0235948637698734,"L3","L3: same-match style instead of lagged style (descriptive)","L1 + natural splines of same-match own possession (df 5), own shots (df 3), opponent shots (df 3); endogenous to decisions","season; opponent; win-probability ventile","OLS (feols)","conditional mean difference per match, La Liga","common",1.74029488701676,"20261003-175015","17-barcelona-style-adjusted-decisions.R","4237598ec443fe56d60744856219d211",0.95,"cluster: season (t with G-1 df)","two-way cluster: match + team-season (SE only)"
"barca_minus_madrid","Barcelona minus Real Madrid",-0.129276017762118,0.108221371075637,-1.19455165349703,0.2462371070358,-0.355021842038891,0.0964698065146555,0.0851439902908416,14510,14510,0,7255,21,714,724,731,12341,20,2.08596344726586,2.49793246037218,1.49461869219841,2.5500364638198,1.49245407433069,"own_yellow","Yellow cards received",-1,0.129276017762118,-0.0964698065146555,0.355021842038891,"L3","L3: same-match style instead of lagged style (descriptive)","L1 + natural splines of same-match own possession (df 5), own shots (df 3), opponent shots (df 3); endogenous to decisions","season; opponent; win-probability ventile","OLS (feols)","conditional mean difference per match, La Liga","common",1.74029488701676,"20261003-175015","17-barcelona-style-adjusted-decisions.R","4237598ec443fe56d60744856219d211",0.95,"cluster: season (t with G-1 df)","two-way cluster: match + team-season (SE only)"
"barca","Barcelona vs non-elite La Liga teams",0.114615813518067,0.0624699816332604,1.83473422788784,0.0814649761871063,-0.0156942847202838,0.244925911756418,0.0665148740109689,14510,14510,0,7255,21,714,724,731,12341,20,2.08596344726586,2.49793246037218,1.49461869219841,2.5500364638198,1.49245407433069,"own_yellow","Yellow cards received",-1,-0.114615813518067,-0.244925911756418,0.0156942847202838,"L4","L4: + called fouls, both teams (card severity)","L3 + natural splines of own and opponent fouls called (df 4); cards per foul are not modelled as binomial","season; opponent; win-probability ventile","OLS (feols)","conditional mean difference per match, La Liga","common",4.49467351327125,"20261003-175015","17-barcelona-style-adjusted-decisions.R","4237598ec443fe56d60744856219d211",0.95,"cluster: season (t with G-1 df)","two-way cluster: match + team-season (SE only)"
"madrid","Real Madrid vs non-elite La Liga teams",0.163166580030078,0.0498407894507088,3.27375593019941,0.00379825816757175,0.0592005150530255,0.267132645007131,0.0599691885435579,14510,14510,0,7255,21,714,724,731,12341,20,2.08596344726586,2.49793246037218,1.49461869219841,2.5500364638198,1.49245407433069,"own_yellow","Yellow cards received",-1,-0.163166580030078,-0.267132645007131,-0.0592005150530255,"L4","L4: + called fouls, both teams (card severity)","L3 + natural splines of own and opponent fouls called (df 4); cards per foul are not modelled as binomial","season; opponent; win-probability ventile","OLS (feols)","conditional mean difference per match, La Liga","common",4.49467351327125,"20261003-175015","17-barcelona-style-adjusted-decisions.R","4237598ec443fe56d60744856219d211",0.95,"cluster: season (t with G-1 df)","two-way cluster: match + team-season (SE only)"
"barca_minus_madrid","Barcelona minus Real Madrid",-0.0485507665120109,0.0853515654134514,-0.568832759854212,0.575802350250727,-0.226591012131392,0.12948947910737,0.0659397142123755,14510,14510,0,7255,21,714,724,731,12341,20,2.08596344726586,2.49793246037218,1.49461869219841,2.5500364638198,1.49245407433069,"own_yellow","Yellow cards received",-1,0.0485507665120109,-0.12948947910737,0.226591012131392,"L4","L4: + called fouls, both teams (card severity)","L3 + natural splines of own and opponent fouls called (df 4); cards per foul are not modelled as binomial","season; opponent; win-probability ventile","OLS (feols)","conditional mean difference per match, La Liga","common",4.49467351327125,"20261003-175015","17-barcelona-style-adjusted-decisions.R","4237598ec443fe56d60744856219d211",0.95,"cluster: season (t with G-1 df)","two-way cluster: match + team-season (SE only)"
"barca","Barcelona vs non-elite La Liga teams",0.147656226415694,0.0721425612508412,2.04672836472066,0.0540540047267861,-0.00283051934569911,0.298142972177088,0.0916391014075884,14510,14510,0,7255,21,714,724,731,12341,20,2.08596344726586,2.49793246037218,1.49461869219841,2.48399643464873,1.49521357612775,"opp_yellow","Yellow cards to opponent",1,0.147656226415694,-0.00283051934569911,0.298142972177088,"L0","L0: raw difference","none","none","OLS (feols)","conditional mean difference per match, La Liga","common",5.94430106082559,"20261003-175015","17-barcelona-style-adjusted-decisions.R","4237598ec443fe56d60744856219d211",0.95,"cluster: season (t with G-1 df)","two-way cluster: match + team-season (SE only)"
"madrid","Real Madrid vs non-elite La Liga teams",0.165174836069501,0.0678301714681041,2.43512337495964,0.0243733734986754,0.0236835777652596,0.306666094373742,0.0829896005676096,14510,14510,0,7255,21,714,724,731,12341,20,2.08596344726586,2.49793246037218,1.49461869219841,2.48399643464873,1.49521357612775,"opp_yellow","Yellow cards to opponent",1,0.165174836069501,0.0236835777652596,0.306666094373742,"L0","L0: raw difference","none","none","OLS (feols)","conditional mean difference per match, La Liga","common",5.94430106082559,"20261003-175015","17-barcelona-style-adjusted-decisions.R","4237598ec443fe56d60744856219d211",0.95,"cluster: season (t with G-1 df)","two-way cluster: match + team-season (SE only)"
"barca_minus_madrid","Barcelona minus Real Madrid",-0.0175186096538064,0.0752649574046864,-0.232759178479461,0.818313850289472,-0.174518559660005,0.139481340352392,0.120373200250025,14510,14510,0,7255,21,714,724,731,12341,20,2.08596344726586,2.49793246037218,1.49461869219841,2.48399643464873,1.49521357612775,"opp_yellow","Yellow cards to opponent",1,-0.0175186096538064,-0.174518559660005,0.139481340352392,"L0","L0: raw difference","none","none","OLS (feols)","conditional mean difference per match, La Liga","common",5.94430106082559,"20261003-175015","17-barcelona-style-adjusted-decisions.R","4237598ec443fe56d60744856219d211",0.95,"cluster: season (t with G-1 df)","two-way cluster: match + team-season (SE only)"
"barca","Barcelona vs non-elite La Liga teams",-0.0217772296007723,0.0861084671237499,-0.252904625156959,0.802923151934822,-0.201396344521009,0.157841885319464,0.0833222630313301,14510,14510,0,7255,21,714,724,731,12341,20,2.08596344726586,2.49793246037218,1.49461869219841,2.48399643464873,1.49521357612775,"opp_yellow","Yellow cards to opponent",1,-0.0217772296007723,-0.201396344521009,0.157841885319464,"L1","L1: + home, season, opponent, win-probability FE","home; season FE; opponent FE; pre-match win-probability ventile FE","season; opponent; win-probability ventile","OLS (feols)","conditional mean difference per match, La Liga","common",-0.876701322796055,"20261003-175015","17-barcelona-style-adjusted-decisions.R","4237598ec443fe56d60744856219d211",0.95,"cluster: season (t with G-1 df)","two-way cluster: match + team-season (SE only)"
"madrid","Real Madrid vs non-elite La Liga teams",-0.0104215393658526,0.0872059225942157,-0.119504949386819,0.906067596828032,-0.192329906282483,0.171486827550778,0.0794798366946033,14510,14510,0,7255,21,714,724,731,12341,20,2.08596344726586,2.49793246037218,1.49461869219841,2.48399643464873,1.49521357612775,"opp_yellow","Yellow cards to opponent",1,-0.0104215393658526,-0.192329906282483,0.171486827550778,"L1","L1: + home, season, opponent, win-probability FE","home; season FE; opponent FE; pre-match win-probability ventile FE","season; opponent; win-probability ventile","OLS (feols)","conditional mean difference per match, La Liga","common",-0.876701322796055,"20261003-175015","17-barcelona-style-adjusted-decisions.R","4237598ec443fe56d60744856219d211",0.95,"cluster: season (t with G-1 df)","two-way cluster: match + team-season (SE only)"
"barca_minus_madrid","Barcelona minus Real Madrid",-0.0113556902349197,0.0738696452680244,-0.153726069669312,0.879366281355721,-0.165445070126515,0.142733689656675,0.0915762267164004,14510,14510,0,7255,21,714,724,731,12341,20,2.08596344726586,2.49793246037218,1.49461869219841,2.48399643464873,1.49521357612775,"opp_yellow","Yellow cards to opponent",1,-0.0113556902349197,-0.165445070126515,0.142733689656675,"L1","L1: + home, season, opponent, win-probability FE","home; season FE; opponent FE; pre-match win-probability ventile FE","season; opponent; win-probability ventile","OLS (feols)","conditional mean difference per match, La Liga","common",-0.876701322796055,"20261003-175015","17-barcelona-style-adjusted-decisions.R","4237598ec443fe56d60744856219d211",0.95,"cluster: season (t with G-1 df)","two-way cluster: match + team-season (SE only)"
"barca","Barcelona vs non-elite La Liga teams",-0.319056371428037,0.167239348501071,-1.90778291285913,0.0708815662410991,-0.667911539345829,0.0297987964897549,0.156534569401352,14510,14510,0,7255,21,714,724,731,12341,20,2.08596344726586,2.49793246037218,1.49461869219841,2.48399643464873,1.49521357612775,"opp_yellow","Yellow cards to opponent",1,-0.319056371428037,-0.667911539345829,0.0297987964897549,"L2","L2: + prior-match style (lagged possession, shots; both teams)","L1 + natural splines of season-to-date prior-match possession (df 4) and shots (df 3), own and opponent","season; opponent; win-probability ventile","OLS (feols)","conditional mean difference per match, La Liga","common",-12.8444778332846,"20261003-175015","17-barcelona-style-adjusted-decisions.R","4237598ec443fe56d60744856219d211",0.95,"cluster: season (t with G-1 df)","two-way cluster: match + team-season (SE only)"
"madrid","Real Madrid vs non-elite La Liga teams",-0.267829570486345,0.105080632794441,-2.54880051027362,0.0191258689260425,-0.487023929511115,-0.0486352114615756,0.117033096008561,14510,14510,0,7255,21,714,724,731,12341,20,2.08596344726586,2.49793246037218,1.49461869219841,2.48399643464873,1.49521357612775,"opp_yellow","Yellow cards to opponent",1,-0.267829570486345,-0.487023929511115,-0.0486352114615756,"L2","L2: + prior-match style (lagged possession, shots; both teams)","L1 + natural splines of season-to-date prior-match possession (df 4) and shots (df 3), own and opponent","season; opponent; win-probability ventile","OLS (feols)","conditional mean difference per match, La Liga","common",-12.8444778332846,"20261003-175015","17-barcelona-style-adjusted-decisions.R","4237598ec443fe56d60744856219d211",0.95,"cluster: season (t with G-1 df)","two-way cluster: match + team-season (SE only)"
"barca_minus_madrid","Barcelona minus Real Madrid",-0.0512268009416919,0.129306466802796,-0.396165808318137,0.696177555399666,-0.320955364187421,0.218501762304037,0.154765369975595,14510,14510,0,7255,21,714,724,731,12341,20,2.08596344726586,2.49793246037218,1.49461869219841,2.48399643464873,1.49521357612775,"opp_yellow","Yellow cards to opponent",1,-0.0512268009416919,-0.320955364187421,0.218501762304037,"L2","L2: + prior-match style (lagged possession, shots; both teams)","L1 + natural splines of season-to-date prior-match possession (df 4) and shots (df 3), own and opponent","season; opponent; win-probability ventile","OLS (feols)","conditional mean difference per match, La Liga","common",-12.8444778332846,"20261003-175015","17-barcelona-style-adjusted-decisions.R","4237598ec443fe56d60744856219d211",0.95,"cluster: season (t with G-1 df)","two-way cluster: match + team-season (SE only)"
"barca","Barcelona vs non-elite La Liga teams",-0.0678795989482069,0.090734849732398,-0.748109454618622,0.463101146993043,-0.25714917888315,0.121389980986736,0.083913468658357,14510,14510,0,7255,21,714,724,731,12341,20,2.08596344726586,2.49793246037218,1.49461869219841,2.48399643464873,1.49521357612775,"opp_yellow","Yellow cards to opponent",1,-0.0678795989482069,-0.25714917888315,0.121389980986736,"L3","L3: same-match style instead of lagged style (descriptive)","L1 + natural splines of same-match own possession (df 5), own shots (df 3), opponent shots (df 3); endogenous to decisions","season; opponent; win-probability ventile","OLS (feols)","conditional mean difference per match, La Liga","common",-2.73267698783174,"20261003-175015","17-barcelona-style-adjusted-decisions.R","4237598ec443fe56d60744856219d211",0.95,"cluster: season (t with G-1 df)","two-way cluster: match + team-season (SE only)"
"madrid","Real Madrid vs non-elite La Liga teams",0.00662529293455708,0.0884340368320426,0.0749179068590988,0.94102432762734,-0.177844875391247,0.191095461260361,0.0838362866309782,14510,14510,0,7255,21,714,724,731,12341,20,2.08596344726586,2.49793246037218,1.49461869219841,2.48399643464873,1.49521357612775,"opp_yellow","Yellow cards to opponent",1,0.00662529293455708,-0.177844875391247,0.191095461260361,"L3","L3: same-match style instead of lagged style (descriptive)","L1 + natural splines of same-match own possession (df 5), own shots (df 3), opponent shots (df 3); endogenous to decisions","season; opponent; win-probability ventile","OLS (feols)","conditional mean difference per match, La Liga","common",-2.73267698783174,"20261003-175015","17-barcelona-style-adjusted-decisions.R","4237598ec443fe56d60744856219d211",0.95,"cluster: season (t with G-1 df)","two-way cluster: match + team-season (SE only)"
"barca_minus_madrid","Barcelona minus Real Madrid",-0.074504891882764,0.0781114292841019,-0.95382830100035,0.351557600785011,-0.237442478183093,0.0884326944175651,0.0953238684722628,14510,14510,0,7255,21,714,724,731,12341,20,2.08596344726586,2.49793246037218,1.49461869219841,2.48399643464873,1.49521357612775,"opp_yellow","Yellow cards to opponent",1,-0.074504891882764,-0.237442478183093,0.0884326944175651,"L3","L3: same-match style instead of lagged style (descriptive)","L1 + natural splines of same-match own possession (df 5), own shots (df 3), opponent shots (df 3); endogenous to decisions","season; opponent; win-probability ventile","OLS (feols)","conditional mean difference per match, La Liga","common",-2.73267698783174,"20261003-175015","17-barcelona-style-adjusted-decisions.R","4237598ec443fe56d60744856219d211",0.95,"cluster: season (t with G-1 df)","two-way cluster: match + team-season (SE only)"
"barca","Barcelona vs non-elite La Liga teams",-0.076418029700336,0.0767410616693639,-0.995790624184747,0.331247969868031,-0.236497079247005,0.0836610198463326,0.0728565895281709,14510,14510,0,7255,21,714,724,731,12341,20,2.08596344726586,2.49793246037218,1.49461869219841,2.48399643464873,1.49521357612775,"opp_yellow","Yellow cards to opponent",1,-0.076418029700336,-0.236497079247005,0.0836610198463326,"L4","L4: + called fouls, both teams (card severity)","L3 + natural splines of own and opponent fouls called (df 4); cards per foul are not modelled as binomial","season; opponent; win-probability ventile","OLS (feols)","conditional mean difference per match, La Liga","common",-3.07641462903881,"20261003-175015","17-barcelona-style-adjusted-decisions.R","4237598ec443fe56d60744856219d211",0.95,"cluster: season (t with G-1 df)","two-way cluster: match + team-season (SE only)"
"madrid","Real Madrid vs non-elite La Liga teams",-0.0516064090188781,0.0824689389567864,-0.62576783055157,0.538543475960761,-0.223633601217535,0.120420783179778,0.0750704611280541,14510,14510,0,7255,21,714,724,731,12341,20,2.08596344726586,2.49793246037218,1.49461869219841,2.48399643464873,1.49521357612775,"opp_yellow","Yellow cards to opponent",1,-0.0516064090188781,-0.223633601217535,0.120420783179778,"L4","L4: + called fouls, both teams (card severity)","L3 + natural splines of own and opponent fouls called (df 4); cards per foul are not modelled as binomial","season; opponent; win-probability ventile","OLS (feols)","conditional mean difference per match, La Liga","common",-3.07641462903881,"20261003-175015","17-barcelona-style-adjusted-decisions.R","4237598ec443fe56d60744856219d211",0.95,"cluster: season (t with G-1 df)","two-way cluster: match + team-season (SE only)"
"barca_minus_madrid","Barcelona minus Real Madrid",-0.0248116206814579,0.0681898764593711,-0.363860765992753,0.719780144450267,-0.167053210449281,0.117429969086365,0.0841880418851219,14510,14510,0,7255,21,714,724,731,12341,20,2.08596344726586,2.49793246037218,1.49461869219841,2.48399643464873,1.49521357612775,"opp_yellow","Yellow cards to opponent",1,-0.0248116206814579,-0.167053210449281,0.117429969086365,"L4","L4: + called fouls, both teams (card severity)","L3 + natural splines of own and opponent fouls called (df 4); cards per foul are not modelled as binomial","season; opponent; win-probability ventile","OLS (feols)","conditional mean difference per match, La Liga","common",-3.07641462903881,"20261003-175015","17-barcelona-style-adjusted-decisions.R","4237598ec443fe56d60744856219d211",0.95,"cluster: season (t with G-1 df)","two-way cluster: match + team-season (SE only)"
"barca","Barcelona vs non-elite La Liga teams",0.783126863904949,0.110984789661482,7.05616387879443,7.65774828968228e-07,0.551616649468606,1.01463707834129,0.106171875310027,14510,14510,0,7255,21,714,724,731,12341,20,2.08596344726586,0,1.9386482099482,-0.0660400291710544,1.9474285371514,"net_yellow","Net yellow cards (opp. - own)",1,0.783126863904949,0.551616649468606,1.01463707834129,"L0","L0: raw difference","none","none","OLS (feols)","conditional mean difference per match, La Liga","common",NA,"20261003-175015","17-barcelona-style-adjusted-decisions.R","4237598ec443fe56d60744856219d211",0.95,"cluster: season (t with G-1 df)","two-way cluster: match + team-season (SE only)"
"madrid","Real Madrid vs non-elite La Liga teams",0.595045554032934,0.0910239115853151,6.53724437534426,2.26825472533566e-06,0.405173001638807,0.784918106427062,0.0871921166019601,14510,14510,0,7255,21,714,724,731,12341,20,2.08596344726586,0,1.9386482099482,-0.0660400291710544,1.9474285371514,"net_yellow","Net yellow cards (opp. - own)",1,0.595045554032934,0.405173001638807,0.784918106427062,"L0","L0: raw difference","none","none","OLS (feols)","conditional mean difference per match, La Liga","common",NA,"20261003-175015","17-barcelona-style-adjusted-decisions.R","4237598ec443fe56d60744856219d211",0.95,"cluster: season (t with G-1 df)","two-way cluster: match + team-season (SE only)"
"barca_minus_madrid","Barcelona minus Real Madrid",0.188081309872015,0.125477043344106,1.49893004217691,0.149511231456099,-0.0736592160147851,0.449821835758815,0.132860057710759,14510,14510,0,7255,21,714,724,731,12341,20,2.08596344726586,0,1.9386482099482,-0.0660400291710544,1.9474285371514,"net_yellow","Net yellow cards (opp. - own)",1,0.188081309872015,-0.0736592160147851,0.449821835758815,"L0","L0: raw difference","none","none","OLS (feols)","conditional mean difference per match, La Liga","common",NA,"20261003-175015","17-barcelona-style-adjusted-decisions.R","4237598ec443fe56d60744856219d211",0.95,"cluster: season (t with G-1 df)","two-way cluster: match + team-season (SE only)"
"barca","Barcelona vs non-elite La Liga teams",-0.0390600625360628,0.105728286839754,-0.369438148518037,0.71568381339198,-0.259605404225831,0.181485279153705,0.117923594557767,14510,14510,0,7255,21,714,724,731,12341,20,2.08596344726586,0,1.9386482099482,-0.0660400291710544,1.9474285371514,"net_yellow","Net yellow cards (opp. - own)",1,-0.0390600625360628,-0.259605404225831,0.181485279153705,"L1","L1: + home, season, opponent, win-probability FE","home; season FE; opponent FE; pre-match win-probability ventile FE","season; opponent; win-probability ventile","OLS (feols)","conditional mean difference per match, La Liga","common",NA,"20261003-175015","17-barcelona-style-adjusted-decisions.R","4237598ec443fe56d60744856219d211",0.95,"cluster: season (t with G-1 df)","two-way cluster: match + team-season (SE only)"
"madrid","Real Madrid vs non-elite La Liga teams",-0.148805414473138,0.100466429035173,-1.48114565136023,0.154151235545703,-0.358374713117839,0.0607638841715639,0.100609796933682,14510,14510,0,7255,21,714,724,731,12341,20,2.08596344726586,0,1.9386482099482,-0.0660400291710544,1.9474285371514,"net_yellow","Net yellow cards (opp. - own)",1,-0.148805414473138,-0.358374713117839,0.0607638841715639,"L1","L1: + home, season, opponent, win-probability FE","home; season FE; opponent FE; pre-match win-probability ventile FE","season; opponent; win-probability ventile","OLS (feols)","conditional mean difference per match, La Liga","common",NA,"20261003-175015","17-barcelona-style-adjusted-decisions.R","4237598ec443fe56d60744856219d211",0.95,"cluster: season (t with G-1 df)","two-way cluster: match + team-season (SE only)"
"barca_minus_madrid","Barcelona minus Real Madrid",0.109745351937075,0.112154179382094,0.978522178502042,0.339505022809162,-0.124204166712071,0.343694870586221,0.111638386900918,14510,14510,0,7255,21,714,724,731,12341,20,2.08596344726586,0,1.9386482099482,-0.0660400291710544,1.9474285371514,"net_yellow","Net yellow cards (opp. - own)",1,0.109745351937075,-0.124204166712071,0.343694870586221,"L1","L1: + home, season, opponent, win-probability FE","home; season FE; opponent FE; pre-match win-probability ventile FE","season; opponent; win-probability ventile","OLS (feols)","conditional mean difference per match, La Liga","common",NA,"20261003-175015","17-barcelona-style-adjusted-decisions.R","4237598ec443fe56d60744856219d211",0.95,"cluster: season (t with G-1 df)","two-way cluster: match + team-season (SE only)"
"barca","Barcelona vs non-elite La Liga teams",-0.39162941794904,0.208709716174269,-1.8764311749724,0.0752659283664101,-0.826990256977799,0.0437314210797192,0.217728645639687,14510,14510,0,7255,21,714,724,731,12341,20,2.08596344726586,0,1.9386482099482,-0.0660400291710544,1.9474285371514,"net_yellow","Net yellow cards (opp. - own)",1,-0.39162941794904,-0.826990256977799,0.0437314210797192,"L2","L2: + prior-match style (lagged possession, shots; both teams)","L1 + natural splines of season-to-date prior-match possession (df 4) and shots (df 3), own and opponent","season; opponent; win-probability ventile","OLS (feols)","conditional mean difference per match, La Liga","common",NA,"20261003-175015","17-barcelona-style-adjusted-decisions.R","4237598ec443fe56d60744856219d211",0.95,"cluster: season (t with G-1 df)","two-way cluster: match + team-season (SE only)"
"madrid","Real Madrid vs non-elite La Liga teams",-0.296083694043279,0.103152565754115,-2.87034735276538,0.00945908467056236,-0.511256175698051,-0.0809112123885076,0.124746984467313,14510,14510,0,7255,21,714,724,731,12341,20,2.08596344726586,0,1.9386482099482,-0.0660400291710544,1.9474285371514,"net_yellow","Net yellow cards (opp. - own)",1,-0.296083694043279,-0.511256175698051,-0.0809112123885076,"L2","L2: + prior-match style (lagged possession, shots; both teams)","L1 + natural splines of season-to-date prior-match possession (df 4) and shots (df 3), own and opponent","season; opponent; win-probability ventile","OLS (feols)","conditional mean difference per match, La Liga","common",NA,"20261003-175015","17-barcelona-style-adjusted-decisions.R","4237598ec443fe56d60744856219d211",0.95,"cluster: season (t with G-1 df)","two-way cluster: match + team-season (SE only)"
"barca_minus_madrid","Barcelona minus Real Madrid",-0.0955457239057607,0.21510225076024,-0.44418746697476,0.661675983508792,-0.544241156416238,0.353149708604717,0.206998045282127,14510,14510,0,7255,21,714,724,731,12341,20,2.08596344726586,0,1.9386482099482,-0.0660400291710544,1.9474285371514,"net_yellow","Net yellow cards (opp. - own)",1,-0.0955457239057607,-0.544241156416238,0.353149708604717,"L2","L2: + prior-match style (lagged possession, shots; both teams)","L1 + natural splines of season-to-date prior-match possession (df 4) and shots (df 3), own and opponent","season; opponent; win-probability ventile","OLS (feols)","conditional mean difference per match, La Liga","common",NA,"20261003-175015","17-barcelona-style-adjusted-decisions.R","4237598ec443fe56d60744856219d211",0.95,"cluster: season (t with G-1 df)","two-way cluster: match + team-season (SE only)"
"barca","Barcelona vs non-elite La Liga teams",-0.112257753145647,0.110682562545421,-1.01423160581036,0.322585745072433,-0.343137532865113,0.118622026573819,0.121305411426825,14510,14510,0,7255,21,714,724,731,12341,20,2.08596344726586,0,1.9386482099482,-0.0660400291710544,1.9474285371514,"net_yellow","Net yellow cards (opp. - own)",1,-0.112257753145647,-0.343137532865113,0.118622026573819,"L3","L3: same-match style instead of lagged style (descriptive)","L1 + natural splines of same-match own possession (df 5), own shots (df 3), opponent shots (df 3); endogenous to decisions","season; opponent; win-probability ventile","OLS (feols)","conditional mean difference per match, La Liga","common",NA,"20261003-175015","17-barcelona-style-adjusted-decisions.R","4237598ec443fe56d60744856219d211",0.95,"cluster: season (t with G-1 df)","two-way cluster: match + team-season (SE only)"
"madrid","Real Madrid vs non-elite La Liga teams",-0.167028879024625,0.100030943873535,-1.6697720980799,0.110542530133308,-0.375689771540322,0.0416320134910725,0.0987259599270132,14510,14510,0,7255,21,714,724,731,12341,20,2.08596344726586,0,1.9386482099482,-0.0660400291710544,1.9474285371514,"net_yellow","Net yellow cards (opp. - own)",1,-0.167028879024625,-0.375689771540322,0.0416320134910725,"L3","L3: same-match style instead of lagged style (descriptive)","L1 + natural splines of same-match own possession (df 5), own shots (df 3), opponent shots (df 3); endogenous to decisions","season; opponent; win-probability ventile","OLS (feols)","conditional mean difference per match, La Liga","common",NA,"20261003-175015","17-barcelona-style-adjusted-decisions.R","4237598ec443fe56d60744856219d211",0.95,"cluster: season (t with G-1 df)","two-way cluster: match + team-season (SE only)"
"barca_minus_madrid","Barcelona minus Real Madrid",0.0547711258789772,0.114705400129528,0.477493874020998,0.638187303414286,-0.184500145995224,0.294042397753178,0.113807965223209,14510,14510,0,7255,21,714,724,731,12341,20,2.08596344726586,0,1.9386482099482,-0.0660400291710544,1.9474285371514,"net_yellow","Net yellow cards (opp. - own)",1,0.0547711258789772,-0.184500145995224,0.294042397753178,"L3","L3: same-match style instead of lagged style (descriptive)","L1 + natural splines of same-match own possession (df 5), own shots (df 3), opponent shots (df 3); endogenous to decisions","season; opponent; win-probability ventile","OLS (feols)","conditional mean difference per match, La Liga","common",NA,"20261003-175015","17-barcelona-style-adjusted-decisions.R","4237598ec443fe56d60744856219d211",0.95,"cluster: season (t with G-1 df)","two-way cluster: match + team-season (SE only)"
"barca","Barcelona vs non-elite La Liga teams",-0.191033843218823,0.112171952048752,-1.70304465358502,0.104051003863434,-0.42502043500098,0.0429527485633338,0.107434287405486,14510,14510,0,7255,21,714,724,731,12341,20,2.08596344726586,0,1.9386482099482,-0.0660400291710544,1.9474285371514,"net_yellow","Net yellow cards (opp. - own)",1,-0.191033843218823,-0.42502043500098,0.0429527485633338,"L4","L4: + called fouls, both teams (card severity)","L3 + natural splines of own and opponent fouls called (df 4); cards per foul are not modelled as binomial","season; opponent; win-probability ventile","OLS (feols)","conditional mean difference per match, La Liga","common",NA,"20261003-175015","17-barcelona-style-adjusted-decisions.R","4237598ec443fe56d60744856219d211",0.95,"cluster: season (t with G-1 df)","two-way cluster: match + team-season (SE only)"
"madrid","Real Madrid vs non-elite La Liga teams",-0.214772989048996,0.076750736652846,-2.79831827569868,0.0110982659650141,-0.374872220257561,-0.0546737578404306,0.0848060696239959,14510,14510,0,7255,21,714,724,731,12341,20,2.08596344726586,0,1.9386482099482,-0.0660400291710544,1.9474285371514,"net_yellow","Net yellow cards (opp. - own)",1,-0.214772989048996,-0.374872220257561,-0.0546737578404306,"L4","L4: + called fouls, both teams (card severity)","L3 + natural splines of own and opponent fouls called (df 4); cards per foul are not modelled as binomial","season; opponent; win-probability ventile","OLS (feols)","conditional mean difference per match, La Liga","common",NA,"20261003-175015","17-barcelona-style-adjusted-decisions.R","4237598ec443fe56d60744856219d211",0.95,"cluster: season (t with G-1 df)","two-way cluster: match + team-season (SE only)"
"barca_minus_madrid","Barcelona minus Real Madrid",0.0237391458301729,0.0977787376914421,0.242784335231305,0.810644989076201,-0.180223726913972,0.227702018574318,0.104583299338572,14510,14510,0,7255,21,714,724,731,12341,20,2.08596344726586,0,1.9386482099482,-0.0660400291710544,1.9474285371514,"net_yellow","Net yellow cards (opp. - own)",1,0.0237391458301729,-0.180223726913972,0.227702018574318,"L4","L4: + called fouls, both teams (card severity)","L3 + natural splines of own and opponent fouls called (df 4); cards per foul are not modelled as binomial","season; opponent; win-probability ventile","OLS (feols)","conditional mean difference per match, La Liga","common",NA,"20261003-175015","17-barcelona-style-adjusted-decisions.R","4237598ec443fe56d60744856219d211",0.95,"cluster: season (t with G-1 df)","two-way cluster: match + team-season (SE only)"
"barca","Barcelona vs non-elite La Liga teams",4.08260207089075,0.343644931028816,11.8802918427114,1.62273508434999e-10,3.36577130592644,4.79943283585506,0.35173146995869,14510,14510,0,7255,21,714,724,731,12341,20,2.08596344726586,0,6.0406188214527,-0.331901790778696,5.99854473346375,"net_fouls","Net fouls (opp. - own)",1,4.08260207089075,3.36577130592644,4.79943283585506,"L0","L0: raw difference","none","none","OLS (feols)","conditional mean difference per match, La Liga","common",NA,"20261003-175015","17-barcelona-style-adjusted-decisions.R","4237598ec443fe56d60744856219d211",0.95,"cluster: season (t with G-1 df)","two-way cluster: match + team-season (SE only)"
"madrid","Real Madrid vs non-elite La Liga teams",2.66339350348589,0.451670908235974,5.89675680881889,9.0917818113404e-06,1.72122449871227,3.6055625082595,0.434841155937486,14510,14510,0,7255,21,714,724,731,12341,20,2.08596344726586,0,6.0406188214527,-0.331901790778696,5.99854473346375,"net_fouls","Net fouls (opp. - own)",1,2.66339350348589,1.72122449871227,3.6055625082595,"L0","L0: raw difference","none","none","OLS (feols)","conditional mean difference per match, La Liga","common",NA,"20261003-175015","17-barcelona-style-adjusted-decisions.R","4237598ec443fe56d60744856219d211",0.95,"cluster: season (t with G-1 df)","two-way cluster: match + team-season (SE only)"
"barca_minus_madrid","Barcelona minus Real Madrid",1.41920856740486,0.603825739483658,2.35036116317011,0.0291288939938305,0.159650146323672,2.67876698848605,0.535585085513718,14510,14510,0,7255,21,714,724,731,12341,20,2.08596344726586,0,6.0406188214527,-0.331901790778696,5.99854473346375,"net_fouls","Net fouls (opp. - own)",1,1.41920856740486,0.159650146323672,2.67876698848605,"L0","L0: raw difference","none","none","OLS (feols)","conditional mean difference per match, La Liga","common",NA,"20261003-175015","17-barcelona-style-adjusted-decisions.R","4237598ec443fe56d60744856219d211",0.95,"cluster: season (t with G-1 df)","two-way cluster: match + team-season (SE only)"
"barca","Barcelona vs non-elite La Liga teams",1.88863230886458,0.416287981985365,4.5368408183616,0.000200783764846074,1.02027079490704,2.75699382282212,0.457873506685453,14510,14510,0,7255,21,714,724,731,12341,20,2.08596344726586,0,6.0406188214527,-0.331901790778696,5.99854473346375,"net_fouls","Net fouls (opp. - own)",1,1.88863230886458,1.02027079490704,2.75699382282212,"L1","L1: + home, season, opponent, win-probability FE","home; season FE; opponent FE; pre-match win-probability ventile FE","season; opponent; win-probability ventile","OLS (feols)","conditional mean difference per match, La Liga","common",NA,"20261003-175015","17-barcelona-style-adjusted-decisions.R","4237598ec443fe56d60744856219d211",0.95,"cluster: season (t with G-1 df)","two-way cluster: match + team-season (SE only)"
"madrid","Real Madrid vs non-elite La Liga teams",0.696375331630232,0.6677817111959,1.04281881332618,0.309474248383456,-0.696592908677064,2.08934357193753,0.538593583378409,14510,14510,0,7255,21,714,724,731,12341,20,2.08596344726586,0,6.0406188214527,-0.331901790778696,5.99854473346375,"net_fouls","Net fouls (opp. - own)",1,0.696375331630232,-0.696592908677064,2.08934357193753,"L1","L1: + home, season, opponent, win-probability FE","home; season FE; opponent FE; pre-match win-probability ventile FE","season; opponent; win-probability ventile","OLS (feols)","conditional mean difference per match, La Liga","common",NA,"20261003-175015","17-barcelona-style-adjusted-decisions.R","4237598ec443fe56d60744856219d211",0.95,"cluster: season (t with G-1 df)","two-way cluster: match + team-season (SE only)"
"barca_minus_madrid","Barcelona minus Real Madrid",1.19225697723435,0.538757750174169,2.21297415554378,0.0386908691400795,0.0684280034398352,2.31608595102886,0.488483257718096,14510,14510,0,7255,21,714,724,731,12341,20,2.08596344726586,0,6.0406188214527,-0.331901790778696,5.99854473346375,"net_fouls","Net fouls (opp. - own)",1,1.19225697723435,0.0684280034398352,2.31608595102886,"L1","L1: + home, season, opponent, win-probability FE","home; season FE; opponent FE; pre-match win-probability ventile FE","season; opponent; win-probability ventile","OLS (feols)","conditional mean difference per match, La Liga","common",NA,"20261003-175015","17-barcelona-style-adjusted-decisions.R","4237598ec443fe56d60744856219d211",0.95,"cluster: season (t with G-1 df)","two-way cluster: match + team-season (SE only)"
"barca","Barcelona vs non-elite La Liga teams",0.54620012511994,0.847626452749183,0.644387776417783,0.526646302338735,-1.22191767225048,2.31431792249036,0.870930085955792,14510,14510,0,7255,21,714,724,731,12341,20,2.08596344726586,0,6.0406188214527,-0.331901790778696,5.99854473346375,"net_fouls","Net fouls (opp. - own)",1,0.54620012511994,-1.22191767225048,2.31431792249036,"L2","L2: + prior-match style (lagged possession, shots; both teams)","L1 + natural splines of season-to-date prior-match possession (df 4) and shots (df 3), own and opponent","season; opponent; win-probability ventile","OLS (feols)","conditional mean difference per match, La Liga","common",NA,"20261003-175015","17-barcelona-style-adjusted-decisions.R","4237598ec443fe56d60744856219d211",0.95,"cluster: season (t with G-1 df)","two-way cluster: match + team-season (SE only)"
"madrid","Real Madrid vs non-elite La Liga teams",0.400377030372109,0.83389695676616,0.480127702977553,0.636345996633393,-1.33910154022834,2.13985560097256,0.713991838793363,14510,14510,0,7255,21,714,724,731,12341,20,2.08596344726586,0,6.0406188214527,-0.331901790778696,5.99854473346375,"net_fouls","Net fouls (opp. - own)",1,0.400377030372109,-1.33910154022834,2.13985560097256,"L2","L2: + prior-match style (lagged possession, shots; both teams)","L1 + natural splines of season-to-date prior-match possession (df 4) and shots (df 3), own and opponent","season; opponent; win-probability ventile","OLS (feols)","conditional mean difference per match, La Liga","common",NA,"20261003-175015","17-barcelona-style-adjusted-decisions.R","4237598ec443fe56d60744856219d211",0.95,"cluster: season (t with G-1 df)","two-way cluster: match + team-season (SE only)"
"barca_minus_madrid","Barcelona minus Real Madrid",0.145823094747831,0.968246673052549,0.150605314540458,0.881795669417666,-1.87390407317657,2.16555026267223,0.797554689925883,14510,14510,0,7255,21,714,724,731,12341,20,2.08596344726586,0,6.0406188214527,-0.331901790778696,5.99854473346375,"net_fouls","Net fouls (opp. - own)",1,0.145823094747831,-1.87390407317657,2.16555026267223,"L2","L2: + prior-match style (lagged possession, shots; both teams)","L1 + natural splines of season-to-date prior-match possession (df 4) and shots (df 3), own and opponent","season; opponent; win-probability ventile","OLS (feols)","conditional mean difference per match, La Liga","common",NA,"20261003-175015","17-barcelona-style-adjusted-decisions.R","4237598ec443fe56d60744856219d211",0.95,"cluster: season (t with G-1 df)","two-way cluster: match + team-season (SE only)"
"barca","Barcelona vs non-elite La Liga teams",0.767909334556571,0.4562532951936,1.68307679669629,0.10790653992887,-0.183818361911881,1.71963703102502,0.476620791570266,14510,14510,0,7255,21,714,724,731,12341,20,2.08596344726586,0,6.0406188214527,-0.331901790778696,5.99854473346375,"net_fouls","Net fouls (opp. - own)",1,0.767909334556571,-0.183818361911881,1.71963703102502,"L3","L3: same-match style instead of lagged style (descriptive)","L1 + natural splines of same-match own possession (df 5), own shots (df 3), opponent shots (df 3); endogenous to decisions","season; opponent; win-probability ventile","OLS (feols)","conditional mean difference per match, La Liga","common",NA,"20261003-175015","17-barcelona-style-adjusted-decisions.R","4237598ec443fe56d60744856219d211",0.95,"cluster: season (t with G-1 df)","two-way cluster: match + team-season (SE only)"
"madrid","Real Madrid vs non-elite La Liga teams",0.44157562608989,0.671149427970498,0.657939361470036,0.518079172345039,-0.958417548309964,1.84156880048974,0.527951470893654,14510,14510,0,7255,21,714,724,731,12341,20,2.08596344726586,0,6.0406188214527,-0.331901790778696,5.99854473346375,"net_fouls","Net fouls (opp. - own)",1,0.44157562608989,-0.958417548309964,1.84156880048974,"L3","L3: same-match style instead of lagged style (descriptive)","L1 + natural splines of same-match own possession (df 5), own shots (df 3), opponent shots (df 3); endogenous to decisions","season; opponent; win-probability ventile","OLS (feols)","conditional mean difference per match, La Liga","common",NA,"20261003-175015","17-barcelona-style-adjusted-decisions.R","4237598ec443fe56d60744856219d211",0.95,"cluster: season (t with G-1 df)","two-way cluster: match + team-season (SE only)"
"barca_minus_madrid","Barcelona minus Real Madrid",0.326333708466681,0.538860036259647,0.605600130846295,0.551591524074471,-0.7977086303633,1.45037604729666,0.49842434674457,14510,14510,0,7255,21,714,724,731,12341,20,2.08596344726586,0,6.0406188214527,-0.331901790778696,5.99854473346375,"net_fouls","Net fouls (opp. - own)",1,0.326333708466681,-0.7977086303633,1.45037604729666,"L3","L3: same-match style instead of lagged style (descriptive)","L1 + natural splines of same-match own possession (df 5), own shots (df 3), opponent shots (df 3); endogenous to decisions","season; opponent; win-probability ventile","OLS (feols)","conditional mean difference per match, La Liga","common",NA,"20261003-175015","17-barcelona-style-adjusted-decisions.R","4237598ec443fe56d60744856219d211",0.95,"cluster: season (t with G-1 df)","two-way cluster: match + team-season (SE only)"
"barca","Barcelona vs non-elite La Liga teams",0.0730841400655554,0.0215733033595795,3.38771206464784,0.00292300070016723,0.0280830178206946,0.118085262310416,0.0208901055128454,14510,14510,0,7255,21,714,724,731,12341,20,2.08596344726586,0,0.534817128639521,-0.00445668908516319,0.538076507163134,"net_red","Net red cards (opp. - own)",1,0.0730841400655554,0.0280830178206946,0.118085262310416,"L0","L0: raw difference","none","none","OLS (feols)","conditional mean difference per match, La Liga","common",NA,"20261003-175015","17-barcelona-style-adjusted-decisions.R","4237598ec443fe56d60744856219d211",0.95,"cluster: season (t with G-1 df)","two-way cluster: match + team-season (SE only)"
"madrid","Real Madrid vs non-elite La Liga teams",0.0113627664332296,0.0209267469085599,0.542978155318625,0.593145251861764,-0.0322896626882103,0.0550151955546694,0.0203474509665411,14510,14510,0,7255,21,714,724,731,12341,20,2.08596344726586,0,0.534817128639521,-0.00445668908516319,0.538076507163134,"net_red","Net red cards (opp. - own)",1,0.0113627664332296,-0.0322896626882103,0.0550151955546694,"L0","L0: raw difference","none","none","OLS (feols)","conditional mean difference per match, La Liga","common",NA,"20261003-175015","17-barcelona-style-adjusted-decisions.R","4237598ec443fe56d60744856219d211",0.95,"cluster: season (t with G-1 df)","two-way cluster: match + team-season (SE only)"
"barca_minus_madrid","Barcelona minus Real Madrid",0.0617213736323259,0.0295076388152935,2.09170832063785,0.049429975436637,0.000169517648500102,0.123273229616152,0.0285822624983838,14510,14510,0,7255,21,714,724,731,12341,20,2.08596344726586,0,0.534817128639521,-0.00445668908516319,0.538076507163134,"net_red","Net red cards (opp. - own)",1,0.0617213736323259,0.000169517648500102,0.123273229616152,"L0","L0: raw difference","none","none","OLS (feols)","conditional mean difference per match, La Liga","common",NA,"20261003-175015","17-barcelona-style-adjusted-decisions.R","4237598ec443fe56d60744856219d211",0.95,"cluster: season (t with G-1 df)","two-way cluster: match + team-season (SE only)"
"barca","Barcelona vs non-elite La Liga teams",-0.03772240853404,0.0314790381194716,-1.19833421818269,0.244794764901138,-0.103386531406347,0.0279417143382666,0.0293953732226667,14510,14510,0,7255,21,714,724,731,12341,20,2.08596344726586,0,0.534817128639521,-0.00445668908516319,0.538076507163134,"net_red","Net red cards (opp. - own)",1,-0.03772240853404,-0.103386531406347,0.0279417143382666,"L1","L1: + home, season, opponent, win-probability FE","home; season FE; opponent FE; pre-match win-probability ventile FE","season; opponent; win-probability ventile","OLS (feols)","conditional mean difference per match, La Liga","common",NA,"20261003-175015","17-barcelona-style-adjusted-decisions.R","4237598ec443fe56d60744856219d211",0.95,"cluster: season (t with G-1 df)","two-way cluster: match + team-season (SE only)"
"madrid","Real Madrid vs non-elite La Liga teams",-0.0848869772729752,0.0245204341971583,-3.46188719948576,0.00246300601319004,-0.136035706719335,-0.033738247826615,0.0256242385871841,14510,14510,0,7255,21,714,724,731,12341,20,2.08596344726586,0,0.534817128639521,-0.00445668908516319,0.538076507163134,"net_red","Net red cards (opp. - own)",1,-0.0848869772729752,-0.136035706719335,-0.033738247826615,"L1","L1: + home, season, opponent, win-probability FE","home; season FE; opponent FE; pre-match win-probability ventile FE","season; opponent; win-probability ventile","OLS (feols)","conditional mean difference per match, La Liga","common",NA,"20261003-175015","17-barcelona-style-adjusted-decisions.R","4237598ec443fe56d60744856219d211",0.95,"cluster: season (t with G-1 df)","two-way cluster: match + team-season (SE only)"
"barca_minus_madrid","Barcelona minus Real Madrid",0.0471645687389352,0.029139528299429,1.61857694655474,0.121201060520173,-0.0136194221642429,0.107948559642113,0.025866654728505,14510,14510,0,7255,21,714,724,731,12341,20,2.08596344726586,0,0.534817128639521,-0.00445668908516319,0.538076507163134,"net_red","Net red cards (opp. - own)",1,0.0471645687389352,-0.0136194221642429,0.107948559642113,"L1","L1: + home, season, opponent, win-probability FE","home; season FE; opponent FE; pre-match win-probability ventile FE","season; opponent; win-probability ventile","OLS (feols)","conditional mean difference per match, La Liga","common",NA,"20261003-175015","17-barcelona-style-adjusted-decisions.R","4237598ec443fe56d60744856219d211",0.95,"cluster: season (t with G-1 df)","two-way cluster: match + team-season (SE only)"
"barca","Barcelona vs non-elite La Liga teams",-0.0835797088725313,0.0514001081895963,-1.62606095232789,0.119590823402079,-0.19079845574154,0.0236390379964774,0.0515862700946328,14510,14510,0,7255,21,714,724,731,12341,20,2.08596344726586,0,0.534817128639521,-0.00445668908516319,0.538076507163134,"net_red","Net red cards (opp. - own)",1,-0.0835797088725313,-0.19079845574154,0.0236390379964774,"L2","L2: + prior-match style (lagged possession, shots; both teams)","L1 + natural splines of season-to-date prior-match possession (df 4) and shots (df 3), own and opponent","season; opponent; win-probability ventile","OLS (feols)","conditional mean difference per match, La Liga","common",NA,"20261003-175015","17-barcelona-style-adjusted-decisions.R","4237598ec443fe56d60744856219d211",0.95,"cluster: season (t with G-1 df)","two-way cluster: match + team-season (SE only)"
"madrid","Real Madrid vs non-elite La Liga teams",-0.121104895747823,0.0292852691532755,-4.13535197897534,0.000512640077939997,-0.182192896744899,-0.060016894750748,0.0309534160197911,14510,14510,0,7255,21,714,724,731,12341,20,2.08596344726586,0,0.534817128639521,-0.00445668908516319,0.538076507163134,"net_red","Net red cards (opp. - own)",1,-0.121104895747823,-0.182192896744899,-0.060016894750748,"L2","L2: + prior-match style (lagged possession, shots; both teams)","L1 + natural splines of season-to-date prior-match possession (df 4) and shots (df 3), own and opponent","season; opponent; win-probability ventile","OLS (feols)","conditional mean difference per match, La Liga","common",NA,"20261003-175015","17-barcelona-style-adjusted-decisions.R","4237598ec443fe56d60744856219d211",0.95,"cluster: season (t with G-1 df)","two-way cluster: match + team-season (SE only)"
"barca_minus_madrid","Barcelona minus Real Madrid",0.037525186875292,0.0482874067968748,0.777121600941318,0.446182096102148,-0.0632005786662461,0.13825095241683,0.0467840581710896,14510,14510,0,7255,21,714,724,731,12341,20,2.08596344726586,0,0.534817128639521,-0.00445668908516319,0.538076507163134,"net_red","Net red cards (opp. - own)",1,0.037525186875292,-0.0632005786662461,0.13825095241683,"L2","L2: + prior-match style (lagged possession, shots; both teams)","L1 + natural splines of season-to-date prior-match possession (df 4) and shots (df 3), own and opponent","season; opponent; win-probability ventile","OLS (feols)","conditional mean difference per match, La Liga","common",NA,"20261003-175015","17-barcelona-style-adjusted-decisions.R","4237598ec443fe56d60744856219d211",0.95,"cluster: season (t with G-1 df)","two-way cluster: match + team-season (SE only)"
"barca","Barcelona vs non-elite La Liga teams",-0.148782549799648,0.0352023257394719,-4.2264977291776,0.000414245264778512,-0.222213314550932,-0.0753517850483633,0.0334460099461222,14510,14510,0,7255,21,714,724,731,12341,20,2.08596344726586,0,0.534817128639521,-0.00445668908516319,0.538076507163134,"net_red","Net red cards (opp. - own)",1,-0.148782549799648,-0.222213314550932,-0.0753517850483633,"L3","L3: same-match style instead of lagged style (descriptive)","L1 + natural splines of same-match own possession (df 5), own shots (df 3), opponent shots (df 3); endogenous to decisions","season; opponent; win-probability ventile","OLS (feols)","conditional mean difference per match, La Liga","common",NA,"20261003-175015","17-barcelona-style-adjusted-decisions.R","4237598ec443fe56d60744856219d211",0.95,"cluster: season (t with G-1 df)","two-way cluster: match + team-season (SE only)"
"madrid","Real Madrid vs non-elite La Liga teams",-0.113279295150286,0.0241443111869823,-4.69175924187732,0.000140073610118847,-0.163643445745744,-0.0629151445548289,0.0244262368628717,14510,14510,0,7255,21,714,724,731,12341,20,2.08596344726586,0,0.534817128639521,-0.00445668908516319,0.538076507163134,"net_red","Net red cards (opp. - own)",1,-0.113279295150286,-0.163643445745744,-0.0629151445548289,"L3","L3: same-match style instead of lagged style (descriptive)","L1 + natural splines of same-match own possession (df 5), own shots (df 3), opponent shots (df 3); endogenous to decisions","season; opponent; win-probability ventile","OLS (feols)","conditional mean difference per match, La Liga","common",NA,"20261003-175015","17-barcelona-style-adjusted-decisions.R","4237598ec443fe56d60744856219d211",0.95,"cluster: season (t with G-1 df)","two-way cluster: match + team-season (SE only)"
"barca_minus_madrid","Barcelona minus Real Madrid",-0.0355032546493615,0.0366552450439454,-0.968572290453854,0.344326662113612,-0.111964755961605,0.0409582466628819,0.0305592205996244,14510,14510,0,7255,21,714,724,731,12341,20,2.08596344726586,0,0.534817128639521,-0.00445668908516319,0.538076507163134,"net_red","Net red cards (opp. - own)",1,-0.0355032546493615,-0.111964755961605,0.0409582466628819,"L3","L3: same-match style instead of lagged style (descriptive)","L1 + natural splines of same-match own possession (df 5), own shots (df 3), opponent shots (df 3); endogenous to decisions","season; opponent; win-probability ventile","OLS (feols)","conditional mean difference per match, La Liga","common",NA,"20261003-175015","17-barcelona-style-adjusted-decisions.R","4237598ec443fe56d60744856219d211",0.95,"cluster: season (t with G-1 df)","two-way cluster: match + team-season (SE only)"
"barca","Barcelona vs non-elite La Liga teams",-0.145707642611719,0.0351860983837387,-4.14105710222926,0.00050584598794387,-0.219104557692098,-0.0723107275313392,0.0336104657166208,14510,14510,0,7255,21,714,724,731,12341,20,2.08596344726586,0,0.534817128639521,-0.00445668908516319,0.538076507163134,"net_red","Net red cards (opp. - own)",1,-0.145707642611719,-0.219104557692098,-0.0723107275313392,"L4","L4: + called fouls, both teams (card severity)","L3 + natural splines of own and opponent fouls called (df 4); cards per foul are not modelled as binomial","season; opponent; win-probability ventile","OLS (feols)","conditional mean difference per match, La Liga","common",NA,"20261003-175015","17-barcelona-style-adjusted-decisions.R","4237598ec443fe56d60744856219d211",0.95,"cluster: season (t with G-1 df)","two-way cluster: match + team-season (SE only)"
"madrid","Real Madrid vs non-elite La Liga teams",-0.111735162653296,0.0245459642485435,-4.55207876626504,0.000193786871409529,-0.162937146853652,-0.0605331784529391,0.0247892366813783,14510,14510,0,7255,21,714,724,731,12341,20,2.08596344726586,0,0.534817128639521,-0.00445668908516319,0.538076507163134,"net_red","Net red cards (opp. - own)",1,-0.111735162653296,-0.162937146853652,-0.0605331784529391,"L4","L4: + called fouls, both teams (card severity)","L3 + natural splines of own and opponent fouls called (df 4); cards per foul are not modelled as binomial","season; opponent; win-probability ventile","OLS (feols)","conditional mean difference per match, La Liga","common",NA,"20261003-175015","17-barcelona-style-adjusted-decisions.R","4237598ec443fe56d60744856219d211",0.95,"cluster: season (t with G-1 df)","two-way cluster: match + team-season (SE only)"
"barca_minus_madrid","Barcelona minus Real Madrid",-0.0339724799584232,0.0367416751336971,-0.924630677148027,0.366180567748004,-0.110614271278632,0.0426693113617861,0.0308227356774331,14510,14510,0,7255,21,714,724,731,12341,20,2.08596344726586,0,0.534817128639521,-0.00445668908516319,0.538076507163134,"net_red","Net red cards (opp. - own)",1,-0.0339724799584232,-0.110614271278632,0.0426693113617861,"L4","L4: + called fouls, both teams (card severity)","L3 + natural splines of own and opponent fouls called (df 4); cards per foul are not modelled as binomial","season; opponent; win-probability ventile","OLS (feols)","conditional mean difference per match, La Liga","common",NA,"20261003-175015","17-barcelona-style-adjusted-decisions.R","4237598ec443fe56d60744856219d211",0.95,"cluster: season (t with G-1 df)","two-way cluster: match + team-season (SE only)"
"barca","Barcelona vs non-elite La Liga teams",0.119732727228804,0.0307215375359366,3.897354651887,0.000894280686160899,0.0556487228850338,0.183816731572574,0.0289450562671681,14472,14472,0,7236,21,713,723,728,12308,20,2.08596344726586,0,0.541549820042061,-0.0145433864153392,0.536503425333504,"net_pens","Net penalties (for - against)",1,0.119732727228804,0.0556487228850338,0.183816731572574,"L0","L0: raw difference","none","none","OLS (feols)","conditional mean difference per match, La Liga","pens",NA,"20261003-175015","17-barcelona-style-adjusted-decisions.R","4237598ec443fe56d60744856219d211",0.95,"cluster: season (t with G-1 df)","two-way cluster: match + team-season (SE only)"
"madrid","Real Madrid vs non-elite La Liga teams",0.134875336622808,0.030703488775612,4.39283423484893,0.00028087578190515,0.070828981333344,0.198921691912273,0.0291661089618306,14472,14472,0,7236,21,713,723,728,12308,20,2.08596344726586,0,0.541549820042061,-0.0145433864153392,0.536503425333504,"net_pens","Net penalties (for - against)",1,0.134875336622808,0.070828981333344,0.198921691912273,"L0","L0: raw difference","none","none","OLS (feols)","conditional mean difference per match, La Liga","pens",NA,"20261003-175015","17-barcelona-style-adjusted-decisions.R","4237598ec443fe56d60744856219d211",0.95,"cluster: season (t with G-1 df)","two-way cluster: match + team-season (SE only)"
"barca_minus_madrid","Barcelona minus Real Madrid",-0.0151426093940046,0.0397137406105799,-0.381293959249222,0.70700561593206,-0.0979840206618724,0.067698801873863,0.0403414641249641,14472,14472,0,7236,21,713,723,728,12308,20,2.08596344726586,0,0.541549820042061,-0.0145433864153392,0.536503425333504,"net_pens","Net penalties (for - against)",1,-0.0151426093940046,-0.0979840206618724,0.067698801873863,"L0","L0: raw difference","none","none","OLS (feols)","conditional mean difference per match, La Liga","pens",NA,"20261003-175015","17-barcelona-style-adjusted-decisions.R","4237598ec443fe56d60744856219d211",0.95,"cluster: season (t with G-1 df)","two-way cluster: match + team-season (SE only)"
"barca","Barcelona vs non-elite La Liga teams",-0.0152649430709366,0.0340155633052699,-0.4487634949315,0.658426783162278,-0.0862201647638877,0.0556902786220145,0.0330259644980975,14472,14472,0,7236,21,713,723,728,12308,20,2.08596344726586,0,0.541549820042061,-0.0145433864153392,0.536503425333504,"net_pens","Net penalties (for - against)",1,-0.0152649430709366,-0.0862201647638877,0.0556902786220145,"L1","L1: + home, season, opponent, win-probability FE","home; season FE; opponent FE; pre-match win-probability ventile FE","season; opponent; win-probability ventile","OLS (feols)","conditional mean difference per match, La Liga","pens",NA,"20261003-175015","17-barcelona-style-adjusted-decisions.R","4237598ec443fe56d60744856219d211",0.95,"cluster: season (t with G-1 df)","two-way cluster: match + team-season (SE only)"
"madrid","Real Madrid vs non-elite La Liga teams",0.0149742329553436,0.0307081571084197,0.487630465822969,0.631114097228402,-0.0490818603057174,0.0790303262164047,0.0295383453989618,14472,14472,0,7236,21,713,723,728,12308,20,2.08596344726586,0,0.541549820042061,-0.0145433864153392,0.536503425333504,"net_pens","Net penalties (for - against)",1,0.0149742329553436,-0.0490818603057174,0.0790303262164047,"L1","L1: + home, season, opponent, win-probability FE","home; season FE; opponent FE; pre-match win-probability ventile FE","season; opponent; win-probability ventile","OLS (feols)","conditional mean difference per match, La Liga","pens",NA,"20261003-175015","17-barcelona-style-adjusted-decisions.R","4237598ec443fe56d60744856219d211",0.95,"cluster: season (t with G-1 df)","two-way cluster: match + team-season (SE only)"
"barca_minus_madrid","Barcelona minus Real Madrid",-0.0302391760262802,0.0374653785453253,-0.8071231948103,0.429090288729093,-0.108390586209808,0.0479122341572471,0.036484851278878,14472,14472,0,7236,21,713,723,728,12308,20,2.08596344726586,0,0.541549820042061,-0.0145433864153392,0.536503425333504,"net_pens","Net penalties (for - against)",1,-0.0302391760262802,-0.108390586209808,0.0479122341572471,"L1","L1: + home, season, opponent, win-probability FE","home; season FE; opponent FE; pre-match win-probability ventile FE","season; opponent; win-probability ventile","OLS (feols)","conditional mean difference per match, La Liga","pens",NA,"20261003-175015","17-barcelona-style-adjusted-decisions.R","4237598ec443fe56d60744856219d211",0.95,"cluster: season (t with G-1 df)","two-way cluster: match + team-season (SE only)"
"barca","Barcelona vs non-elite La Liga teams",-0.0641356490586222,0.0448089397140077,-1.43131369472179,0.167781975760922,-0.157605459412782,0.0293341612955376,0.0513325518886216,14472,14472,0,7236,21,713,723,728,12308,20,2.08596344726586,0,0.541549820042061,-0.0145433864153392,0.536503425333504,"net_pens","Net penalties (for - against)",1,-0.0641356490586222,-0.157605459412782,0.0293341612955376,"L2","L2: + prior-match style (lagged possession, shots; both teams)","L1 + natural splines of season-to-date prior-match possession (df 4) and shots (df 3), own and opponent","season; opponent; win-probability ventile","OLS (feols)","conditional mean difference per match, La Liga","pens",NA,"20261003-175015","17-barcelona-style-adjusted-decisions.R","4237598ec443fe56d60744856219d211",0.95,"cluster: season (t with G-1 df)","two-way cluster: match + team-season (SE only)"
"madrid","Real Madrid vs non-elite La Liga teams",-0.0317661966119884,0.0376843554163682,-0.84295449029203,0.409222350125826,-0.110374384544308,0.0468419913203312,0.0374921811314314,14472,14472,0,7236,21,713,723,728,12308,20,2.08596344726586,0,0.541549820042061,-0.0145433864153392,0.536503425333504,"net_pens","Net penalties (for - against)",1,-0.0317661966119884,-0.110374384544308,0.0468419913203312,"L2","L2: + prior-match style (lagged possession, shots; both teams)","L1 + natural splines of season-to-date prior-match possession (df 4) and shots (df 3), own and opponent","season; opponent; win-probability ventile","OLS (feols)","conditional mean difference per match, La Liga","pens",NA,"20261003-175015","17-barcelona-style-adjusted-decisions.R","4237598ec443fe56d60744856219d211",0.95,"cluster: season (t with G-1 df)","two-way cluster: match + team-season (SE only)"
"barca_minus_madrid","Barcelona minus Real Madrid",-0.0323694524466338,0.0496369738842606,-0.652123808395537,0.521746163256232,-0.135910365602092,0.071171460708824,0.0549481254441695,14472,14472,0,7236,21,713,723,728,12308,20,2.08596344726586,0,0.541549820042061,-0.0145433864153392,0.536503425333504,"net_pens","Net penalties (for - against)",1,-0.0323694524466338,-0.135910365602092,0.071171460708824,"L2","L2: + prior-match style (lagged possession, shots; both teams)","L1 + natural splines of season-to-date prior-match possession (df 4) and shots (df 3), own and opponent","season; opponent; win-probability ventile","OLS (feols)","conditional mean difference per match, La Liga","pens",NA,"20261003-175015","17-barcelona-style-adjusted-decisions.R","4237598ec443fe56d60744856219d211",0.95,"cluster: season (t with G-1 df)","two-way cluster: match + team-season (SE only)"
"barca","Barcelona vs non-elite La Liga teams",0.00117165254907962,0.0368278814007557,0.0318142804993279,0.974935512824296,-0.0756499618931392,0.0779932669912984,0.0349138631657928,14472,14472,0,7236,21,713,723,728,12308,20,2.08596344726586,0,0.541549820042061,-0.0145433864153392,0.536503425333504,"net_pens","Net penalties (for - against)",1,0.00117165254907962,-0.0756499618931392,0.0779932669912984,"L3","L3: same-match style instead of lagged style (descriptive)","L1 + natural splines of same-match own possession (df 5), own shots (df 3), opponent shots (df 3); endogenous to decisions","season; opponent; win-probability ventile","OLS (feols)","conditional mean difference per match, La Liga","pens",NA,"20261003-175015","17-barcelona-style-adjusted-decisions.R","4237598ec443fe56d60744856219d211",0.95,"cluster: season (t with G-1 df)","two-way cluster: match + team-season (SE only)"
"madrid","Real Madrid vs non-elite La Liga teams",0.0109849067846918,0.0309656349160555,0.354745084816464,0.726493829224852,-0.0536082757715796,0.0755780893409632,0.0291499060329646,14472,14472,0,7236,21,713,723,728,12308,20,2.08596344726586,0,0.541549820042061,-0.0145433864153392,0.536503425333504,"net_pens","Net penalties (for - against)",1,0.0109849067846918,-0.0536082757715796,0.0755780893409632,"L3","L3: same-match style instead of lagged style (descriptive)","L1 + natural splines of same-match own possession (df 5), own shots (df 3), opponent shots (df 3); endogenous to decisions","season; opponent; win-probability ventile","OLS (feols)","conditional mean difference per match, La Liga","pens",NA,"20261003-175015","17-barcelona-style-adjusted-decisions.R","4237598ec443fe56d60744856219d211",0.95,"cluster: season (t with G-1 df)","two-way cluster: match + team-season (SE only)"
"barca_minus_madrid","Barcelona minus Real Madrid",-0.00981325423561216,0.0408719767667732,-0.24009737262304,0.812698529396632,-0.0950707037886007,0.0754441953173764,0.0379499326707416,14472,14472,0,7236,21,713,723,728,12308,20,2.08596344726586,0,0.541549820042061,-0.0145433864153392,0.536503425333504,"net_pens","Net penalties (for - against)",1,-0.00981325423561216,-0.0950707037886007,0.0754441953173764,"L3","L3: same-match style instead of lagged style (descriptive)","L1 + natural splines of same-match own possession (df 5), own shots (df 3), opponent shots (df 3); endogenous to decisions","season; opponent; win-probability ventile","OLS (feols)","conditional mean difference per match, La Liga","pens",NA,"20261003-175015","17-barcelona-style-adjusted-decisions.R","4237598ec443fe56d60744856219d211",0.95,"cluster: season (t with G-1 df)","two-way cluster: match + team-season (SE only)"
