"style_var","target","reference","n_target","n_reference","target_min","target_p50","target_max","reference_p01","reference_p05","reference_p50","reference_p95","reference_p99","share_target_within_ref_p05_p95","share_target_within_ref_p01_p99","share_target_above_ref_p95","style_var_label","run_id","script","input_md5","ci_level","inference_primary","inference_secondary"
"lag_poss","Barcelona","Non-elite",714,12341,55.7333333333333,66.482905982906,77,36.1447058823529,40.0916666666667,48.144,57.4,61.2711827956989,0.00140056022408964,0.00560224089635854,0.99859943977591,"Prior-match possession (season to date)","20261003-175015","17-barcelona-style-adjusted-decisions.R","4237598ec443fe56d60744856219d211",0.95,"cluster: season (t with G-1 df)","two-way cluster: match + team-season (SE only)"
"lag_poss","Real Madrid","Non-elite",724,12341,52.075,58.7530769230769,70.35,36.1447058823529,40.0916666666667,48.144,57.4,61.2711827956989,0.281767955801105,0.875690607734807,0.718232044198895,"Prior-match possession (season to date)","20261003-175015","17-barcelona-style-adjusted-decisions.R","4237598ec443fe56d60744856219d211",0.95,"cluster: season (t with G-1 df)","two-way cluster: match + team-season (SE only)"
"lag_poss","Barcelona","Real Madrid",714,724,55.7333333333333,66.482905982906,77,53.6984281045752,54.7168939393939,58.7530769230769,62.7233928571429,66.3715666666667,0.0126050420168067,0.477591036414566,0.987394957983193,"Prior-match possession (season to date)","20261003-175015","17-barcelona-style-adjusted-decisions.R","4237598ec443fe56d60744856219d211",0.95,"cluster: season (t with G-1 df)","two-way cluster: match + team-season (SE only)"
"own_possession","Barcelona","Non-elite",714,12341,44,67.4,83.9,24.7,31.2,48.7,65.6,71.1,0.418767507002801,0.704481792717087,0.581232492997199,"Same-match possession","20261003-175015","17-barcelona-style-adjusted-decisions.R","4237598ec443fe56d60744856219d211",0.95,"cluster: season (t with G-1 df)","two-way cluster: match + team-season (SE only)"
"own_possession","Real Madrid","Non-elite",724,12341,23.6,59.35,82.1,24.7,31.2,48.7,65.6,71.1,0.792817679558011,0.94475138121547,0.200276243093923,"Same-match possession","20261003-175015","17-barcelona-style-adjusted-decisions.R","4237598ec443fe56d60744856219d211",0.95,"cluster: season (t with G-1 df)","two-way cluster: match + team-season (SE only)"
"own_possession","Barcelona","Real Madrid",714,724,44,67.4,83.9,31.769,42.215,59.35,71.485,76.1,0.719887955182073,0.899159663865546,0.280112044817927,"Same-match possession","20261003-175015","17-barcelona-style-adjusted-decisions.R","4237598ec443fe56d60744856219d211",0.95,"cluster: season (t with G-1 df)","two-way cluster: match + team-season (SE only)"
"lag_shots","Barcelona","Non-elite",714,12341,9.66666666666667,16.1666666666667,23.4,7.66666666666667,8.83333333333333,11.5806451612903,14.7272727272727,16,0.207282913165266,0.469187675070028,0.792717086834734,"Prior-match shots (season to date)","20261003-175015","17-barcelona-style-adjusted-decisions.R","4237598ec443fe56d60744856219d211",0.95,"cluster: season (t with G-1 df)","two-way cluster: match + team-season (SE only)"
"lag_shots","Real Madrid","Non-elite",724,12341,12.15,17.9388888888889,26.6666666666667,7.66666666666667,8.83333333333333,11.5806451612903,14.7272727272727,16,0.157458563535912,0.230662983425414,0.842541436464088,"Prior-match shots (season to date)","20261003-175015","17-barcelona-style-adjusted-decisions.R","4237598ec443fe56d60744856219d211",0.95,"cluster: season (t with G-1 df)","two-way cluster: match + team-season (SE only)"
"lag_shots","Barcelona","Real Madrid",714,724,9.66666666666667,16.1666666666667,23.4,12.4832608695652,13.1826704545455,17.9388888888889,20.89625,22,0.906162464985994,0.959383753501401,0.0112044817927171,"Prior-match shots (season to date)","20261003-175015","17-barcelona-style-adjusted-decisions.R","4237598ec443fe56d60744856219d211",0.95,"cluster: season (t with G-1 df)","two-way cluster: match + team-season (SE only)"
"own_shots","Barcelona","Non-elite",714,12341,4,15,40,3,5,11,20,25,0.836134453781513,0.959383753501401,0.162464985994398,"Same-match shots","20261003-175015","17-barcelona-style-adjusted-decisions.R","4237598ec443fe56d60744856219d211",0.95,"cluster: season (t with G-1 df)","two-way cluster: match + team-season (SE only)"
"own_shots","Real Madrid","Non-elite",724,12341,3,16,39,3,5,11,20,25,0.762430939226519,0.924033149171271,0.233425414364641,"Same-match shots","20261003-175015","17-barcelona-style-adjusted-decisions.R","4237598ec443fe56d60744856219d211",0.95,"cluster: season (t with G-1 df)","two-way cluster: match + team-season (SE only)"
"own_shots","Barcelona","Real Madrid",714,724,4,15,40,5,8,16,27,33.77,0.956582633053221,0.994397759103641,0.0238095238095238,"Same-match shots","20261003-175015","17-barcelona-style-adjusted-decisions.R","4237598ec443fe56d60744856219d211",0.95,"cluster: season (t with G-1 df)","two-way cluster: match + team-season (SE only)"
