"contrast","contrast_label","estimate","se","t_stat","p_value","ci_low","ci_high","se_twoway_match_teamseason","n_obs","n_input","n_dropped","n_matches","n_seasons","n_barca","n_madrid","n_other_elite","n_nonelite","df_t","t_crit","dep_mean","dep_sd","baseline_nonelite_mean","baseline_nonelite_sd","outcome","outcome_label","favorable_sign","estimate_signed","ci_low_signed","ci_high_signed","rung","rung_label","controls","fixed_effects","estimator","estimand","sample","support_lo","support_hi","n_barca_full_sample","n_barca_lost","share_barca_lost","n_madrid_full_sample","n_madrid_lost","run_id","script","input_md5","ci_level","inference_primary","inference_secondary"
"barca","Barcelona vs non-elite La Liga teams",-0.0175116438198539,0.0679598045590847,-0.257676488822583,0.799289313469913,-0.159273312013437,0.124250024373729,0.0787925634326638,7975,7975,0,6878,21,495,590,453,6437,20,2.08596344726586,2.4025078369906,1.45115047563723,2.46030759670654,1.45307311294367,"own_yellow","Yellow cards received",-1,0.0175116438198539,-0.124250024373729,0.159273312013437,"L1","L1: + home, season, opponent, win-probability FE","home; season FE; opponent FE; pre-match win-probability ventile FE","season; opponent; win-probability ventile","OLS (feols)","conditional mean difference per match, possession common support","common_possession_support",47.826,71.1,714,219,0.30672268907563,724,134,"20261003-175015","17-barcelona-style-adjusted-decisions.R","4237598ec443fe56d60744856219d211",0.95,"cluster: season (t with G-1 df)","two-way cluster: match + team-season (SE only)"
"madrid","Real Madrid vs non-elite La Liga teams",-0.0140815997994261,0.0906732204469708,-0.155300536696627,0.878141081485399,-0.203222623297687,0.175059423698835,0.102296947534112,7975,7975,0,6878,21,495,590,453,6437,20,2.08596344726586,2.4025078369906,1.45115047563723,2.46030759670654,1.45307311294367,"own_yellow","Yellow cards received",-1,0.0140815997994261,-0.175059423698835,0.203222623297687,"L1","L1: + home, season, opponent, win-probability FE","home; season FE; opponent FE; pre-match win-probability ventile FE","season; opponent; win-probability ventile","OLS (feols)","conditional mean difference per match, possession common support","common_possession_support",47.826,71.1,714,219,0.30672268907563,724,134,"20261003-175015","17-barcelona-style-adjusted-decisions.R","4237598ec443fe56d60744856219d211",0.95,"cluster: season (t with G-1 df)","two-way cluster: match + team-season (SE only)"
"barca_minus_madrid","Barcelona minus Real Madrid",-0.00343004402042782,0.109808624655482,-0.0312365629857342,0.975390503572235,-0.232486821246301,0.225626733205446,0.094943515851709,7975,7975,0,6878,21,495,590,453,6437,20,2.08596344726586,2.4025078369906,1.45115047563723,2.46030759670654,1.45307311294367,"own_yellow","Yellow cards received",-1,0.00343004402042782,-0.225626733205446,0.232486821246301,"L1","L1: + home, season, opponent, win-probability FE","home; season FE; opponent FE; pre-match win-probability ventile FE","season; opponent; win-probability ventile","OLS (feols)","conditional mean difference per match, possession common support","common_possession_support",47.826,71.1,714,219,0.30672268907563,724,134,"20261003-175015","17-barcelona-style-adjusted-decisions.R","4237598ec443fe56d60744856219d211",0.95,"cluster: season (t with G-1 df)","two-way cluster: match + team-season (SE only)"
"barca","Barcelona vs non-elite La Liga teams",-0.0319905364163068,0.0651053791018398,-0.491365488652885,0.628516931983183,-0.167797977443132,0.103816904610518,0.07975078109869,7975,7975,0,6878,21,495,590,453,6437,20,2.08596344726586,2.4025078369906,1.45115047563723,2.46030759670654,1.45307311294367,"own_yellow","Yellow cards received",-1,0.0319905364163068,-0.103816904610518,0.167797977443132,"L3","L3: same-match style instead of lagged style (descriptive)","L1 + natural splines of same-match own possession (df 5), own shots (df 3), opponent shots (df 3); endogenous to decisions","season; opponent; win-probability ventile","OLS (feols)","conditional mean difference per match, possession common support","common_possession_support",47.826,71.1,714,219,0.30672268907563,724,134,"20261003-175015","17-barcelona-style-adjusted-decisions.R","4237598ec443fe56d60744856219d211",0.95,"cluster: season (t with G-1 df)","two-way cluster: match + team-season (SE only)"
"madrid","Real Madrid vs non-elite La Liga teams",0.0213357008737793,0.0897530226486857,0.237715680699604,0.814519923757335,-0.165885823653004,0.208557225400563,0.102080446580869,7975,7975,0,6878,21,495,590,453,6437,20,2.08596344726586,2.4025078369906,1.45115047563723,2.46030759670654,1.45307311294367,"own_yellow","Yellow cards received",-1,-0.0213357008737793,-0.208557225400563,0.165885823653004,"L3","L3: same-match style instead of lagged style (descriptive)","L1 + natural splines of same-match own possession (df 5), own shots (df 3), opponent shots (df 3); endogenous to decisions","season; opponent; win-probability ventile","OLS (feols)","conditional mean difference per match, possession common support","common_possession_support",47.826,71.1,714,219,0.30672268907563,724,134,"20261003-175015","17-barcelona-style-adjusted-decisions.R","4237598ec443fe56d60744856219d211",0.95,"cluster: season (t with G-1 df)","two-way cluster: match + team-season (SE only)"
"barca_minus_madrid","Barcelona minus Real Madrid",-0.0533262372900861,0.110982885847842,-0.480490634954265,0.63609246043933,-0.284832480440764,0.178180005860592,0.0940816236063012,7975,7975,0,6878,21,495,590,453,6437,20,2.08596344726586,2.4025078369906,1.45115047563723,2.46030759670654,1.45307311294367,"own_yellow","Yellow cards received",-1,0.0533262372900861,-0.178180005860592,0.284832480440764,"L3","L3: same-match style instead of lagged style (descriptive)","L1 + natural splines of same-match own possession (df 5), own shots (df 3), opponent shots (df 3); endogenous to decisions","season; opponent; win-probability ventile","OLS (feols)","conditional mean difference per match, possession common support","common_possession_support",47.826,71.1,714,219,0.30672268907563,724,134,"20261003-175015","17-barcelona-style-adjusted-decisions.R","4237598ec443fe56d60744856219d211",0.95,"cluster: season (t with G-1 df)","two-way cluster: match + team-season (SE only)"
"barca","Barcelona vs non-elite La Liga teams",-0.00923057275790596,0.0977457514414776,-0.0944345163015346,0.925703708426993,-0.213124637390363,0.194663491874551,0.0875327867419934,7975,7975,0,6878,21,495,590,453,6437,20,2.08596344726586,2.60902821316614,1.50581807744134,2.61301848687277,1.51053011218777,"opp_yellow","Yellow cards to opponent",1,-0.00923057275790596,-0.213124637390363,0.194663491874551,"L1","L1: + home, season, opponent, win-probability FE","home; season FE; opponent FE; pre-match win-probability ventile FE","season; opponent; win-probability ventile","OLS (feols)","conditional mean difference per match, possession common support","common_possession_support",47.826,71.1,714,219,0.30672268907563,724,134,"20261003-175015","17-barcelona-style-adjusted-decisions.R","4237598ec443fe56d60744856219d211",0.95,"cluster: season (t with G-1 df)","two-way cluster: match + team-season (SE only)"
"madrid","Real Madrid vs non-elite La Liga teams",-0.0472965179733403,0.0868717020564689,-0.544441018809511,0.59215713582319,-0.228507713064905,0.133914677118225,0.0863485965377801,7975,7975,0,6878,21,495,590,453,6437,20,2.08596344726586,2.60902821316614,1.50581807744134,2.61301848687277,1.51053011218777,"opp_yellow","Yellow cards to opponent",1,-0.0472965179733403,-0.228507713064905,0.133914677118225,"L1","L1: + home, season, opponent, win-probability FE","home; season FE; opponent FE; pre-match win-probability ventile FE","season; opponent; win-probability ventile","OLS (feols)","conditional mean difference per match, possession common support","common_possession_support",47.826,71.1,714,219,0.30672268907563,724,134,"20261003-175015","17-barcelona-style-adjusted-decisions.R","4237598ec443fe56d60744856219d211",0.95,"cluster: season (t with G-1 df)","two-way cluster: match + team-season (SE only)"
"barca_minus_madrid","Barcelona minus Real Madrid",0.0380659452154343,0.0636347179645541,0.598194608745462,0.556424407448254,-0.0946737504356981,0.170805640866567,0.0853173173411403,7975,7975,0,6878,21,495,590,453,6437,20,2.08596344726586,2.60902821316614,1.50581807744134,2.61301848687277,1.51053011218777,"opp_yellow","Yellow cards to opponent",1,0.0380659452154343,-0.0946737504356981,0.170805640866567,"L1","L1: + home, season, opponent, win-probability FE","home; season FE; opponent FE; pre-match win-probability ventile FE","season; opponent; win-probability ventile","OLS (feols)","conditional mean difference per match, possession common support","common_possession_support",47.826,71.1,714,219,0.30672268907563,724,134,"20261003-175015","17-barcelona-style-adjusted-decisions.R","4237598ec443fe56d60744856219d211",0.95,"cluster: season (t with G-1 df)","two-way cluster: match + team-season (SE only)"
"barca","Barcelona vs non-elite La Liga teams",-0.0522177008415664,0.0965984083566278,-0.540564816024566,0.594777158063685,-0.253718449737553,0.149283048054421,0.087952146587596,7975,7975,0,6878,21,495,590,453,6437,20,2.08596344726586,2.60902821316614,1.50581807744134,2.61301848687277,1.51053011218777,"opp_yellow","Yellow cards to opponent",1,-0.0522177008415664,-0.253718449737553,0.149283048054421,"L3","L3: same-match style instead of lagged style (descriptive)","L1 + natural splines of same-match own possession (df 5), own shots (df 3), opponent shots (df 3); endogenous to decisions","season; opponent; win-probability ventile","OLS (feols)","conditional mean difference per match, possession common support","common_possession_support",47.826,71.1,714,219,0.30672268907563,724,134,"20261003-175015","17-barcelona-style-adjusted-decisions.R","4237598ec443fe56d60744856219d211",0.95,"cluster: season (t with G-1 df)","two-way cluster: match + team-season (SE only)"
"madrid","Real Madrid vs non-elite La Liga teams",-0.0112909835253508,0.0867467883900133,-0.130160248406968,0.897739888463798,-0.192241613274626,0.169659646223924,0.0919028698357163,7975,7975,0,6878,21,495,590,453,6437,20,2.08596344726586,2.60902821316614,1.50581807744134,2.61301848687277,1.51053011218777,"opp_yellow","Yellow cards to opponent",1,-0.0112909835253508,-0.192241613274626,0.169659646223924,"L3","L3: same-match style instead of lagged style (descriptive)","L1 + natural splines of same-match own possession (df 5), own shots (df 3), opponent shots (df 3); endogenous to decisions","season; opponent; win-probability ventile","OLS (feols)","conditional mean difference per match, possession common support","common_possession_support",47.826,71.1,714,219,0.30672268907563,724,134,"20261003-175015","17-barcelona-style-adjusted-decisions.R","4237598ec443fe56d60744856219d211",0.95,"cluster: season (t with G-1 df)","two-way cluster: match + team-season (SE only)"
"barca_minus_madrid","Barcelona minus Real Madrid",-0.0409267173162156,0.0715121999449043,-0.57230398935772,0.573493647879953,-0.190098552434854,0.108245117802423,0.0909263487976331,7975,7975,0,6878,21,495,590,453,6437,20,2.08596344726586,2.60902821316614,1.50581807744134,2.61301848687277,1.51053011218777,"opp_yellow","Yellow cards to opponent",1,-0.0409267173162156,-0.190098552434854,0.108245117802423,"L3","L3: same-match style instead of lagged style (descriptive)","L1 + natural splines of same-match own possession (df 5), own shots (df 3), opponent shots (df 3); endogenous to decisions","season; opponent; win-probability ventile","OLS (feols)","conditional mean difference per match, possession common support","common_possession_support",47.826,71.1,714,219,0.30672268907563,724,134,"20261003-175015","17-barcelona-style-adjusted-decisions.R","4237598ec443fe56d60744856219d211",0.95,"cluster: season (t with G-1 df)","two-way cluster: match + team-season (SE only)"
"barca","Barcelona vs non-elite La Liga teams",0.0082810710619482,0.105283118813265,0.0786552597917991,0.938088481253876,-0.211335666396672,0.227897808520568,0.115654986161877,7975,7975,0,6878,21,495,590,453,6437,20,2.08596344726586,0.20652037617555,1.9150788705864,0.152710890166224,1.93696842363817,"net_yellow","Net yellow cards (opp. - own)",1,0.0082810710619482,-0.211335666396672,0.227897808520568,"L1","L1: + home, season, opponent, win-probability FE","home; season FE; opponent FE; pre-match win-probability ventile FE","season; opponent; win-probability ventile","OLS (feols)","conditional mean difference per match, possession common support","common_possession_support",47.826,71.1,714,219,0.30672268907563,724,134,"20261003-175015","17-barcelona-style-adjusted-decisions.R","4237598ec443fe56d60744856219d211",0.95,"cluster: season (t with G-1 df)","two-way cluster: match + team-season (SE only)"
"madrid","Real Madrid vs non-elite La Liga teams",-0.0332149181739125,0.11352604352355,-0.292575317019856,0.772860518398717,-0.270026095276751,0.203596258928926,0.119114456571344,7975,7975,0,6878,21,495,590,453,6437,20,2.08596344726586,0.20652037617555,1.9150788705864,0.152710890166224,1.93696842363817,"net_yellow","Net yellow cards (opp. - own)",1,-0.0332149181739125,-0.270026095276751,0.203596258928926,"L1","L1: + home, season, opponent, win-probability FE","home; season FE; opponent FE; pre-match win-probability ventile FE","season; opponent; win-probability ventile","OLS (feols)","conditional mean difference per match, possession common support","common_possession_support",47.826,71.1,714,219,0.30672268907563,724,134,"20261003-175015","17-barcelona-style-adjusted-decisions.R","4237598ec443fe56d60744856219d211",0.95,"cluster: season (t with G-1 df)","two-way cluster: match + team-season (SE only)"
"barca_minus_madrid","Barcelona minus Real Madrid",0.0414959892358607,0.121008418873975,0.342918200419403,0.735238055188445,-0.210923149346687,0.293915127818409,0.111496247279281,7975,7975,0,6878,21,495,590,453,6437,20,2.08596344726586,0.20652037617555,1.9150788705864,0.152710890166224,1.93696842363817,"net_yellow","Net yellow cards (opp. - own)",1,0.0414959892358607,-0.210923149346687,0.293915127818409,"L1","L1: + home, season, opponent, win-probability FE","home; season FE; opponent FE; pre-match win-probability ventile FE","season; opponent; win-probability ventile","OLS (feols)","conditional mean difference per match, possession common support","common_possession_support",47.826,71.1,714,219,0.30672268907563,724,134,"20261003-175015","17-barcelona-style-adjusted-decisions.R","4237598ec443fe56d60744856219d211",0.95,"cluster: season (t with G-1 df)","two-way cluster: match + team-season (SE only)"
"barca","Barcelona vs non-elite La Liga teams",-0.0202271644252591,0.100290876082559,-0.201684990852091,0.842200227256605,-0.229430266027748,0.188975937177229,0.11403491472391,7975,7975,0,6878,21,495,590,453,6437,20,2.08596344726586,0.20652037617555,1.9150788705864,0.152710890166224,1.93696842363817,"net_yellow","Net yellow cards (opp. - own)",1,-0.0202271644252591,-0.229430266027748,0.188975937177229,"L3","L3: same-match style instead of lagged style (descriptive)","L1 + natural splines of same-match own possession (df 5), own shots (df 3), opponent shots (df 3); endogenous to decisions","season; opponent; win-probability ventile","OLS (feols)","conditional mean difference per match, possession common support","common_possession_support",47.826,71.1,714,219,0.30672268907563,724,134,"20261003-175015","17-barcelona-style-adjusted-decisions.R","4237598ec443fe56d60744856219d211",0.95,"cluster: season (t with G-1 df)","two-way cluster: match + team-season (SE only)"
"madrid","Real Madrid vs non-elite La Liga teams",-0.032626684399128,0.106890526337973,-0.305234575194876,0.763341467356968,-0.25559641519915,0.190343046400894,0.118156687733469,7975,7975,0,6878,21,495,590,453,6437,20,2.08596344726586,0.20652037617555,1.9150788705864,0.152710890166224,1.93696842363817,"net_yellow","Net yellow cards (opp. - own)",1,-0.032626684399128,-0.25559641519915,0.190343046400894,"L3","L3: same-match style instead of lagged style (descriptive)","L1 + natural splines of same-match own possession (df 5), own shots (df 3), opponent shots (df 3); endogenous to decisions","season; opponent; win-probability ventile","OLS (feols)","conditional mean difference per match, possession common support","common_possession_support",47.826,71.1,714,219,0.30672268907563,724,134,"20261003-175015","17-barcelona-style-adjusted-decisions.R","4237598ec443fe56d60744856219d211",0.95,"cluster: season (t with G-1 df)","two-way cluster: match + team-season (SE only)"
"barca_minus_madrid","Barcelona minus Real Madrid",0.0123995199738689,0.111758085334655,0.110949645716809,0.912762147120944,-0.22072376097064,0.245522800918378,0.10921756414622,7975,7975,0,6878,21,495,590,453,6437,20,2.08596344726586,0.20652037617555,1.9150788705864,0.152710890166224,1.93696842363817,"net_yellow","Net yellow cards (opp. - own)",1,0.0123995199738689,-0.22072376097064,0.245522800918378,"L3","L3: same-match style instead of lagged style (descriptive)","L1 + natural splines of same-match own possession (df 5), own shots (df 3), opponent shots (df 3); endogenous to decisions","season; opponent; win-probability ventile","OLS (feols)","conditional mean difference per match, possession common support","common_possession_support",47.826,71.1,714,219,0.30672268907563,724,134,"20261003-175015","17-barcelona-style-adjusted-decisions.R","4237598ec443fe56d60744856219d211",0.95,"cluster: season (t with G-1 df)","two-way cluster: match + team-season (SE only)"
"barca","Barcelona vs non-elite La Liga teams",1.67988417759851,0.443697628888277,3.78610131816032,0.0011595195784234,0.754347142099034,2.605421213098,0.463908804203171,7975,7975,0,6878,21,495,590,453,6437,20,2.08596344726586,1.25228840125392,5.80336163248132,1.0062140748796,5.80116133865445,"net_fouls","Net fouls (opp. - own)",1,1.67988417759851,0.754347142099034,2.605421213098,"L1","L1: + home, season, opponent, win-probability FE","home; season FE; opponent FE; pre-match win-probability ventile FE","season; opponent; win-probability ventile","OLS (feols)","conditional mean difference per match, possession common support","common_possession_support",47.826,71.1,714,219,0.30672268907563,724,134,"20261003-175015","17-barcelona-style-adjusted-decisions.R","4237598ec443fe56d60744856219d211",0.95,"cluster: season (t with G-1 df)","two-way cluster: match + team-season (SE only)"
"madrid","Real Madrid vs non-elite La Liga teams",0.709618559237596,0.655832317132564,1.08201218619448,0.292121126036091,-0.658423681836608,2.0776608003118,0.543529128286102,7975,7975,0,6878,21,495,590,453,6437,20,2.08596344726586,1.25228840125392,5.80336163248132,1.0062140748796,5.80116133865445,"net_fouls","Net fouls (opp. - own)",1,0.709618559237596,-0.658423681836608,2.0776608003118,"L1","L1: + home, season, opponent, win-probability FE","home; season FE; opponent FE; pre-match win-probability ventile FE","season; opponent; win-probability ventile","OLS (feols)","conditional mean difference per match, possession common support","common_possession_support",47.826,71.1,714,219,0.30672268907563,724,134,"20261003-175015","17-barcelona-style-adjusted-decisions.R","4237598ec443fe56d60744856219d211",0.95,"cluster: season (t with G-1 df)","two-way cluster: match + team-season (SE only)"
"barca_minus_madrid","Barcelona minus Real Madrid",0.970265618360919,0.504388624122968,1.92364691025302,0.068750107709201,-0.0818706147763125,2.02240185149815,0.478172610262748,7975,7975,0,6878,21,495,590,453,6437,20,2.08596344726586,1.25228840125392,5.80336163248132,1.0062140748796,5.80116133865445,"net_fouls","Net fouls (opp. - own)",1,0.970265618360919,-0.0818706147763125,2.02240185149815,"L1","L1: + home, season, opponent, win-probability FE","home; season FE; opponent FE; pre-match win-probability ventile FE","season; opponent; win-probability ventile","OLS (feols)","conditional mean difference per match, possession common support","common_possession_support",47.826,71.1,714,219,0.30672268907563,724,134,"20261003-175015","17-barcelona-style-adjusted-decisions.R","4237598ec443fe56d60744856219d211",0.95,"cluster: season (t with G-1 df)","two-way cluster: match + team-season (SE only)"
"barca","Barcelona vs non-elite La Liga teams",1.00599578922483,0.460962280076159,2.18238201411756,0.0411784168802278,0.0444453224176332,1.96754625603203,0.472206042735564,7975,7975,0,6878,21,495,590,453,6437,20,2.08596344726586,1.25228840125392,5.80336163248132,1.0062140748796,5.80116133865445,"net_fouls","Net fouls (opp. - own)",1,1.00599578922483,0.0444453224176332,1.96754625603203,"L3","L3: same-match style instead of lagged style (descriptive)","L1 + natural splines of same-match own possession (df 5), own shots (df 3), opponent shots (df 3); endogenous to decisions","season; opponent; win-probability ventile","OLS (feols)","conditional mean difference per match, possession common support","common_possession_support",47.826,71.1,714,219,0.30672268907563,724,134,"20261003-175015","17-barcelona-style-adjusted-decisions.R","4237598ec443fe56d60744856219d211",0.95,"cluster: season (t with G-1 df)","two-way cluster: match + team-season (SE only)"
"madrid","Real Madrid vs non-elite La Liga teams",0.595213993877718,0.64833186445722,0.918069936877201,0.369521835864651,-0.757182577077769,1.9476105648332,0.542338227688904,7975,7975,0,6878,21,495,590,453,6437,20,2.08596344726586,1.25228840125392,5.80336163248132,1.0062140748796,5.80116133865445,"net_fouls","Net fouls (opp. - own)",1,0.595213993877718,-0.757182577077769,1.9476105648332,"L3","L3: same-match style instead of lagged style (descriptive)","L1 + natural splines of same-match own possession (df 5), own shots (df 3), opponent shots (df 3); endogenous to decisions","season; opponent; win-probability ventile","OLS (feols)","conditional mean difference per match, possession common support","common_possession_support",47.826,71.1,714,219,0.30672268907563,724,134,"20261003-175015","17-barcelona-style-adjusted-decisions.R","4237598ec443fe56d60744856219d211",0.95,"cluster: season (t with G-1 df)","two-way cluster: match + team-season (SE only)"
"barca_minus_madrid","Barcelona minus Real Madrid",0.410781795347114,0.488994133075161,0.84005465007077,0.41080805868722,-0.609242092175132,1.43080568286936,0.472087121198614,7975,7975,0,6878,21,495,590,453,6437,20,2.08596344726586,1.25228840125392,5.80336163248132,1.0062140748796,5.80116133865445,"net_fouls","Net fouls (opp. - own)",1,0.410781795347114,-0.609242092175132,1.43080568286936,"L3","L3: same-match style instead of lagged style (descriptive)","L1 + natural splines of same-match own possession (df 5), own shots (df 3), opponent shots (df 3); endogenous to decisions","season; opponent; win-probability ventile","OLS (feols)","conditional mean difference per match, possession common support","common_possession_support",47.826,71.1,714,219,0.30672268907563,724,134,"20261003-175015","17-barcelona-style-adjusted-decisions.R","4237598ec443fe56d60744856219d211",0.95,"cluster: season (t with G-1 df)","two-way cluster: match + team-season (SE only)"
"barca","Barcelona vs non-elite La Liga teams",-0.0731630293079854,0.0348247009690997,-2.10089468888487,0.0485306535960686,-0.145806082591492,-0.000519976024479341,0.0313646726051617,7975,7975,0,6878,21,495,590,453,6437,20,2.08596344726586,0.0594357366771157,0.524521287451795,0.066024545595775,0.526037340923903,"net_red","Net red cards (opp. - own)",1,-0.0731630293079854,-0.145806082591492,-0.000519976024479341,"L1","L1: + home, season, opponent, win-probability FE","home; season FE; opponent FE; pre-match win-probability ventile FE","season; opponent; win-probability ventile","OLS (feols)","conditional mean difference per match, possession common support","common_possession_support",47.826,71.1,714,219,0.30672268907563,724,134,"20261003-175015","17-barcelona-style-adjusted-decisions.R","4237598ec443fe56d60744856219d211",0.95,"cluster: season (t with G-1 df)","two-way cluster: match + team-season (SE only)"
"madrid","Real Madrid vs non-elite La Liga teams",-0.0852217854015217,0.0304103540904374,-2.80239372248283,0.0109986906747519,-0.148656672452586,-0.0217868983504574,0.0299383096300414,7975,7975,0,6878,21,495,590,453,6437,20,2.08596344726586,0.0594357366771157,0.524521287451795,0.066024545595775,0.526037340923903,"net_red","Net red cards (opp. - own)",1,-0.0852217854015217,-0.148656672452586,-0.0217868983504574,"L1","L1: + home, season, opponent, win-probability FE","home; season FE; opponent FE; pre-match win-probability ventile FE","season; opponent; win-probability ventile","OLS (feols)","conditional mean difference per match, possession common support","common_possession_support",47.826,71.1,714,219,0.30672268907563,724,134,"20261003-175015","17-barcelona-style-adjusted-decisions.R","4237598ec443fe56d60744856219d211",0.95,"cluster: season (t with G-1 df)","two-way cluster: match + team-season (SE only)"
"barca_minus_madrid","Barcelona minus Real Madrid",0.0120587560935363,0.031339840301627,0.384774012167198,0.7044659903671,-0.0533150052188072,0.0774325174058798,0.0283310013800257,7975,7975,0,6878,21,495,590,453,6437,20,2.08596344726586,0.0594357366771157,0.524521287451795,0.066024545595775,0.526037340923903,"net_red","Net red cards (opp. - own)",1,0.0120587560935363,-0.0533150052188072,0.0774325174058798,"L1","L1: + home, season, opponent, win-probability FE","home; season FE; opponent FE; pre-match win-probability ventile FE","season; opponent; win-probability ventile","OLS (feols)","conditional mean difference per match, possession common support","common_possession_support",47.826,71.1,714,219,0.30672268907563,724,134,"20261003-175015","17-barcelona-style-adjusted-decisions.R","4237598ec443fe56d60744856219d211",0.95,"cluster: season (t with G-1 df)","two-way cluster: match + team-season (SE only)"
"barca","Barcelona vs non-elite La Liga teams",-0.136195903656941,0.0379299219248087,-3.59072459803455,0.00182728440339088,-0.21531633434974,-0.0570754729641416,0.0348495199796164,7975,7975,0,6878,21,495,590,453,6437,20,2.08596344726586,0.0594357366771157,0.524521287451795,0.066024545595775,0.526037340923903,"net_red","Net red cards (opp. - own)",1,-0.136195903656941,-0.21531633434974,-0.0570754729641416,"L3","L3: same-match style instead of lagged style (descriptive)","L1 + natural splines of same-match own possession (df 5), own shots (df 3), opponent shots (df 3); endogenous to decisions","season; opponent; win-probability ventile","OLS (feols)","conditional mean difference per match, possession common support","common_possession_support",47.826,71.1,714,219,0.30672268907563,724,134,"20261003-175015","17-barcelona-style-adjusted-decisions.R","4237598ec443fe56d60744856219d211",0.95,"cluster: season (t with G-1 df)","two-way cluster: match + team-season (SE only)"
"madrid","Real Madrid vs non-elite La Liga teams",-0.112788639857055,0.0285789559363229,-3.94656264239886,0.000797137077610623,-0.172403297301247,-0.0531739824128637,0.0283803714370363,7975,7975,0,6878,21,495,590,453,6437,20,2.08596344726586,0.0594357366771157,0.524521287451795,0.066024545595775,0.526037340923903,"net_red","Net red cards (opp. - own)",1,-0.112788639857055,-0.172403297301247,-0.0531739824128637,"L3","L3: same-match style instead of lagged style (descriptive)","L1 + natural splines of same-match own possession (df 5), own shots (df 3), opponent shots (df 3); endogenous to decisions","season; opponent; win-probability ventile","OLS (feols)","conditional mean difference per match, possession common support","common_possession_support",47.826,71.1,714,219,0.30672268907563,724,134,"20261003-175015","17-barcelona-style-adjusted-decisions.R","4237598ec443fe56d60744856219d211",0.95,"cluster: season (t with G-1 df)","two-way cluster: match + team-season (SE only)"
"barca_minus_madrid","Barcelona minus Real Madrid",-0.0234072637998856,0.0376467406426041,-0.621760699607446,0.541122684316421,-0.101936988689056,0.0551224610892848,0.0315223604009868,7975,7975,0,6878,21,495,590,453,6437,20,2.08596344726586,0.0594357366771157,0.524521287451795,0.066024545595775,0.526037340923903,"net_red","Net red cards (opp. - own)",1,-0.0234072637998856,-0.101936988689056,0.0551224610892848,"L3","L3: same-match style instead of lagged style (descriptive)","L1 + natural splines of same-match own possession (df 5), own shots (df 3), opponent shots (df 3); endogenous to decisions","season; opponent; win-probability ventile","OLS (feols)","conditional mean difference per match, possession common support","common_possession_support",47.826,71.1,714,219,0.30672268907563,724,134,"20261003-175015","17-barcelona-style-adjusted-decisions.R","4237598ec443fe56d60744856219d211",0.95,"cluster: season (t with G-1 df)","two-way cluster: match + team-season (SE only)"
"barca","Barcelona vs non-elite La Liga teams",-0.00727197383814225,0.0396347179102073,-0.18347484784973,0.856272776878615,-0.0899485466415285,0.075404598965244,0.0362858055187209,7951,7951,0,6859,21,494,589,451,6417,20,2.08596344726586,0.0226386618035465,0.536459982960219,0.0068567866604331,0.526672952215317,"net_pens","Net penalties (for - against)",1,-0.00727197383814225,-0.0899485466415285,0.075404598965244,"L1","L1: + home, season, opponent, win-probability FE","home; season FE; opponent FE; pre-match win-probability ventile FE","season; opponent; win-probability ventile","OLS (feols)","conditional mean difference per match, possession common support","pens_possession_support",47.826,71.1,713,219,0.307152875175316,723,134,"20261003-175015","17-barcelona-style-adjusted-decisions.R","4237598ec443fe56d60744856219d211",0.95,"cluster: season (t with G-1 df)","two-way cluster: match + team-season (SE only)"
"madrid","Real Madrid vs non-elite La Liga teams",0.0161320169896061,0.0363799331275682,0.443431738399251,0.662213250052532,-0.0597551937284777,0.0920192277076898,0.0339116895168296,7951,7951,0,6859,21,494,589,451,6417,20,2.08596344726586,0.0226386618035465,0.536459982960219,0.0068567866604331,0.526672952215317,"net_pens","Net penalties (for - against)",1,0.0161320169896061,-0.0597551937284777,0.0920192277076898,"L1","L1: + home, season, opponent, win-probability FE","home; season FE; opponent FE; pre-match win-probability ventile FE","season; opponent; win-probability ventile","OLS (feols)","conditional mean difference per match, possession common support","pens_possession_support",47.826,71.1,713,219,0.307152875175316,723,134,"20261003-175015","17-barcelona-style-adjusted-decisions.R","4237598ec443fe56d60744856219d211",0.95,"cluster: season (t with G-1 df)","two-way cluster: match + team-season (SE only)"
"barca_minus_madrid","Barcelona minus Real Madrid",-0.0234039908277483,0.0410316533216795,-0.570388686126439,0.574766925065765,-0.108994519837657,0.0621865381821601,0.0390579085898102,7951,7951,0,6859,21,494,589,451,6417,20,2.08596344726586,0.0226386618035465,0.536459982960219,0.0068567866604331,0.526672952215317,"net_pens","Net penalties (for - against)",1,-0.0234039908277483,-0.108994519837657,0.0621865381821601,"L1","L1: + home, season, opponent, win-probability FE","home; season FE; opponent FE; pre-match win-probability ventile FE","season; opponent; win-probability ventile","OLS (feols)","conditional mean difference per match, possession common support","pens_possession_support",47.826,71.1,713,219,0.307152875175316,723,134,"20261003-175015","17-barcelona-style-adjusted-decisions.R","4237598ec443fe56d60744856219d211",0.95,"cluster: season (t with G-1 df)","two-way cluster: match + team-season (SE only)"
"barca","Barcelona vs non-elite La Liga teams",0.0117145997807441,0.0409307666506487,0.28620523726639,0.777664518826105,-0.0736654833210777,0.097094682882566,0.0370014507590068,7951,7951,0,6859,21,494,589,451,6417,20,2.08596344726586,0.0226386618035465,0.536459982960219,0.0068567866604331,0.526672952215317,"net_pens","Net penalties (for - against)",1,0.0117145997807441,-0.0736654833210777,0.097094682882566,"L3","L3: same-match style instead of lagged style (descriptive)","L1 + natural splines of same-match own possession (df 5), own shots (df 3), opponent shots (df 3); endogenous to decisions","season; opponent; win-probability ventile","OLS (feols)","conditional mean difference per match, possession common support","pens_possession_support",47.826,71.1,713,219,0.307152875175316,723,134,"20261003-175015","17-barcelona-style-adjusted-decisions.R","4237598ec443fe56d60744856219d211",0.95,"cluster: season (t with G-1 df)","two-way cluster: match + team-season (SE only)"
"madrid","Real Madrid vs non-elite La Liga teams",0.0115198100440086,0.0372865053355252,0.30895386790333,0.760551996044345,-0.0662584771621806,0.0892980972501979,0.034098037402532,7951,7951,0,6859,21,494,589,451,6417,20,2.08596344726586,0.0226386618035465,0.536459982960219,0.0068567866604331,0.526672952215317,"net_pens","Net penalties (for - against)",1,0.0115198100440086,-0.0662584771621806,0.0892980972501979,"L3","L3: same-match style instead of lagged style (descriptive)","L1 + natural splines of same-match own possession (df 5), own shots (df 3), opponent shots (df 3); endogenous to decisions","season; opponent; win-probability ventile","OLS (feols)","conditional mean difference per match, possession common support","pens_possession_support",47.826,71.1,713,219,0.307152875175316,723,134,"20261003-175015","17-barcelona-style-adjusted-decisions.R","4237598ec443fe56d60744856219d211",0.95,"cluster: season (t with G-1 df)","two-way cluster: match + team-season (SE only)"
"barca_minus_madrid","Barcelona minus Real Madrid",0.000194789736735486,0.0419718403122932,0.0046409624950001,0.996343041284478,-0.087356934969188,0.087746514442659,0.0397559725617541,7951,7951,0,6859,21,494,589,451,6417,20,2.08596344726586,0.0226386618035465,0.536459982960219,0.0068567866604331,0.526672952215317,"net_pens","Net penalties (for - against)",1,0.000194789736735486,-0.087356934969188,0.087746514442659,"L3","L3: same-match style instead of lagged style (descriptive)","L1 + natural splines of same-match own possession (df 5), own shots (df 3), opponent shots (df 3); endogenous to decisions","season; opponent; win-probability ventile","OLS (feols)","conditional mean difference per match, possession common support","pens_possession_support",47.826,71.1,713,219,0.307152875175316,723,134,"20261003-175015","17-barcelona-style-adjusted-decisions.R","4237598ec443fe56d60744856219d211",0.95,"cluster: season (t with G-1 df)","two-way cluster: match + team-season (SE only)"
