"contrast","contrast_label","estimate","se","t_stat","p_value","ci_low","ci_high","se_twoway_match_teamseason","n_obs","n_input","n_dropped","n_matches","n_seasons","n_barca","n_madrid","n_other_elite","n_nonelite","df_t","t_crit","dep_mean","dep_sd","baseline_nonelite_mean","baseline_nonelite_sd","outcome","outcome_label","favorable_sign","estimate_signed","ci_low_signed","ci_high_signed","rung","rung_label","controls","fixed_effects","estimator","estimand","sample","n_barca_pre","n_barca_post","n_seasons_pre","n_seasons_post","era_cut","run_id","script","input_md5","ci_level","inference_primary","inference_secondary"
"barca_pre","Barcelona vs non-elite, 2005/06-2017/18",-0.108752556636998,0.0934312030486227,-1.16398540410961,0.258128205678566,-0.3036466310305,0.0861415177565042,0.115718506902133,14510,14510,0,7255,21,714,724,731,12341,20,2.08596344726586,2.49793246037218,1.49461869219841,2.5500364638198,1.49245407433069,"own_yellow","Yellow cards received",-1,0.108752556636998,-0.0861415177565042,0.3036466310305,"L2_era","L2: + prior-match style (lagged possession, shots; both teams), team indicators interacted with era (pre/post 2018)","L1 + natural splines of season-to-date prior-match possession (df 4) and shots (df 3), own and opponent","season; opponent; win-probability ventile","OLS (feols), team indicators interacted with era","conditional mean difference per match by era, La Liga","common",450,264,13,8,"post = season_start > 2017 (Negreira exit; VAR start)","20261003-175015","17-barcelona-style-adjusted-decisions.R","4237598ec443fe56d60744856219d211",0.95,"cluster: season (t with G-1 df)","two-way cluster: match + team-season (SE only)"
"barca_post","Barcelona vs non-elite, 2018/19-2025/26",0.18444623210446,0.0998649229694102,1.84695713590004,0.0796031359174463,-0.0238683468737511,0.392760811082671,0.111758922522218,14510,14510,0,7255,21,714,724,731,12341,20,2.08596344726586,2.49793246037218,1.49461869219841,2.5500364638198,1.49245407433069,"own_yellow","Yellow cards received",-1,-0.18444623210446,-0.392760811082671,0.0238683468737511,"L2_era","L2: + prior-match style (lagged possession, shots; both teams), team indicators interacted with era (pre/post 2018)","L1 + natural splines of season-to-date prior-match possession (df 4) and shots (df 3), own and opponent","season; opponent; win-probability ventile","OLS (feols), team indicators interacted with era","conditional mean difference per match by era, La Liga","common",450,264,13,8,"post = season_start > 2017 (Negreira exit; VAR start)","20261003-175015","17-barcelona-style-adjusted-decisions.R","4237598ec443fe56d60744856219d211",0.95,"cluster: season (t with G-1 df)","two-way cluster: match + team-season (SE only)"
"barca_post_minus_pre","Barcelona: post minus pre 2018",0.293198788741458,0.0865728316878541,3.3867297976184,0.00292962544670798,0.112611026314294,0.473786551168621,0.0878449180990746,14510,14510,0,7255,21,714,724,731,12341,20,2.08596344726586,2.49793246037218,1.49461869219841,2.5500364638198,1.49245407433069,"own_yellow","Yellow cards received",-1,-0.293198788741458,-0.473786551168621,-0.112611026314294,"L2_era","L2: + prior-match style (lagged possession, shots; both teams), team indicators interacted with era (pre/post 2018)","L1 + natural splines of season-to-date prior-match possession (df 4) and shots (df 3), own and opponent","season; opponent; win-probability ventile","OLS (feols), team indicators interacted with era","conditional mean difference per match by era, La Liga","common",450,264,13,8,"post = season_start > 2017 (Negreira exit; VAR start)","20261003-175015","17-barcelona-style-adjusted-decisions.R","4237598ec443fe56d60744856219d211",0.95,"cluster: season (t with G-1 df)","two-way cluster: match + team-season (SE only)"
"madrid_pre","Real Madrid vs non-elite, 2005/06-2017/18",0.2021096378259,0.117647253532698,1.71792907829954,0.101254165260795,-0.0432982327145273,0.447517508366328,0.133265991962621,14510,14510,0,7255,21,714,724,731,12341,20,2.08596344726586,2.49793246037218,1.49461869219841,2.5500364638198,1.49245407433069,"own_yellow","Yellow cards received",-1,-0.2021096378259,-0.447517508366328,0.0432982327145273,"L2_era","L2: + prior-match style (lagged possession, shots; both teams), team indicators interacted with era (pre/post 2018)","L1 + natural splines of season-to-date prior-match possession (df 4) and shots (df 3), own and opponent","season; opponent; win-probability ventile","OLS (feols), team indicators interacted with era","conditional mean difference per match by era, La Liga","common",450,264,13,8,"post = season_start > 2017 (Negreira exit; VAR start)","20261003-175015","17-barcelona-style-adjusted-decisions.R","4237598ec443fe56d60744856219d211",0.95,"cluster: season (t with G-1 df)","two-way cluster: match + team-season (SE only)"
"madrid_post","Real Madrid vs non-elite, 2018/19-2025/26",-0.186860016919261,0.0754426262470443,-2.47684931205031,0.0223078100106714,-0.344230577636335,-0.0294894562021858,0.0922532031698624,14510,14510,0,7255,21,714,724,731,12341,20,2.08596344726586,2.49793246037218,1.49461869219841,2.5500364638198,1.49245407433069,"own_yellow","Yellow cards received",-1,0.186860016919261,0.0294894562021858,0.344230577636335,"L2_era","L2: + prior-match style (lagged possession, shots; both teams), team indicators interacted with era (pre/post 2018)","L1 + natural splines of season-to-date prior-match possession (df 4) and shots (df 3), own and opponent","season; opponent; win-probability ventile","OLS (feols), team indicators interacted with era","conditional mean difference per match by era, La Liga","common",450,264,13,8,"post = season_start > 2017 (Negreira exit; VAR start)","20261003-175015","17-barcelona-style-adjusted-decisions.R","4237598ec443fe56d60744856219d211",0.95,"cluster: season (t with G-1 df)","two-way cluster: match + team-season (SE only)"
"madrid_post_minus_pre","Real Madrid: post minus pre 2018",-0.388969654745161,0.12621724910992,-3.081747205617,0.00588326906161852,-0.652254222802904,-0.125685086687418,0.117259380550036,14510,14510,0,7255,21,714,724,731,12341,20,2.08596344726586,2.49793246037218,1.49461869219841,2.5500364638198,1.49245407433069,"own_yellow","Yellow cards received",-1,0.388969654745161,0.125685086687418,0.652254222802904,"L2_era","L2: + prior-match style (lagged possession, shots; both teams), team indicators interacted with era (pre/post 2018)","L1 + natural splines of season-to-date prior-match possession (df 4) and shots (df 3), own and opponent","season; opponent; win-probability ventile","OLS (feols), team indicators interacted with era","conditional mean difference per match by era, La Liga","common",450,264,13,8,"post = season_start > 2017 (Negreira exit; VAR start)","20261003-175015","17-barcelona-style-adjusted-decisions.R","4237598ec443fe56d60744856219d211",0.95,"cluster: season (t with G-1 df)","two-way cluster: match + team-season (SE only)"
"barca_minus_madrid_pre","Barcelona minus Real Madrid, 2005/06-2017/18",-0.310862194462898,0.136763781086975,-2.27298625405221,0.034205981333262,-0.596146442720198,-0.0255779462055988,0.14381230960163,14510,14510,0,7255,21,714,724,731,12341,20,2.08596344726586,2.49793246037218,1.49461869219841,2.5500364638198,1.49245407433069,"own_yellow","Yellow cards received",-1,0.310862194462898,0.0255779462055988,0.596146442720198,"L2_era","L2: + prior-match style (lagged possession, shots; both teams), team indicators interacted with era (pre/post 2018)","L1 + natural splines of season-to-date prior-match possession (df 4) and shots (df 3), own and opponent","season; opponent; win-probability ventile","OLS (feols), team indicators interacted with era","conditional mean difference per match by era, La Liga","common",450,264,13,8,"post = season_start > 2017 (Negreira exit; VAR start)","20261003-175015","17-barcelona-style-adjusted-decisions.R","4237598ec443fe56d60744856219d211",0.95,"cluster: season (t with G-1 df)","two-way cluster: match + team-season (SE only)"
"barca_minus_madrid_post","Barcelona minus Real Madrid, 2018/19-2025/26",0.37130624902372,0.0833431359676825,4.45515092169917,0.000242876168981044,0.197455513814626,0.545156984232815,0.0992706861250253,14510,14510,0,7255,21,714,724,731,12341,20,2.08596344726586,2.49793246037218,1.49461869219841,2.5500364638198,1.49245407433069,"own_yellow","Yellow cards received",-1,-0.37130624902372,-0.545156984232815,-0.197455513814626,"L2_era","L2: + prior-match style (lagged possession, shots; both teams), team indicators interacted with era (pre/post 2018)","L1 + natural splines of season-to-date prior-match possession (df 4) and shots (df 3), own and opponent","season; opponent; win-probability ventile","OLS (feols), team indicators interacted with era","conditional mean difference per match by era, La Liga","common",450,264,13,8,"post = season_start > 2017 (Negreira exit; VAR start)","20261003-175015","17-barcelona-style-adjusted-decisions.R","4237598ec443fe56d60744856219d211",0.95,"cluster: season (t with G-1 df)","two-way cluster: match + team-season (SE only)"
"gap_change","Change in (Barcelona minus Real Madrid) after 2018",0.682168443486619,0.140719829928244,4.84770656583702,9.76246783341043e-05,0.388632021950832,0.975704865022405,0.135255787082364,14510,14510,0,7255,21,714,724,731,12341,20,2.08596344726586,2.49793246037218,1.49461869219841,2.5500364638198,1.49245407433069,"own_yellow","Yellow cards received",-1,-0.682168443486619,-0.975704865022405,-0.388632021950832,"L2_era","L2: + prior-match style (lagged possession, shots; both teams), team indicators interacted with era (pre/post 2018)","L1 + natural splines of season-to-date prior-match possession (df 4) and shots (df 3), own and opponent","season; opponent; win-probability ventile","OLS (feols), team indicators interacted with era","conditional mean difference per match by era, La Liga","common",450,264,13,8,"post = season_start > 2017 (Negreira exit; VAR start)","20261003-175015","17-barcelona-style-adjusted-decisions.R","4237598ec443fe56d60744856219d211",0.95,"cluster: season (t with G-1 df)","two-way cluster: match + team-season (SE only)"
"barca_pre","Barcelona vs non-elite, 2005/06-2017/18",-0.129240937303279,0.164576315105474,-0.785294878065844,0.441484862490908,-0.472541114899006,0.214059240292448,0.149748819484806,14510,14510,0,7255,21,714,724,731,12341,20,2.08596344726586,2.49793246037218,1.49461869219841,2.48399643464873,1.49521357612775,"opp_yellow","Yellow cards to opponent",1,-0.129240937303279,-0.472541114899006,0.214059240292448,"L2_era","L2: + prior-match style (lagged possession, shots; both teams), team indicators interacted with era (pre/post 2018)","L1 + natural splines of season-to-date prior-match possession (df 4) and shots (df 3), own and opponent","season; opponent; win-probability ventile","OLS (feols), team indicators interacted with era","conditional mean difference per match by era, La Liga","common",450,264,13,8,"post = season_start > 2017 (Negreira exit; VAR start)","20261003-175015","17-barcelona-style-adjusted-decisions.R","4237598ec443fe56d60744856219d211",0.95,"cluster: season (t with G-1 df)","two-way cluster: match + team-season (SE only)"
"barca_post","Barcelona vs non-elite, 2018/19-2025/26",-0.519250364715451,0.147805489625479,-3.51306548918561,0.00218791215857843,-0.827567213379433,-0.210933516051469,0.142400060454951,14510,14510,0,7255,21,714,724,731,12341,20,2.08596344726586,2.49793246037218,1.49461869219841,2.48399643464873,1.49521357612775,"opp_yellow","Yellow cards to opponent",1,-0.519250364715451,-0.827567213379433,-0.210933516051469,"L2_era","L2: + prior-match style (lagged possession, shots; both teams), team indicators interacted with era (pre/post 2018)","L1 + natural splines of season-to-date prior-match possession (df 4) and shots (df 3), own and opponent","season; opponent; win-probability ventile","OLS (feols), team indicators interacted with era","conditional mean difference per match by era, La Liga","common",450,264,13,8,"post = season_start > 2017 (Negreira exit; VAR start)","20261003-175015","17-barcelona-style-adjusted-decisions.R","4237598ec443fe56d60744856219d211",0.95,"cluster: season (t with G-1 df)","two-way cluster: match + team-season (SE only)"
"barca_post_minus_pre","Barcelona: post minus pre 2018",-0.390009427412172,0.101468440951323,-3.84365250668699,0.00101378551792335,-0.601668886287686,-0.178349968536658,0.0976409399573991,14510,14510,0,7255,21,714,724,731,12341,20,2.08596344726586,2.49793246037218,1.49461869219841,2.48399643464873,1.49521357612775,"opp_yellow","Yellow cards to opponent",1,-0.390009427412172,-0.601668886287686,-0.178349968536658,"L2_era","L2: + prior-match style (lagged possession, shots; both teams), team indicators interacted with era (pre/post 2018)","L1 + natural splines of season-to-date prior-match possession (df 4) and shots (df 3), own and opponent","season; opponent; win-probability ventile","OLS (feols), team indicators interacted with era","conditional mean difference per match by era, La Liga","common",450,264,13,8,"post = season_start > 2017 (Negreira exit; VAR start)","20261003-175015","17-barcelona-style-adjusted-decisions.R","4237598ec443fe56d60744856219d211",0.95,"cluster: season (t with G-1 df)","two-way cluster: match + team-season (SE only)"
"madrid_pre","Real Madrid vs non-elite, 2005/06-2017/18",-0.0639369911836219,0.115861021057664,-0.551842117391666,0.587170443671834,-0.30561884607281,0.177744863705567,0.11555197772058,14510,14510,0,7255,21,714,724,731,12341,20,2.08596344726586,2.49793246037218,1.49461869219841,2.48399643464873,1.49521357612775,"opp_yellow","Yellow cards to opponent",1,-0.0639369911836219,-0.30561884607281,0.177744863705567,"L2_era","L2: + prior-match style (lagged possession, shots; both teams), team indicators interacted with era (pre/post 2018)","L1 + natural splines of season-to-date prior-match possession (df 4) and shots (df 3), own and opponent","season; opponent; win-probability ventile","OLS (feols), team indicators interacted with era","conditional mean difference per match by era, La Liga","common",450,264,13,8,"post = season_start > 2017 (Negreira exit; VAR start)","20261003-175015","17-barcelona-style-adjusted-decisions.R","4237598ec443fe56d60744856219d211",0.95,"cluster: season (t with G-1 df)","two-way cluster: match + team-season (SE only)"
"madrid_post","Real Madrid vs non-elite, 2018/19-2025/26",-0.457259908264714,0.10435094611207,-4.3819430997169,0.000288106683473999,-0.674932167542102,-0.239587648987327,0.122407898595362,14510,14510,0,7255,21,714,724,731,12341,20,2.08596344726586,2.49793246037218,1.49461869219841,2.48399643464873,1.49521357612775,"opp_yellow","Yellow cards to opponent",1,-0.457259908264714,-0.674932167542102,-0.239587648987327,"L2_era","L2: + prior-match style (lagged possession, shots; both teams), team indicators interacted with era (pre/post 2018)","L1 + natural splines of season-to-date prior-match possession (df 4) and shots (df 3), own and opponent","season; opponent; win-probability ventile","OLS (feols), team indicators interacted with era","conditional mean difference per match by era, La Liga","common",450,264,13,8,"post = season_start > 2017 (Negreira exit; VAR start)","20261003-175015","17-barcelona-style-adjusted-decisions.R","4237598ec443fe56d60744856219d211",0.95,"cluster: season (t with G-1 df)","two-way cluster: match + team-season (SE only)"
"madrid_post_minus_pre","Real Madrid: post minus pre 2018",-0.393322917081093,0.119352855972721,-3.29546296882071,0.00361381309155609,-0.642288611966975,-0.14435722219521,0.128286118906438,14510,14510,0,7255,21,714,724,731,12341,20,2.08596344726586,2.49793246037218,1.49461869219841,2.48399643464873,1.49521357612775,"opp_yellow","Yellow cards to opponent",1,-0.393322917081093,-0.642288611966975,-0.14435722219521,"L2_era","L2: + prior-match style (lagged possession, shots; both teams), team indicators interacted with era (pre/post 2018)","L1 + natural splines of season-to-date prior-match possession (df 4) and shots (df 3), own and opponent","season; opponent; win-probability ventile","OLS (feols), team indicators interacted with era","conditional mean difference per match by era, La Liga","common",450,264,13,8,"post = season_start > 2017 (Negreira exit; VAR start)","20261003-175015","17-barcelona-style-adjusted-decisions.R","4237598ec443fe56d60744856219d211",0.95,"cluster: season (t with G-1 df)","two-way cluster: match + team-season (SE only)"
"barca_minus_madrid_pre","Barcelona minus Real Madrid, 2005/06-2017/18",-0.0653039461196571,0.135750039805847,-0.481060235511212,0.635694642715965,-0.348473567119539,0.217865674880225,0.155461577276998,14510,14510,0,7255,21,714,724,731,12341,20,2.08596344726586,2.49793246037218,1.49461869219841,2.48399643464873,1.49521357612775,"opp_yellow","Yellow cards to opponent",1,-0.0653039461196571,-0.348473567119539,0.217865674880225,"L2_era","L2: + prior-match style (lagged possession, shots; both teams), team indicators interacted with era (pre/post 2018)","L1 + natural splines of season-to-date prior-match possession (df 4) and shots (df 3), own and opponent","season; opponent; win-probability ventile","OLS (feols), team indicators interacted with era","conditional mean difference per match by era, La Liga","common",450,264,13,8,"post = season_start > 2017 (Negreira exit; VAR start)","20261003-175015","17-barcelona-style-adjusted-decisions.R","4237598ec443fe56d60744856219d211",0.95,"cluster: season (t with G-1 df)","two-way cluster: match + team-season (SE only)"
"barca_minus_madrid_post","Barcelona minus Real Madrid, 2018/19-2025/26",-0.0619904564507366,0.161335449717869,-0.384233326024385,0.704860333197771,-0.398530307310411,0.274549394408938,0.145133571156184,14510,14510,0,7255,21,714,724,731,12341,20,2.08596344726586,2.49793246037218,1.49461869219841,2.48399643464873,1.49521357612775,"opp_yellow","Yellow cards to opponent",1,-0.0619904564507366,-0.398530307310411,0.274549394408938,"L2_era","L2: + prior-match style (lagged possession, shots; both teams), team indicators interacted with era (pre/post 2018)","L1 + natural splines of season-to-date prior-match possession (df 4) and shots (df 3), own and opponent","season; opponent; win-probability ventile","OLS (feols), team indicators interacted with era","conditional mean difference per match by era, La Liga","common",450,264,13,8,"post = season_start > 2017 (Negreira exit; VAR start)","20261003-175015","17-barcelona-style-adjusted-decisions.R","4237598ec443fe56d60744856219d211",0.95,"cluster: season (t with G-1 df)","two-way cluster: match + team-season (SE only)"
"gap_change","Change in (Barcelona minus Real Madrid) after 2018",0.00331348966892042,0.162667219290101,0.0203697443368178,0.983950271881097,-0.33600438383861,0.342631363176451,0.149609109560487,14510,14510,0,7255,21,714,724,731,12341,20,2.08596344726586,2.49793246037218,1.49461869219841,2.48399643464873,1.49521357612775,"opp_yellow","Yellow cards to opponent",1,0.00331348966892042,-0.33600438383861,0.342631363176451,"L2_era","L2: + prior-match style (lagged possession, shots; both teams), team indicators interacted with era (pre/post 2018)","L1 + natural splines of season-to-date prior-match possession (df 4) and shots (df 3), own and opponent","season; opponent; win-probability ventile","OLS (feols), team indicators interacted with era","conditional mean difference per match by era, La Liga","common",450,264,13,8,"post = season_start > 2017 (Negreira exit; VAR start)","20261003-175015","17-barcelona-style-adjusted-decisions.R","4237598ec443fe56d60744856219d211",0.95,"cluster: season (t with G-1 df)","two-way cluster: match + team-season (SE only)"
"barca_pre","Barcelona vs non-elite, 2005/06-2017/18",-0.020488380659891,0.179502705016669,-0.114139676379743,0.910265131598735,-0.394924462010009,0.353947700690227,0.190471814589306,14510,14510,0,7255,21,714,724,731,12341,20,2.08596344726586,0,1.9386482099482,-0.0660400291710544,1.9474285371514,"net_yellow","Net yellow cards (opp. - own)",1,-0.020488380659891,-0.394924462010009,0.353947700690227,"L2_era","L2: + prior-match style (lagged possession, shots; both teams), team indicators interacted with era (pre/post 2018)","L1 + natural splines of season-to-date prior-match possession (df 4) and shots (df 3), own and opponent","season; opponent; win-probability ventile","OLS (feols), team indicators interacted with era","conditional mean difference per match by era, La Liga","common",450,264,13,8,"post = season_start > 2017 (Negreira exit; VAR start)","20261003-175015","17-barcelona-style-adjusted-decisions.R","4237598ec443fe56d60744856219d211",0.95,"cluster: season (t with G-1 df)","two-way cluster: match + team-season (SE only)"
"barca_post","Barcelona vs non-elite, 2018/19-2025/26",-0.7036965968137,0.181358213002626,-3.8801473898704,0.000930961330482057,-1.08200319999864,-0.325389993628764,0.187027177589333,14510,14510,0,7255,21,714,724,731,12341,20,2.08596344726586,0,1.9386482099482,-0.0660400291710544,1.9474285371514,"net_yellow","Net yellow cards (opp. - own)",1,-0.7036965968137,-1.08200319999864,-0.325389993628764,"L2_era","L2: + prior-match style (lagged possession, shots; both teams), team indicators interacted with era (pre/post 2018)","L1 + natural splines of season-to-date prior-match possession (df 4) and shots (df 3), own and opponent","season; opponent; win-probability ventile","OLS (feols), team indicators interacted with era","conditional mean difference per match by era, La Liga","common",450,264,13,8,"post = season_start > 2017 (Negreira exit; VAR start)","20261003-175015","17-barcelona-style-adjusted-decisions.R","4237598ec443fe56d60744856219d211",0.95,"cluster: season (t with G-1 df)","two-way cluster: match + team-season (SE only)"
"barca_post_minus_pre","Barcelona: post minus pre 2018",-0.683208216153809,0.119297482704967,-5.72692902366971,1.324865375714e-05,-0.932058404427201,-0.434358027880417,0.124247512962094,14510,14510,0,7255,21,714,724,731,12341,20,2.08596344726586,0,1.9386482099482,-0.0660400291710544,1.9474285371514,"net_yellow","Net yellow cards (opp. - own)",1,-0.683208216153809,-0.932058404427201,-0.434358027880417,"L2_era","L2: + prior-match style (lagged possession, shots; both teams), team indicators interacted with era (pre/post 2018)","L1 + natural splines of season-to-date prior-match possession (df 4) and shots (df 3), own and opponent","season; opponent; win-probability ventile","OLS (feols), team indicators interacted with era","conditional mean difference per match by era, La Liga","common",450,264,13,8,"post = season_start > 2017 (Negreira exit; VAR start)","20261003-175015","17-barcelona-style-adjusted-decisions.R","4237598ec443fe56d60744856219d211",0.95,"cluster: season (t with G-1 df)","two-way cluster: match + team-season (SE only)"
"madrid_pre","Real Madrid vs non-elite, 2005/06-2017/18",-0.266046629006122,0.0996862759546882,-2.66883907998581,0.0147485209198381,-0.473988556841659,-0.0581047011705839,0.13195510765718,14510,14510,0,7255,21,714,724,731,12341,20,2.08596344726586,0,1.9386482099482,-0.0660400291710544,1.9474285371514,"net_yellow","Net yellow cards (opp. - own)",1,-0.266046629006122,-0.473988556841659,-0.0581047011705839,"L2_era","L2: + prior-match style (lagged possession, shots; both teams), team indicators interacted with era (pre/post 2018)","L1 + natural splines of season-to-date prior-match possession (df 4) and shots (df 3), own and opponent","season; opponent; win-probability ventile","OLS (feols), team indicators interacted with era","conditional mean difference per match by era, La Liga","common",450,264,13,8,"post = season_start > 2017 (Negreira exit; VAR start)","20261003-175015","17-barcelona-style-adjusted-decisions.R","4237598ec443fe56d60744856219d211",0.95,"cluster: season (t with G-1 df)","two-way cluster: match + team-season (SE only)"
"madrid_post","Real Madrid vs non-elite, 2018/19-2025/26",-0.270399891341575,0.136046610414485,-1.9875533136604,0.0607273629557637,-0.55418814779061,0.01338836510746,0.153997439933012,14510,14510,0,7255,21,714,724,731,12341,20,2.08596344726586,0,1.9386482099482,-0.0660400291710544,1.9474285371514,"net_yellow","Net yellow cards (opp. - own)",1,-0.270399891341575,-0.55418814779061,0.01338836510746,"L2_era","L2: + prior-match style (lagged possession, shots; both teams), team indicators interacted with era (pre/post 2018)","L1 + natural splines of season-to-date prior-match possession (df 4) and shots (df 3), own and opponent","season; opponent; win-probability ventile","OLS (feols), team indicators interacted with era","conditional mean difference per match by era, La Liga","common",450,264,13,8,"post = season_start > 2017 (Negreira exit; VAR start)","20261003-175015","17-barcelona-style-adjusted-decisions.R","4237598ec443fe56d60744856219d211",0.95,"cluster: season (t with G-1 df)","two-way cluster: match + team-season (SE only)"
"madrid_post_minus_pre","Real Madrid: post minus pre 2018",-0.0043532623354533,0.128715498946023,-0.0338208092350934,0.973355307973495,-0.272849088233445,0.264142563562538,0.14606407121344,14510,14510,0,7255,21,714,724,731,12341,20,2.08596344726586,0,1.9386482099482,-0.0660400291710544,1.9474285371514,"net_yellow","Net yellow cards (opp. - own)",1,-0.0043532623354533,-0.272849088233445,0.264142563562538,"L2_era","L2: + prior-match style (lagged possession, shots; both teams), team indicators interacted with era (pre/post 2018)","L1 + natural splines of season-to-date prior-match possession (df 4) and shots (df 3), own and opponent","season; opponent; win-probability ventile","OLS (feols), team indicators interacted with era","conditional mean difference per match by era, La Liga","common",450,264,13,8,"post = season_start > 2017 (Negreira exit; VAR start)","20261003-175015","17-barcelona-style-adjusted-decisions.R","4237598ec443fe56d60744856219d211",0.95,"cluster: season (t with G-1 df)","two-way cluster: match + team-season (SE only)"
"barca_minus_madrid_pre","Barcelona minus Real Madrid, 2005/06-2017/18",0.245558248346231,0.174940412063197,1.40366794298806,0.175754763210332,-0.119361056667226,0.610477553359687,0.188504699939723,14510,14510,0,7255,21,714,724,731,12341,20,2.08596344726586,0,1.9386482099482,-0.0660400291710544,1.9474285371514,"net_yellow","Net yellow cards (opp. - own)",1,0.245558248346231,-0.119361056667226,0.610477553359687,"L2_era","L2: + prior-match style (lagged possession, shots; both teams), team indicators interacted with era (pre/post 2018)","L1 + natural splines of season-to-date prior-match possession (df 4) and shots (df 3), own and opponent","season; opponent; win-probability ventile","OLS (feols), team indicators interacted with era","conditional mean difference per match by era, La Liga","common",450,264,13,8,"post = season_start > 2017 (Negreira exit; VAR start)","20261003-175015","17-barcelona-style-adjusted-decisions.R","4237598ec443fe56d60744856219d211",0.95,"cluster: season (t with G-1 df)","two-way cluster: match + team-season (SE only)"
"barca_minus_madrid_post","Barcelona minus Real Madrid, 2018/19-2025/26",-0.433296705472125,0.186454902297095,-2.32386866815502,0.030783148227061,-0.822234816227394,-0.0443585947168559,0.18945573103505,14510,14510,0,7255,21,714,724,731,12341,20,2.08596344726586,0,1.9386482099482,-0.0660400291710544,1.9474285371514,"net_yellow","Net yellow cards (opp. - own)",1,-0.433296705472125,-0.822234816227394,-0.0443585947168559,"L2_era","L2: + prior-match style (lagged possession, shots; both teams), team indicators interacted with era (pre/post 2018)","L1 + natural splines of season-to-date prior-match possession (df 4) and shots (df 3), own and opponent","season; opponent; win-probability ventile","OLS (feols), team indicators interacted with era","conditional mean difference per match by era, La Liga","common",450,264,13,8,"post = season_start > 2017 (Negreira exit; VAR start)","20261003-175015","17-barcelona-style-adjusted-decisions.R","4237598ec443fe56d60744856219d211",0.95,"cluster: season (t with G-1 df)","two-way cluster: match + team-season (SE only)"
"gap_change","Change in (Barcelona minus Real Madrid) after 2018",-0.678854953818356,0.175550680555422,-3.86700268931192,0.000959987136556112,-1.04504725659961,-0.312662651037098,0.178023891320392,14510,14510,0,7255,21,714,724,731,12341,20,2.08596344726586,0,1.9386482099482,-0.0660400291710544,1.9474285371514,"net_yellow","Net yellow cards (opp. - own)",1,-0.678854953818356,-1.04504725659961,-0.312662651037098,"L2_era","L2: + prior-match style (lagged possession, shots; both teams), team indicators interacted with era (pre/post 2018)","L1 + natural splines of season-to-date prior-match possession (df 4) and shots (df 3), own and opponent","season; opponent; win-probability ventile","OLS (feols), team indicators interacted with era","conditional mean difference per match by era, La Liga","common",450,264,13,8,"post = season_start > 2017 (Negreira exit; VAR start)","20261003-175015","17-barcelona-style-adjusted-decisions.R","4237598ec443fe56d60744856219d211",0.95,"cluster: season (t with G-1 df)","two-way cluster: match + team-season (SE only)"
"barca_pre","Barcelona vs non-elite, 2005/06-2017/18",1.29843987610204,0.832055043562348,1.56052160989605,0.1343213281116,-0.437196530882225,3.03407628308631,0.793163737798171,14510,14510,0,7255,21,714,724,731,12341,20,2.08596344726586,0,6.0406188214527,-0.331901790778696,5.99854473346375,"net_fouls","Net fouls (opp. - own)",1,1.29843987610204,-0.437196530882225,3.03407628308631,"L2_era","L2: + prior-match style (lagged possession, shots; both teams), team indicators interacted with era (pre/post 2018)","L1 + natural splines of season-to-date prior-match possession (df 4) and shots (df 3), own and opponent","season; opponent; win-probability ventile","OLS (feols), team indicators interacted with era","conditional mean difference per match by era, La Liga","common",450,264,13,8,"post = season_start > 2017 (Negreira exit; VAR start)","20261003-175015","17-barcelona-style-adjusted-decisions.R","4237598ec443fe56d60744856219d211",0.95,"cluster: season (t with G-1 df)","two-way cluster: match + team-season (SE only)"
"barca_post","Barcelona vs non-elite, 2018/19-2025/26",0.0854285743824415,0.909652475630346,0.0939134193233998,0.92611241396339,-1.81207323949736,1.98293038826225,0.997025447551645,14510,14510,0,7255,21,714,724,731,12341,20,2.08596344726586,0,6.0406188214527,-0.331901790778696,5.99854473346375,"net_fouls","Net fouls (opp. - own)",1,0.0854285743824415,-1.81207323949736,1.98293038826225,"L2_era","L2: + prior-match style (lagged possession, shots; both teams), team indicators interacted with era (pre/post 2018)","L1 + natural splines of season-to-date prior-match possession (df 4) and shots (df 3), own and opponent","season; opponent; win-probability ventile","OLS (feols), team indicators interacted with era","conditional mean difference per match by era, La Liga","common",450,264,13,8,"post = season_start > 2017 (Negreira exit; VAR start)","20261003-175015","17-barcelona-style-adjusted-decisions.R","4237598ec443fe56d60744856219d211",0.95,"cluster: season (t with G-1 df)","two-way cluster: match + team-season (SE only)"
"barca_post_minus_pre","Barcelona: post minus pre 2018",-1.2130113017196,0.685135674378268,-1.77046875105483,0.0918914599297981,-2.64217927489051,0.216156671451315,0.657308092223304,14510,14510,0,7255,21,714,724,731,12341,20,2.08596344726586,0,6.0406188214527,-0.331901790778696,5.99854473346375,"net_fouls","Net fouls (opp. - own)",1,-1.2130113017196,-2.64217927489051,0.216156671451315,"L2_era","L2: + prior-match style (lagged possession, shots; both teams), team indicators interacted with era (pre/post 2018)","L1 + natural splines of season-to-date prior-match possession (df 4) and shots (df 3), own and opponent","season; opponent; win-probability ventile","OLS (feols), team indicators interacted with era","conditional mean difference per match by era, La Liga","common",450,264,13,8,"post = season_start > 2017 (Negreira exit; VAR start)","20261003-175015","17-barcelona-style-adjusted-decisions.R","4237598ec443fe56d60744856219d211",0.95,"cluster: season (t with G-1 df)","two-way cluster: match + team-season (SE only)"
"madrid_pre","Real Madrid vs non-elite, 2005/06-2017/18",-0.617146919812346,0.868342561264404,-0.710718266433596,0.485465138417127,-2.42847776231511,1.19418392269042,0.78525287123216,14510,14510,0,7255,21,714,724,731,12341,20,2.08596344726586,0,6.0406188214527,-0.331901790778696,5.99854473346375,"net_fouls","Net fouls (opp. - own)",1,-0.617146919812346,-2.42847776231511,1.19418392269042,"L2_era","L2: + prior-match style (lagged possession, shots; both teams), team indicators interacted with era (pre/post 2018)","L1 + natural splines of season-to-date prior-match possession (df 4) and shots (df 3), own and opponent","season; opponent; win-probability ventile","OLS (feols), team indicators interacted with era","conditional mean difference per match by era, La Liga","common",450,264,13,8,"post = season_start > 2017 (Negreira exit; VAR start)","20261003-175015","17-barcelona-style-adjusted-decisions.R","4237598ec443fe56d60744856219d211",0.95,"cluster: season (t with G-1 df)","two-way cluster: match + team-season (SE only)"
"madrid_post","Real Madrid vs non-elite, 2018/19-2025/26",1.54815401750764,0.710845808613028,2.17790412315764,0.0415545195636552,0.0653556440987171,3.03095239091656,0.687029727206252,14510,14510,0,7255,21,714,724,731,12341,20,2.08596344726586,0,6.0406188214527,-0.331901790778696,5.99854473346375,"net_fouls","Net fouls (opp. - own)",1,1.54815401750764,0.0653556440987171,3.03095239091656,"L2_era","L2: + prior-match style (lagged possession, shots; both teams), team indicators interacted with era (pre/post 2018)","L1 + natural splines of season-to-date prior-match possession (df 4) and shots (df 3), own and opponent","season; opponent; win-probability ventile","OLS (feols), team indicators interacted with era","conditional mean difference per match by era, La Liga","common",450,264,13,8,"post = season_start > 2017 (Negreira exit; VAR start)","20261003-175015","17-barcelona-style-adjusted-decisions.R","4237598ec443fe56d60744856219d211",0.95,"cluster: season (t with G-1 df)","two-way cluster: match + team-season (SE only)"
"madrid_post_minus_pre","Real Madrid: post minus pre 2018",2.16530093731999,0.753339782183021,2.87426867468143,0.00937685211787039,0.593861688314976,3.736740186325,0.757175001928943,14510,14510,0,7255,21,714,724,731,12341,20,2.08596344726586,0,6.0406188214527,-0.331901790778696,5.99854473346375,"net_fouls","Net fouls (opp. - own)",1,2.16530093731999,0.593861688314976,3.736740186325,"L2_era","L2: + prior-match style (lagged possession, shots; both teams), team indicators interacted with era (pre/post 2018)","L1 + natural splines of season-to-date prior-match possession (df 4) and shots (df 3), own and opponent","season; opponent; win-probability ventile","OLS (feols), team indicators interacted with era","conditional mean difference per match by era, La Liga","common",450,264,13,8,"post = season_start > 2017 (Negreira exit; VAR start)","20261003-175015","17-barcelona-style-adjusted-decisions.R","4237598ec443fe56d60744856219d211",0.95,"cluster: season (t with G-1 df)","two-way cluster: match + team-season (SE only)"
"barca_minus_madrid_pre","Barcelona minus Real Madrid, 2005/06-2017/18",1.91558679591439,0.948551178642219,2.0194870229948,0.0570398897795197,-0.063056290594236,3.89422988242301,0.810405464240699,14510,14510,0,7255,21,714,724,731,12341,20,2.08596344726586,0,6.0406188214527,-0.331901790778696,5.99854473346375,"net_fouls","Net fouls (opp. - own)",1,1.91558679591439,-0.063056290594236,3.89422988242301,"L2_era","L2: + prior-match style (lagged possession, shots; both teams), team indicators interacted with era (pre/post 2018)","L1 + natural splines of season-to-date prior-match possession (df 4) and shots (df 3), own and opponent","season; opponent; win-probability ventile","OLS (feols), team indicators interacted with era","conditional mean difference per match by era, La Liga","common",450,264,13,8,"post = season_start > 2017 (Negreira exit; VAR start)","20261003-175015","17-barcelona-style-adjusted-decisions.R","4237598ec443fe56d60744856219d211",0.95,"cluster: season (t with G-1 df)","two-way cluster: match + team-season (SE only)"
"barca_minus_madrid_post","Barcelona minus Real Madrid, 2018/19-2025/26",-1.4627254431252,0.991484695974605,-1.47528796870372,0.155705072500379,-3.53092627745173,0.605475391201337,0.936721712690216,14510,14510,0,7255,21,714,724,731,12341,20,2.08596344726586,0,6.0406188214527,-0.331901790778696,5.99854473346375,"net_fouls","Net fouls (opp. - own)",1,-1.4627254431252,-3.53092627745173,0.605475391201337,"L2_era","L2: + prior-match style (lagged possession, shots; both teams), team indicators interacted with era (pre/post 2018)","L1 + natural splines of season-to-date prior-match possession (df 4) and shots (df 3), own and opponent","season; opponent; win-probability ventile","OLS (feols), team indicators interacted with era","conditional mean difference per match by era, La Liga","common",450,264,13,8,"post = season_start > 2017 (Negreira exit; VAR start)","20261003-175015","17-barcelona-style-adjusted-decisions.R","4237598ec443fe56d60744856219d211",0.95,"cluster: season (t with G-1 df)","two-way cluster: match + team-season (SE only)"
"gap_change","Change in (Barcelona minus Real Madrid) after 2018",-3.37831223903959,1.14863982186897,-2.94114149163198,0.00807577934109494,-5.77433292153223,-0.982291556546942,0.96351151220575,14510,14510,0,7255,21,714,724,731,12341,20,2.08596344726586,0,6.0406188214527,-0.331901790778696,5.99854473346375,"net_fouls","Net fouls (opp. - own)",1,-3.37831223903959,-5.77433292153223,-0.982291556546942,"L2_era","L2: + prior-match style (lagged possession, shots; both teams), team indicators interacted with era (pre/post 2018)","L1 + natural splines of season-to-date prior-match possession (df 4) and shots (df 3), own and opponent","season; opponent; win-probability ventile","OLS (feols), team indicators interacted with era","conditional mean difference per match by era, La Liga","common",450,264,13,8,"post = season_start > 2017 (Negreira exit; VAR start)","20261003-175015","17-barcelona-style-adjusted-decisions.R","4237598ec443fe56d60744856219d211",0.95,"cluster: season (t with G-1 df)","two-way cluster: match + team-season (SE only)"
"barca_pre","Barcelona vs non-elite, 2005/06-2017/18",-0.0897260965823366,0.0573247314426264,-1.56522489201959,0.133216060519249,-0.209303390995987,0.0298511978313142,0.0580472969227208,14510,14510,0,7255,21,714,724,731,12341,20,2.08596344726586,0,0.534817128639521,-0.00445668908516319,0.538076507163134,"net_red","Net red cards (opp. - own)",1,-0.0897260965823366,-0.209303390995987,0.0298511978313142,"L2_era","L2: + prior-match style (lagged possession, shots; both teams), team indicators interacted with era (pre/post 2018)","L1 + natural splines of season-to-date prior-match possession (df 4) and shots (df 3), own and opponent","season; opponent; win-probability ventile","OLS (feols), team indicators interacted with era","conditional mean difference per match by era, La Liga","common",450,264,13,8,"post = season_start > 2017 (Negreira exit; VAR start)","20261003-175015","17-barcelona-style-adjusted-decisions.R","4237598ec443fe56d60744856219d211",0.95,"cluster: season (t with G-1 df)","two-way cluster: match + team-season (SE only)"
"barca_post","Barcelona vs non-elite, 2018/19-2025/26",-0.0721704342505849,0.0529096186541435,-1.36403240254564,0.187712439674565,-0.182537964771904,0.0381970962707345,0.0521903490793383,14510,14510,0,7255,21,714,724,731,12341,20,2.08596344726586,0,0.534817128639521,-0.00445668908516319,0.538076507163134,"net_red","Net red cards (opp. - own)",1,-0.0721704342505849,-0.182537964771904,0.0381970962707345,"L2_era","L2: + prior-match style (lagged possession, shots; both teams), team indicators interacted with era (pre/post 2018)","L1 + natural splines of season-to-date prior-match possession (df 4) and shots (df 3), own and opponent","season; opponent; win-probability ventile","OLS (feols), team indicators interacted with era","conditional mean difference per match by era, La Liga","common",450,264,13,8,"post = season_start > 2017 (Negreira exit; VAR start)","20261003-175015","17-barcelona-style-adjusted-decisions.R","4237598ec443fe56d60744856219d211",0.95,"cluster: season (t with G-1 df)","two-way cluster: match + team-season (SE only)"
"barca_post_minus_pre","Barcelona: post minus pre 2018",0.0175556623317517,0.0424762044397147,0.413305815887293,0.683780384433942,-0.0710481475080851,0.106159472171589,0.0415249710788797,14510,14510,0,7255,21,714,724,731,12341,20,2.08596344726586,0,0.534817128639521,-0.00445668908516319,0.538076507163134,"net_red","Net red cards (opp. - own)",1,0.0175556623317517,-0.0710481475080851,0.106159472171589,"L2_era","L2: + prior-match style (lagged possession, shots; both teams), team indicators interacted with era (pre/post 2018)","L1 + natural splines of season-to-date prior-match possession (df 4) and shots (df 3), own and opponent","season; opponent; win-probability ventile","OLS (feols), team indicators interacted with era","conditional mean difference per match by era, La Liga","common",450,264,13,8,"post = season_start > 2017 (Negreira exit; VAR start)","20261003-175015","17-barcelona-style-adjusted-decisions.R","4237598ec443fe56d60744856219d211",0.95,"cluster: season (t with G-1 df)","two-way cluster: match + team-season (SE only)"
"madrid_pre","Real Madrid vs non-elite, 2005/06-2017/18",-0.13309932950544,0.0342060525226923,-3.8911046346883,0.000907434414253585,-0.204451904743032,-0.061746754267847,0.038042516674043,14510,14510,0,7255,21,714,724,731,12341,20,2.08596344726586,0,0.534817128639521,-0.00445668908516319,0.538076507163134,"net_red","Net red cards (opp. - own)",1,-0.13309932950544,-0.204451904743032,-0.061746754267847,"L2_era","L2: + prior-match style (lagged possession, shots; both teams), team indicators interacted with era (pre/post 2018)","L1 + natural splines of season-to-date prior-match possession (df 4) and shots (df 3), own and opponent","season; opponent; win-probability ventile","OLS (feols), team indicators interacted with era","conditional mean difference per match by era, La Liga","common",450,264,13,8,"post = season_start > 2017 (Negreira exit; VAR start)","20261003-175015","17-barcelona-style-adjusted-decisions.R","4237598ec443fe56d60744856219d211",0.95,"cluster: season (t with G-1 df)","two-way cluster: match + team-season (SE only)"
"madrid_post","Real Madrid vs non-elite, 2018/19-2025/26",-0.10525449887403,0.035939555722019,-2.92865331135811,0.00830477387925809,-0.180223098421137,-0.030285899326924,0.0352870298670419,14510,14510,0,7255,21,714,724,731,12341,20,2.08596344726586,0,0.534817128639521,-0.00445668908516319,0.538076507163134,"net_red","Net red cards (opp. - own)",1,-0.10525449887403,-0.180223098421137,-0.030285899326924,"L2_era","L2: + prior-match style (lagged possession, shots; both teams), team indicators interacted with era (pre/post 2018)","L1 + natural splines of season-to-date prior-match possession (df 4) and shots (df 3), own and opponent","season; opponent; win-probability ventile","OLS (feols), team indicators interacted with era","conditional mean difference per match by era, La Liga","common",450,264,13,8,"post = season_start > 2017 (Negreira exit; VAR start)","20261003-175015","17-barcelona-style-adjusted-decisions.R","4237598ec443fe56d60744856219d211",0.95,"cluster: season (t with G-1 df)","two-way cluster: match + team-season (SE only)"
"madrid_post_minus_pre","Real Madrid: post minus pre 2018",0.0278448306314092,0.0409161362429129,0.680534214328025,0.503969177636416,-0.0575047339746573,0.113194395237476,0.0400738623128766,14510,14510,0,7255,21,714,724,731,12341,20,2.08596344726586,0,0.534817128639521,-0.00445668908516319,0.538076507163134,"net_red","Net red cards (opp. - own)",1,0.0278448306314092,-0.0575047339746573,0.113194395237476,"L2_era","L2: + prior-match style (lagged possession, shots; both teams), team indicators interacted with era (pre/post 2018)","L1 + natural splines of season-to-date prior-match possession (df 4) and shots (df 3), own and opponent","season; opponent; win-probability ventile","OLS (feols), team indicators interacted with era","conditional mean difference per match by era, La Liga","common",450,264,13,8,"post = season_start > 2017 (Negreira exit; VAR start)","20261003-175015","17-barcelona-style-adjusted-decisions.R","4237598ec443fe56d60744856219d211",0.95,"cluster: season (t with G-1 df)","two-way cluster: match + team-season (SE only)"
"barca_minus_madrid_pre","Barcelona minus Real Madrid, 2005/06-2017/18",0.0433732329231029,0.0657069479135957,0.660101165863593,0.516719714680113,-0.0936890586560598,0.180435524502266,0.0604655699144055,14510,14510,0,7255,21,714,724,731,12341,20,2.08596344726586,0,0.534817128639521,-0.00445668908516319,0.538076507163134,"net_red","Net red cards (opp. - own)",1,0.0433732329231029,-0.0936890586560598,0.180435524502266,"L2_era","L2: + prior-match style (lagged possession, shots; both teams), team indicators interacted with era (pre/post 2018)","L1 + natural splines of season-to-date prior-match possession (df 4) and shots (df 3), own and opponent","season; opponent; win-probability ventile","OLS (feols), team indicators interacted with era","conditional mean difference per match by era, La Liga","common",450,264,13,8,"post = season_start > 2017 (Negreira exit; VAR start)","20261003-175015","17-barcelona-style-adjusted-decisions.R","4237598ec443fe56d60744856219d211",0.95,"cluster: season (t with G-1 df)","two-way cluster: match + team-season (SE only)"
"barca_minus_madrid_post","Barcelona minus Real Madrid, 2018/19-2025/26",0.0330840646234454,0.0530734818037727,0.623363372800117,0.540090319644362,-0.0776252784383545,0.143793407685245,0.0480672960597701,14510,14510,0,7255,21,714,724,731,12341,20,2.08596344726586,0,0.534817128639521,-0.00445668908516319,0.538076507163134,"net_red","Net red cards (opp. - own)",1,0.0330840646234454,-0.0776252784383545,0.143793407685245,"L2_era","L2: + prior-match style (lagged possession, shots; both teams), team indicators interacted with era (pre/post 2018)","L1 + natural splines of season-to-date prior-match possession (df 4) and shots (df 3), own and opponent","season; opponent; win-probability ventile","OLS (feols), team indicators interacted with era","conditional mean difference per match by era, La Liga","common",450,264,13,8,"post = season_start > 2017 (Negreira exit; VAR start)","20261003-175015","17-barcelona-style-adjusted-decisions.R","4237598ec443fe56d60744856219d211",0.95,"cluster: season (t with G-1 df)","two-way cluster: match + team-season (SE only)"
"gap_change","Change in (Barcelona minus Real Madrid) after 2018",-0.0102891682996575,0.0675170543216721,-0.152393619701427,0.880403394416869,-0.151127275681729,0.130548939082414,0.0581648706620346,14510,14510,0,7255,21,714,724,731,12341,20,2.08596344726586,0,0.534817128639521,-0.00445668908516319,0.538076507163134,"net_red","Net red cards (opp. - own)",1,-0.0102891682996575,-0.151127275681729,0.130548939082414,"L2_era","L2: + prior-match style (lagged possession, shots; both teams), team indicators interacted with era (pre/post 2018)","L1 + natural splines of season-to-date prior-match possession (df 4) and shots (df 3), own and opponent","season; opponent; win-probability ventile","OLS (feols), team indicators interacted with era","conditional mean difference per match by era, La Liga","common",450,264,13,8,"post = season_start > 2017 (Negreira exit; VAR start)","20261003-175015","17-barcelona-style-adjusted-decisions.R","4237598ec443fe56d60744856219d211",0.95,"cluster: season (t with G-1 df)","two-way cluster: match + team-season (SE only)"
"barca_pre","Barcelona vs non-elite, 2005/06-2017/18",-0.0643016015163366,0.0595137059734318,-1.08045030072639,0.292798940832337,-0.188445016788243,0.0598418137555702,0.0663326738492097,14472,14472,0,7236,21,713,723,728,12308,20,2.08596344726586,0,0.541549820042061,-0.0145433864153392,0.536503425333504,"net_pens","Net penalties (for - against)",1,-0.0643016015163366,-0.188445016788243,0.0598418137555702,"L2_era","L2: + prior-match style (lagged possession, shots; both teams), team indicators interacted with era (pre/post 2018)","L1 + natural splines of season-to-date prior-match possession (df 4) and shots (df 3), own and opponent","season; opponent; win-probability ventile","OLS (feols), team indicators interacted with era","conditional mean difference per match by era, La Liga","pens",449,264,13,8,"post = season_start > 2017 (Negreira exit; VAR start)","20261003-175015","17-barcelona-style-adjusted-decisions.R","4237598ec443fe56d60744856219d211",0.95,"cluster: season (t with G-1 df)","two-way cluster: match + team-season (SE only)"
"barca_post","Barcelona vs non-elite, 2018/19-2025/26",-0.0566417896973819,0.0433926336773568,-1.3053319168995,0.206597890573905,-0.147157237428946,0.0338736580341822,0.0482083684560497,14472,14472,0,7236,21,713,723,728,12308,20,2.08596344726586,0,0.541549820042061,-0.0145433864153392,0.536503425333504,"net_pens","Net penalties (for - against)",1,-0.0566417896973819,-0.147157237428946,0.0338736580341822,"L2_era","L2: + prior-match style (lagged possession, shots; both teams), team indicators interacted with era (pre/post 2018)","L1 + natural splines of season-to-date prior-match possession (df 4) and shots (df 3), own and opponent","season; opponent; win-probability ventile","OLS (feols), team indicators interacted with era","conditional mean difference per match by era, La Liga","pens",449,264,13,8,"post = season_start > 2017 (Negreira exit; VAR start)","20261003-175015","17-barcelona-style-adjusted-decisions.R","4237598ec443fe56d60744856219d211",0.95,"cluster: season (t with G-1 df)","two-way cluster: match + team-season (SE only)"
"barca_post_minus_pre","Barcelona: post minus pre 2018",0.00765981181895466,0.0509129168250008,0.150449282748485,0.881917165820761,-0.0985426716716842,0.113862295309594,0.0494615471310818,14472,14472,0,7236,21,713,723,728,12308,20,2.08596344726586,0,0.541549820042061,-0.0145433864153392,0.536503425333504,"net_pens","Net penalties (for - against)",1,0.00765981181895466,-0.0985426716716842,0.113862295309594,"L2_era","L2: + prior-match style (lagged possession, shots; both teams), team indicators interacted with era (pre/post 2018)","L1 + natural splines of season-to-date prior-match possession (df 4) and shots (df 3), own and opponent","season; opponent; win-probability ventile","OLS (feols), team indicators interacted with era","conditional mean difference per match by era, La Liga","pens",449,264,13,8,"post = season_start > 2017 (Negreira exit; VAR start)","20261003-175015","17-barcelona-style-adjusted-decisions.R","4237598ec443fe56d60744856219d211",0.95,"cluster: season (t with G-1 df)","two-way cluster: match + team-season (SE only)"
"madrid_pre","Real Madrid vs non-elite, 2005/06-2017/18",-0.0554974288863964,0.0306084634601427,-1.8131399819747,0.0848472998099939,-0.119345564841227,0.00835070706843403,0.0352197675832498,14472,14472,0,7236,21,713,723,728,12308,20,2.08596344726586,0,0.541549820042061,-0.0145433864153392,0.536503425333504,"net_pens","Net penalties (for - against)",1,-0.0554974288863964,-0.119345564841227,0.00835070706843403,"L2_era","L2: + prior-match style (lagged possession, shots; both teams), team indicators interacted with era (pre/post 2018)","L1 + natural splines of season-to-date prior-match possession (df 4) and shots (df 3), own and opponent","season; opponent; win-probability ventile","OLS (feols), team indicators interacted with era","conditional mean difference per match by era, La Liga","pens",449,264,13,8,"post = season_start > 2017 (Negreira exit; VAR start)","20261003-175015","17-barcelona-style-adjusted-decisions.R","4237598ec443fe56d60744856219d211",0.95,"cluster: season (t with G-1 df)","two-way cluster: match + team-season (SE only)"
"madrid_post","Real Madrid vs non-elite, 2018/19-2025/26",-0.00406131691237281,0.0599946837606822,-0.0676946132189535,0.94670093372693,-0.129208034267431,0.121085400442685,0.0571619907332839,14472,14472,0,7236,21,713,723,728,12308,20,2.08596344726586,0,0.541549820042061,-0.0145433864153392,0.536503425333504,"net_pens","Net penalties (for - against)",1,-0.00406131691237281,-0.129208034267431,0.121085400442685,"L2_era","L2: + prior-match style (lagged possession, shots; both teams), team indicators interacted with era (pre/post 2018)","L1 + natural splines of season-to-date prior-match possession (df 4) and shots (df 3), own and opponent","season; opponent; win-probability ventile","OLS (feols), team indicators interacted with era","conditional mean difference per match by era, La Liga","pens",449,264,13,8,"post = season_start > 2017 (Negreira exit; VAR start)","20261003-175015","17-barcelona-style-adjusted-decisions.R","4237598ec443fe56d60744856219d211",0.95,"cluster: season (t with G-1 df)","two-way cluster: match + team-season (SE only)"
"madrid_post_minus_pre","Real Madrid: post minus pre 2018",0.0514361119740236,0.0580579111312535,0.885944929326517,0.386175909130723,-0.0696705684703812,0.172542792418428,0.0562248773133106,14472,14472,0,7236,21,713,723,728,12308,20,2.08596344726586,0,0.541549820042061,-0.0145433864153392,0.536503425333504,"net_pens","Net penalties (for - against)",1,0.0514361119740236,-0.0696705684703812,0.172542792418428,"L2_era","L2: + prior-match style (lagged possession, shots; both teams), team indicators interacted with era (pre/post 2018)","L1 + natural splines of season-to-date prior-match possession (df 4) and shots (df 3), own and opponent","season; opponent; win-probability ventile","OLS (feols), team indicators interacted with era","conditional mean difference per match by era, La Liga","pens",449,264,13,8,"post = season_start > 2017 (Negreira exit; VAR start)","20261003-175015","17-barcelona-style-adjusted-decisions.R","4237598ec443fe56d60744856219d211",0.95,"cluster: season (t with G-1 df)","two-way cluster: match + team-season (SE only)"
"barca_minus_madrid_pre","Barcelona minus Real Madrid, 2005/06-2017/18",-0.00880417262994018,0.0678087871992886,-0.129838225893422,0.89799139441378,-0.150250824131086,0.132642478871205,0.0681675762999389,14472,14472,0,7236,21,713,723,728,12308,20,2.08596344726586,0,0.541549820042061,-0.0145433864153392,0.536503425333504,"net_pens","Net penalties (for - against)",1,-0.00880417262994018,-0.150250824131086,0.132642478871205,"L2_era","L2: + prior-match style (lagged possession, shots; both teams), team indicators interacted with era (pre/post 2018)","L1 + natural splines of season-to-date prior-match possession (df 4) and shots (df 3), own and opponent","season; opponent; win-probability ventile","OLS (feols), team indicators interacted with era","conditional mean difference per match by era, La Liga","pens",449,264,13,8,"post = season_start > 2017 (Negreira exit; VAR start)","20261003-175015","17-barcelona-style-adjusted-decisions.R","4237598ec443fe56d60744856219d211",0.95,"cluster: season (t with G-1 df)","two-way cluster: match + team-season (SE only)"
"barca_minus_madrid_post","Barcelona minus Real Madrid, 2018/19-2025/26",-0.0525804727850091,0.0616067894649817,-0.85348503373799,0.40349700416459,-0.181089983712365,0.0759290381423464,0.0654808141317973,14472,14472,0,7236,21,713,723,728,12308,20,2.08596344726586,0,0.541549820042061,-0.0145433864153392,0.536503425333504,"net_pens","Net penalties (for - against)",1,-0.0525804727850091,-0.181089983712365,0.0759290381423464,"L2_era","L2: + prior-match style (lagged possession, shots; both teams), team indicators interacted with era (pre/post 2018)","L1 + natural splines of season-to-date prior-match possession (df 4) and shots (df 3), own and opponent","season; opponent; win-probability ventile","OLS (feols), team indicators interacted with era","conditional mean difference per match by era, La Liga","pens",449,264,13,8,"post = season_start > 2017 (Negreira exit; VAR start)","20261003-175015","17-barcelona-style-adjusted-decisions.R","4237598ec443fe56d60744856219d211",0.95,"cluster: season (t with G-1 df)","two-way cluster: match + team-season (SE only)"
"gap_change","Change in (Barcelona minus Real Madrid) after 2018",-0.0437763001550689,0.0787242134287136,-0.556071610606936,0.584330133775633,-0.207992131782122,0.120439531471984,0.0741825028152181,14472,14472,0,7236,21,713,723,728,12308,20,2.08596344726586,0,0.541549820042061,-0.0145433864153392,0.536503425333504,"net_pens","Net penalties (for - against)",1,-0.0437763001550689,-0.207992131782122,0.120439531471984,"L2_era","L2: + prior-match style (lagged possession, shots; both teams), team indicators interacted with era (pre/post 2018)","L1 + natural splines of season-to-date prior-match possession (df 4) and shots (df 3), own and opponent","season; opponent; win-probability ventile","OLS (feols), team indicators interacted with era","conditional mean difference per match by era, La Liga","pens",449,264,13,8,"post = season_start > 2017 (Negreira exit; VAR start)","20261003-175015","17-barcelona-style-adjusted-decisions.R","4237598ec443fe56d60744856219d211",0.95,"cluster: season (t with G-1 df)","two-way cluster: match + team-season (SE only)"
