"outcome","outcome_label","contrast","series","sample_label","estimate_signed","ci_low_signed","ci_high_signed","se","p_value","n_obs","n_matches","n_seasons","n_barca","n_madrid"
"own_yellow","Yellow cards received","barca","Barcelona vs non-elite","All seasons, L2",-0.0725730465223119,-0.27236570723226,0.127219614187636,0.0957795597865446,0.457460646203336,14510,7255,21,714,724
"own_yellow","Yellow cards received","barca_minus_madrid","Barcelona minus Real Madrid","All seasons, L2",-0.0443189229659909,-0.335567917156791,0.246930071224809,0.139623249186149,0.754216478547384,14510,7255,21,714,724
"opp_yellow","Yellow cards to opponent","barca","Barcelona vs non-elite","All seasons, L2",-0.319056371428037,-0.667911539345829,0.0297987964897549,0.167239348501071,0.0708815662410991,14510,7255,21,714,724
"opp_yellow","Yellow cards to opponent","barca_minus_madrid","Barcelona minus Real Madrid","All seasons, L2",-0.0512268009416919,-0.320955364187421,0.218501762304037,0.129306466802796,0.696177555399666,14510,7255,21,714,724
"net_yellow","Net yellow cards (opp. - own)","barca","Barcelona vs non-elite","All seasons, L2",-0.39162941794904,-0.826990256977799,0.0437314210797192,0.208709716174269,0.0752659283664101,14510,7255,21,714,724
"net_yellow","Net yellow cards (opp. - own)","barca_minus_madrid","Barcelona minus Real Madrid","All seasons, L2",-0.0955457239057607,-0.544241156416238,0.353149708604717,0.21510225076024,0.661675983508792,14510,7255,21,714,724
"net_fouls","Net fouls (opp. - own)","barca","Barcelona vs non-elite","All seasons, L2",0.54620012511994,-1.22191767225048,2.31431792249036,0.847626452749183,0.526646302338735,14510,7255,21,714,724
"net_fouls","Net fouls (opp. - own)","barca_minus_madrid","Barcelona minus Real Madrid","All seasons, L2",0.145823094747831,-1.87390407317657,2.16555026267223,0.968246673052549,0.881795669417666,14510,7255,21,714,724
"net_red","Net red cards (opp. - own)","barca","Barcelona vs non-elite","All seasons, L2",-0.0835797088725313,-0.19079845574154,0.0236390379964774,0.0514001081895963,0.119590823402079,14510,7255,21,714,724
"net_red","Net red cards (opp. - own)","barca_minus_madrid","Barcelona minus Real Madrid","All seasons, L2",0.037525186875292,-0.0632005786662461,0.13825095241683,0.0482874067968748,0.446182096102148,14510,7255,21,714,724
"net_pens","Net penalties (for - against)","barca","Barcelona vs non-elite","All seasons, L2",-0.0641356490586222,-0.157605459412782,0.0293341612955376,0.0448089397140077,0.167781975760922,14472,7236,21,713,723
"net_pens","Net penalties (for - against)","barca_minus_madrid","Barcelona minus Real Madrid","All seasons, L2",-0.0323694524466338,-0.135910365602092,0.071171460708824,0.0496369738842606,0.521746163256232,14472,7236,21,713,723
"own_yellow","Yellow cards received","barca_pre","Barcelona vs non-elite","2005/06-2017/18, L2",0.108752556636998,-0.0861415177565042,0.3036466310305,0.0934312030486227,0.258128205678566,14510,7255,21,714,724
"own_yellow","Yellow cards received","barca_post","Barcelona vs non-elite","2018/19-2025/26, L2",-0.18444623210446,-0.392760811082671,0.0238683468737511,0.0998649229694102,0.0796031359174463,14510,7255,21,714,724
"own_yellow","Yellow cards received","barca_minus_madrid_pre","Barcelona minus Real Madrid","2005/06-2017/18, L2",0.310862194462898,0.0255779462055988,0.596146442720198,0.136763781086975,0.034205981333262,14510,7255,21,714,724
"own_yellow","Yellow cards received","barca_minus_madrid_post","Barcelona minus Real Madrid","2018/19-2025/26, L2",-0.37130624902372,-0.545156984232815,-0.197455513814626,0.0833431359676825,0.000242876168981044,14510,7255,21,714,724
"opp_yellow","Yellow cards to opponent","barca_pre","Barcelona vs non-elite","2005/06-2017/18, L2",-0.129240937303279,-0.472541114899006,0.214059240292448,0.164576315105474,0.441484862490908,14510,7255,21,714,724
"opp_yellow","Yellow cards to opponent","barca_post","Barcelona vs non-elite","2018/19-2025/26, L2",-0.519250364715451,-0.827567213379433,-0.210933516051469,0.147805489625479,0.00218791215857843,14510,7255,21,714,724
"opp_yellow","Yellow cards to opponent","barca_minus_madrid_pre","Barcelona minus Real Madrid","2005/06-2017/18, L2",-0.0653039461196571,-0.348473567119539,0.217865674880225,0.135750039805847,0.635694642715965,14510,7255,21,714,724
"opp_yellow","Yellow cards to opponent","barca_minus_madrid_post","Barcelona minus Real Madrid","2018/19-2025/26, L2",-0.0619904564507366,-0.398530307310411,0.274549394408938,0.161335449717869,0.704860333197771,14510,7255,21,714,724
"net_yellow","Net yellow cards (opp. - own)","barca_pre","Barcelona vs non-elite","2005/06-2017/18, L2",-0.020488380659891,-0.394924462010009,0.353947700690227,0.179502705016669,0.910265131598735,14510,7255,21,714,724
"net_yellow","Net yellow cards (opp. - own)","barca_post","Barcelona vs non-elite","2018/19-2025/26, L2",-0.7036965968137,-1.08200319999864,-0.325389993628764,0.181358213002626,0.000930961330482057,14510,7255,21,714,724
"net_yellow","Net yellow cards (opp. - own)","barca_minus_madrid_pre","Barcelona minus Real Madrid","2005/06-2017/18, L2",0.245558248346231,-0.119361056667226,0.610477553359687,0.174940412063197,0.175754763210332,14510,7255,21,714,724
"net_yellow","Net yellow cards (opp. - own)","barca_minus_madrid_post","Barcelona minus Real Madrid","2018/19-2025/26, L2",-0.433296705472125,-0.822234816227394,-0.0443585947168559,0.186454902297095,0.030783148227061,14510,7255,21,714,724
"net_fouls","Net fouls (opp. - own)","barca_pre","Barcelona vs non-elite","2005/06-2017/18, L2",1.29843987610204,-0.437196530882225,3.03407628308631,0.832055043562348,0.1343213281116,14510,7255,21,714,724
"net_fouls","Net fouls (opp. - own)","barca_post","Barcelona vs non-elite","2018/19-2025/26, L2",0.0854285743824415,-1.81207323949736,1.98293038826225,0.909652475630346,0.92611241396339,14510,7255,21,714,724
"net_fouls","Net fouls (opp. - own)","barca_minus_madrid_pre","Barcelona minus Real Madrid","2005/06-2017/18, L2",1.91558679591439,-0.063056290594236,3.89422988242301,0.948551178642219,0.0570398897795197,14510,7255,21,714,724
"net_fouls","Net fouls (opp. - own)","barca_minus_madrid_post","Barcelona minus Real Madrid","2018/19-2025/26, L2",-1.4627254431252,-3.53092627745173,0.605475391201337,0.991484695974605,0.155705072500379,14510,7255,21,714,724
"net_red","Net red cards (opp. - own)","barca_pre","Barcelona vs non-elite","2005/06-2017/18, L2",-0.0897260965823366,-0.209303390995987,0.0298511978313142,0.0573247314426264,0.133216060519249,14510,7255,21,714,724
"net_red","Net red cards (opp. - own)","barca_post","Barcelona vs non-elite","2018/19-2025/26, L2",-0.0721704342505849,-0.182537964771904,0.0381970962707345,0.0529096186541435,0.187712439674565,14510,7255,21,714,724
"net_red","Net red cards (opp. - own)","barca_minus_madrid_pre","Barcelona minus Real Madrid","2005/06-2017/18, L2",0.0433732329231029,-0.0936890586560598,0.180435524502266,0.0657069479135957,0.516719714680113,14510,7255,21,714,724
"net_red","Net red cards (opp. - own)","barca_minus_madrid_post","Barcelona minus Real Madrid","2018/19-2025/26, L2",0.0330840646234454,-0.0776252784383545,0.143793407685245,0.0530734818037727,0.540090319644362,14510,7255,21,714,724
"net_pens","Net penalties (for - against)","barca_pre","Barcelona vs non-elite","2005/06-2017/18, L2",-0.0643016015163366,-0.188445016788243,0.0598418137555702,0.0595137059734318,0.292798940832337,14472,7236,21,713,723
"net_pens","Net penalties (for - against)","barca_post","Barcelona vs non-elite","2018/19-2025/26, L2",-0.0566417896973819,-0.147157237428946,0.0338736580341822,0.0433926336773568,0.206597890573905,14472,7236,21,713,723
"net_pens","Net penalties (for - against)","barca_minus_madrid_pre","Barcelona minus Real Madrid","2005/06-2017/18, L2",-0.00880417262994018,-0.150250824131086,0.132642478871205,0.0678087871992886,0.89799139441378,14472,7236,21,713,723
"net_pens","Net penalties (for - against)","barca_minus_madrid_post","Barcelona minus Real Madrid","2018/19-2025/26, L2",-0.0525804727850091,-0.181089983712365,0.0759290381423464,0.0616067894649817,0.40349700416459,14472,7236,21,713,723
"own_yellow","Yellow cards received","barca","Barcelona vs non-elite","Possession support [48, 71], L3",0.0319905364163068,-0.103816904610518,0.167797977443132,0.0651053791018398,0.628516931983183,7975,6878,21,495,590
"own_yellow","Yellow cards received","barca_minus_madrid","Barcelona minus Real Madrid","Possession support [48, 71], L3",0.0533262372900861,-0.178180005860592,0.284832480440764,0.110982885847842,0.63609246043933,7975,6878,21,495,590
"opp_yellow","Yellow cards to opponent","barca","Barcelona vs non-elite","Possession support [48, 71], L3",-0.0522177008415664,-0.253718449737553,0.149283048054421,0.0965984083566278,0.594777158063685,7975,6878,21,495,590
"opp_yellow","Yellow cards to opponent","barca_minus_madrid","Barcelona minus Real Madrid","Possession support [48, 71], L3",-0.0409267173162156,-0.190098552434854,0.108245117802423,0.0715121999449043,0.573493647879953,7975,6878,21,495,590
"net_yellow","Net yellow cards (opp. - own)","barca","Barcelona vs non-elite","Possession support [48, 71], L3",-0.0202271644252591,-0.229430266027748,0.188975937177229,0.100290876082559,0.842200227256605,7975,6878,21,495,590
"net_yellow","Net yellow cards (opp. - own)","barca_minus_madrid","Barcelona minus Real Madrid","Possession support [48, 71], L3",0.0123995199738689,-0.22072376097064,0.245522800918378,0.111758085334655,0.912762147120944,7975,6878,21,495,590
"net_fouls","Net fouls (opp. - own)","barca","Barcelona vs non-elite","Possession support [48, 71], L3",1.00599578922483,0.0444453224176332,1.96754625603203,0.460962280076159,0.0411784168802278,7975,6878,21,495,590
"net_fouls","Net fouls (opp. - own)","barca_minus_madrid","Barcelona minus Real Madrid","Possession support [48, 71], L3",0.410781795347114,-0.609242092175132,1.43080568286936,0.488994133075161,0.41080805868722,7975,6878,21,495,590
"net_red","Net red cards (opp. - own)","barca","Barcelona vs non-elite","Possession support [48, 71], L3",-0.136195903656941,-0.21531633434974,-0.0570754729641416,0.0379299219248087,0.00182728440339088,7975,6878,21,495,590
"net_red","Net red cards (opp. - own)","barca_minus_madrid","Barcelona minus Real Madrid","Possession support [48, 71], L3",-0.0234072637998856,-0.101936988689056,0.0551224610892848,0.0376467406426041,0.541122684316421,7975,6878,21,495,590
"net_pens","Net penalties (for - against)","barca","Barcelona vs non-elite","Possession support [48, 71], L3",0.0117145997807441,-0.0736654833210777,0.097094682882566,0.0409307666506487,0.777664518826105,7951,6859,21,494,589
"net_pens","Net penalties (for - against)","barca_minus_madrid","Barcelona minus Real Madrid","Possession support [48, 71], L3",0.000194789736735486,-0.087356934969188,0.087746514442659,0.0419718403122932,0.996343041284478,7951,6859,21,494,589
