"contrast","contrast_label","estimate","se","t_stat","p_value","ci_low","ci_high","se_twoway_match_teamseason","n_obs","n_input","n_dropped","n_matches","n_seasons","n_barca","n_madrid","n_other_elite","n_nonelite","df_t","t_crit","dep_mean","dep_sd","baseline_nonelite_mean","baseline_nonelite_sd","rate_ratio","rate_ratio_ci_low","rate_ratio_ci_high","side","outcome","outcome_label","exposure_treatment","exposure_var","estimator","estimand","fixed_effects","elasticity","elasticity_se","elasticity_ci_low","elasticity_ci_high","p_elasticity_equals_1","run_id","script","input_md5","ci_level","inference_primary","inference_secondary"
"barca","Barcelona vs non-elite La Liga teams",-0.111771012034437,0.0257635193846288,-4.33834408901148,0.000318977430626593,-0.165512771743699,-0.058029252325176,0.0223397450406399,14510,14510,0,7255,21,714,724,731,12341,20,2.08596344726586,14.5796002756719,4.73069322437867,14.8582772870919,4.65901408396814,0.894249006317618,0.847459039606156,0.94362234388542,"committed","own_fouls","Fouls called against the team","none","log_opp_poss","Poisson (fepois)","log rate ratio of fouls per match, La Liga","season; opponent; win-probability ventile",NA,NA,NA,NA,NA,"20261003-175015","17-barcelona-style-adjusted-decisions.R","4237598ec443fe56d60744856219d211",0.95,"cluster: season (t with G-1 df)","two-way cluster: match + team-season (SE only)"
"madrid","Real Madrid vs non-elite La Liga teams",-0.0216322231720226,0.0363767508940646,-0.594671669138878,0.558731276453848,-0.0975127958673372,0.054248349523292,0.0312192315097746,14510,14510,0,7255,21,714,724,731,12341,20,2.08596344726586,14.5796002756719,4.73069322437867,14.8582772870919,4.65901408396814,0.978600075308255,0.90709073446884,1.05574676380538,"committed","own_fouls","Fouls called against the team","none","log_opp_poss","Poisson (fepois)","log rate ratio of fouls per match, La Liga","season; opponent; win-probability ventile",NA,NA,NA,NA,NA,"20261003-175015","17-barcelona-style-adjusted-decisions.R","4237598ec443fe56d60744856219d211",0.95,"cluster: season (t with G-1 df)","two-way cluster: match + team-season (SE only)"
"barca_minus_madrid","Barcelona minus Real Madrid",-0.0901387888624147,0.0274735508977176,-3.28092969117811,0.00373630769278115,-0.147447611801652,-0.0328299659231775,0.0308558045881747,14510,14510,0,7255,21,714,724,731,12341,20,2.08596344726586,14.5796002756719,4.73069322437867,14.8582772870919,4.65901408396814,0.913804350603522,0.862907643314035,0.967703088102132,"committed","own_fouls","Fouls called against the team","none","log_opp_poss","Poisson (fepois)","log rate ratio of fouls per match, La Liga","season; opponent; win-probability ventile",NA,NA,NA,NA,NA,"20261003-175015","17-barcelona-style-adjusted-decisions.R","4237598ec443fe56d60744856219d211",0.95,"cluster: season (t with G-1 df)","two-way cluster: match + team-season (SE only)"
"barca","Barcelona vs non-elite La Liga teams",0.123820645939605,0.0282888017899639,4.37701981366821,0.000291436544330018,0.0648112394387909,0.182830052440419,0.0263525147274871,14510,14510,0,7255,21,714,724,731,12341,20,2.08596344726586,14.5796002756719,4.73069322437867,14.8582772870919,4.65901408396814,1.13181285756247,1.06695760585839,1.20061034994275,"committed","own_fouls","Fouls called against the team","offset_elasticity_1","log_opp_poss","Poisson (fepois)","log rate ratio of fouls per match, La Liga","season; opponent; win-probability ventile",1,NA,NA,NA,NA,"20261003-175015","17-barcelona-style-adjusted-decisions.R","4237598ec443fe56d60744856219d211",0.95,"cluster: season (t with G-1 df)","two-way cluster: match + team-season (SE only)"
"madrid","Real Madrid vs non-elite La Liga teams",0.0138432071440363,0.0376000082801179,0.368170321689962,0.716614205727868,-0.0645890357451836,0.0922754500332561,0.0295440298311238,14510,14510,0,7255,21,714,724,731,12341,20,2.08596344726586,14.5796002756719,4.73069322437867,14.8582772870919,4.65901408396814,1.01393946800953,0.937452643751465,1.09666685740343,"committed","own_fouls","Fouls called against the team","offset_elasticity_1","log_opp_poss","Poisson (fepois)","log rate ratio of fouls per match, La Liga","season; opponent; win-probability ventile",1,NA,NA,NA,NA,"20261003-175015","17-barcelona-style-adjusted-decisions.R","4237598ec443fe56d60744856219d211",0.95,"cluster: season (t with G-1 df)","two-way cluster: match + team-season (SE only)"
"barca_minus_madrid","Barcelona minus Real Madrid",0.109977438795568,0.0268675002769603,4.09332605050263,0.000565583262321013,0.0539328152984236,0.166022062292713,0.0309936444424969,14510,14510,0,7255,21,714,724,731,12341,20,2.08596344726586,14.5796002756719,4.73069322437867,14.8582772870919,4.65901408396814,1.11625288616522,1.05541369211913,1.18059914815994,"committed","own_fouls","Fouls called against the team","offset_elasticity_1","log_opp_poss","Poisson (fepois)","log rate ratio of fouls per match, La Liga","season; opponent; win-probability ventile",1,NA,NA,NA,NA,"20261003-175015","17-barcelona-style-adjusted-decisions.R","4237598ec443fe56d60744856219d211",0.95,"cluster: season (t with G-1 df)","two-way cluster: match + team-season (SE only)"
"barca","Barcelona vs non-elite La Liga teams",-0.0536609022055477,0.0256499731424644,-2.09204516150975,0.049396735711991,-0.10716580860408,-0.000155995807015745,0.0227059013215474,14510,14510,0,7255,21,714,724,731,12341,20,2.08596344726586,14.5796002756719,4.73069322437867,14.8582772870919,4.65901408396814,0.947753433117,0.89837670205341,0.999844016359698,"committed","own_fouls","Fouls called against the team","estimated_elasticity","log_opp_poss","Poisson (fepois)","log rate ratio of fouls per match, La Liga","season; opponent; win-probability ventile",0.245036687583746,0.0173615778460061,0.208821070810116,0.281252304357375,2.79221014233477e-21,"20261003-175015","17-barcelona-style-adjusted-decisions.R","4237598ec443fe56d60744856219d211",0.95,"cluster: season (t with G-1 df)","two-way cluster: match + team-season (SE only)"
"madrid","Real Madrid vs non-elite La Liga teams",-0.0134566417338645,0.0363243962958915,-0.37045740896144,0.714936160437738,-0.0892280046510937,0.0623147211833647,0.0302351775770083,14510,14510,0,7255,21,714,724,731,12341,20,2.08596344726586,14.5796002756719,4.73069322437867,14.8582772870919,4.65901408396814,0.986633494107956,0.914637008306474,1.06429724891418,"committed","own_fouls","Fouls called against the team","estimated_elasticity","log_opp_poss","Poisson (fepois)","log rate ratio of fouls per match, La Liga","season; opponent; win-probability ventile",0.245036687583746,0.0173615778460061,0.208821070810116,0.281252304357375,2.79221014233477e-21,"20261003-175015","17-barcelona-style-adjusted-decisions.R","4237598ec443fe56d60744856219d211",0.95,"cluster: season (t with G-1 df)","two-way cluster: match + team-season (SE only)"
"barca_minus_madrid","Barcelona minus Real Madrid",-0.0402042604716832,0.0257184341076984,-1.56324682534419,0.133679978447872,-0.0938519739412577,0.0134434529978912,0.0301524915225122,14510,14510,0,7255,21,714,724,731,12341,20,2.08596344726586,14.5796002756719,4.73069322437867,14.8582772870919,4.65901408396814,0.960593207890121,0.910417517783822,1.01353422250794,"committed","own_fouls","Fouls called against the team","estimated_elasticity","log_opp_poss","Poisson (fepois)","log rate ratio of fouls per match, La Liga","season; opponent; win-probability ventile",0.245036687583746,0.0173615778460061,0.208821070810116,0.281252304357375,2.79221014233477e-21,"20261003-175015","17-barcelona-style-adjusted-decisions.R","4237598ec443fe56d60744856219d211",0.95,"cluster: season (t with G-1 df)","two-way cluster: match + team-season (SE only)"
"barca","Barcelona vs non-elite La Liga teams",0.0297233003602855,0.0193888230693316,1.53301209949667,0.140939766815035,-0.0107210758478454,0.0701676765684165,0.0199111520209624,14510,14510,0,7255,21,714,724,731,12341,20,2.08596344726586,14.5796002756719,4.73069322437867,14.5263754963131,4.71923771397132,1.03016944699878,0.989336190052427,1.07268803082351,"suffered","opp_fouls","Fouls called against the opponent","none","log_own_poss","Poisson (fepois)","log rate ratio of fouls per match, La Liga","season; opponent; win-probability ventile",NA,NA,NA,NA,NA,"20261003-175015","17-barcelona-style-adjusted-decisions.R","4237598ec443fe56d60744856219d211",0.95,"cluster: season (t with G-1 df)","two-way cluster: match + team-season (SE only)"
"madrid","Real Madrid vs non-elite La Liga teams",0.0243530994725306,0.0209772567772009,1.16092870155447,0.259340547509946,-0.0194046913886207,0.0681108903336819,0.0166286509454858,14510,14510,0,7255,21,714,724,731,12341,20,2.08596344726586,14.5796002756719,4.73069322437867,14.5263754963131,4.71923771397132,1.02465205812297,0.98078236773976,1.0704840082262,"suffered","opp_fouls","Fouls called against the opponent","none","log_own_poss","Poisson (fepois)","log rate ratio of fouls per match, La Liga","season; opponent; win-probability ventile",NA,NA,NA,NA,NA,"20261003-175015","17-barcelona-style-adjusted-decisions.R","4237598ec443fe56d60744856219d211",0.95,"cluster: season (t with G-1 df)","two-way cluster: match + team-season (SE only)"
"barca_minus_madrid","Barcelona minus Real Madrid",0.00537020088775491,0.0210648185794103,0.254936963615912,0.801374932653423,-0.0385702406921818,0.0493106424676916,0.0189010894192656,14510,14510,0,7255,21,714,724,731,12341,20,2.08596344726586,14.5796002756719,4.73069322437867,14.5263754963131,4.71923771397132,1.00538464626316,0.96216411929249,1.05054664445912,"suffered","opp_fouls","Fouls called against the opponent","none","log_own_poss","Poisson (fepois)","log rate ratio of fouls per match, La Liga","season; opponent; win-probability ventile",NA,NA,NA,NA,NA,"20261003-175015","17-barcelona-style-adjusted-decisions.R","4237598ec443fe56d60744856219d211",0.95,"cluster: season (t with G-1 df)","two-way cluster: match + team-season (SE only)"
"barca","Barcelona vs non-elite La Liga teams",-0.119846915607717,0.0194579203045964,-6.1592870014688,5.11451465614162e-06,-0.160435426122917,-0.0792584050925162,0.0229056702849117,14510,14510,0,7255,21,714,724,731,12341,20,2.08596344726586,14.5796002756719,4.73069322437867,14.5263754963131,4.71923771397132,0.887056220786162,0.851772824069778,0.923801178670812,"suffered","opp_fouls","Fouls called against the opponent","offset_elasticity_1","log_own_poss","Poisson (fepois)","log rate ratio of fouls per match, La Liga","season; opponent; win-probability ventile",1,NA,NA,NA,NA,"20261003-175015","17-barcelona-style-adjusted-decisions.R","4237598ec443fe56d60744856219d211",0.95,"cluster: season (t with G-1 df)","two-way cluster: match + team-season (SE only)"
"madrid","Real Madrid vs non-elite La Liga teams",-0.00764267506494331,0.020081929744339,-0.380574733715405,0.707530921743274,-0.0495328464621957,0.0342474963323091,0.0192098431705892,14510,14510,0,7255,21,714,724,731,12341,20,2.08596344726586,14.5796002756719,4.73069322437867,14.5263754963131,4.71923771397132,0.992386455916016,0.951673898502351,1.03484069431281,"suffered","opp_fouls","Fouls called against the opponent","offset_elasticity_1","log_own_poss","Poisson (fepois)","log rate ratio of fouls per match, La Liga","season; opponent; win-probability ventile",1,NA,NA,NA,NA,"20261003-175015","17-barcelona-style-adjusted-decisions.R","4237598ec443fe56d60744856219d211",0.95,"cluster: season (t with G-1 df)","two-way cluster: match + team-season (SE only)"
"barca_minus_madrid","Barcelona minus Real Madrid",-0.112204240542773,0.0238746860064865,-4.69971586274637,0.000137511924220093,-0.162005962867254,-0.0624025182182927,0.0213882585159566,14510,14510,0,7255,21,714,724,731,12341,20,2.08596344726586,14.5796002756719,4.73069322437867,14.5263754963131,4.71923771397132,0.893861676061843,0.850436133487342,0.939504642936222,"suffered","opp_fouls","Fouls called against the opponent","offset_elasticity_1","log_own_poss","Poisson (fepois)","log rate ratio of fouls per match, La Liga","season; opponent; win-probability ventile",1,NA,NA,NA,NA,"20261003-175015","17-barcelona-style-adjusted-decisions.R","4237598ec443fe56d60744856219d211",0.95,"cluster: season (t with G-1 df)","two-way cluster: match + team-season (SE only)"
"barca","Barcelona vs non-elite La Liga teams",-0.00726203917671422,0.0196695304585763,-0.36920246733942,0.715856733240912,-0.0482919607381869,0.0337678823847584,0.0203383778401559,14510,14510,0,7255,21,714,724,731,12341,20,2.08596344726586,14.5796002756719,4.73069322437867,14.5263754963131,4.71923771397132,0.992764265715553,0.952855550052559,1.03434448928526,"suffered","opp_fouls","Fouls called against the opponent","estimated_elasticity","log_own_poss","Poisson (fepois)","log rate ratio of fouls per match, La Liga","season; opponent; win-probability ventile",0.241451052318772,0.0146978486223581,0.210791877339086,0.272110227298458,9.34737436405823e-23,"20261003-175015","17-barcelona-style-adjusted-decisions.R","4237598ec443fe56d60744856219d211",0.95,"cluster: season (t with G-1 df)","two-way cluster: match + team-season (SE only)"
"madrid","Real Madrid vs non-elite La Liga teams",0.016142764569548,0.0203758647156597,0.792249300572829,0.437512210873062,-0.0263605444337525,0.0586460735728485,0.0165448322351172,14510,14510,0,7255,21,714,724,731,12341,20,2.08596344726586,14.5796002756719,4.73069322437867,14.5263754963131,4.71923771397132,1.01627376293619,0.973983861835995,1.06039987077979,"suffered","opp_fouls","Fouls called against the opponent","estimated_elasticity","log_own_poss","Poisson (fepois)","log rate ratio of fouls per match, La Liga","season; opponent; win-probability ventile",0.241451052318772,0.0146978486223581,0.210791877339086,0.272110227298458,9.34737436405823e-23,"20261003-175015","17-barcelona-style-adjusted-decisions.R","4237598ec443fe56d60744856219d211",0.95,"cluster: season (t with G-1 df)","two-way cluster: match + team-season (SE only)"
"barca_minus_madrid","Barcelona minus Real Madrid",-0.0234048037462622,0.0211829063465234,-1.10489105524009,0.282322208903219,-0.0675915720919662,0.0207819645994417,0.0191862856200338,14510,14510,0,7255,21,714,724,731,12341,20,2.08596344726586,14.5796002756719,4.73069322437867,14.5263754963131,4.71923771397132,0.976866964318044,0.934642129562168,1.02099941335084,"suffered","opp_fouls","Fouls called against the opponent","estimated_elasticity","log_own_poss","Poisson (fepois)","log rate ratio of fouls per match, La Liga","season; opponent; win-probability ventile",0.241451052318772,0.0146978486223581,0.210791877339086,0.272110227298458,9.34737436405823e-23,"20261003-175015","17-barcelona-style-adjusted-decisions.R","4237598ec443fe56d60744856219d211",0.95,"cluster: season (t with G-1 df)","two-way cluster: match + team-season (SE only)"
