"outcome","outcome_label","rung","rung_label","contrast","series","estimate_signed","ci_low_signed","ci_high_signed","se","p_value","n_obs","n_matches","n_seasons","n_barca","n_madrid","n_nonelite","favorable_sign","rung_short"
"own_yellow","Yellow cards received","L0","L0: raw difference","barca","Barcelona vs non-elite",0.635470637489255,0.492165366963633,0.778775908014877,0.0686997994684214,1.15434212496566e-08,14510,7255,21,714,724,12341,-1,"L0 raw"
"own_yellow","Yellow cards received","L0","L0: raw difference","madrid","Real Madrid vs non-elite",0.429870717963434,0.253573141995934,0.606168293930933,0.084516138668958,5.63866592901167e-05,14510,7255,21,714,724,12341,-1,"L0 raw"
"own_yellow","Yellow cards received","L0","L0: raw difference","barca_minus_madrid","Barcelona minus Real Madrid",0.205599919525821,-0.0146983794063781,0.425898218458021,0.105609855829905,0.0657426448177274,14510,7255,21,714,724,12341,-1,"L0 raw"
"own_yellow","Yellow cards received","L1","L1: + home, season, opponent, win-probability FE","barca","Barcelona vs non-elite",-0.0172828329351847,-0.140699520251922,0.106133854381553,0.0591653163810245,0.773210456244345,14510,7255,21,714,724,12341,-1,"L1 pre-match FE"
"own_yellow","Yellow cards received","L1","L1: + home, season, opponent, win-probability FE","madrid","Real Madrid vs non-elite",-0.138383875107152,-0.287848654561101,0.0110809043467964,0.0716526359317834,0.067740178577529,14510,7255,21,714,724,12341,-1,"L1 pre-match FE"
"own_yellow","Yellow cards received","L1","L1: + home, season, opponent, win-probability FE","barca_minus_madrid","Barcelona minus Real Madrid",0.121101042171968,-0.0878831347792782,0.330085219123214,0.100185924746269,0.24085118510634,14510,7255,21,714,724,12341,-1,"L1 pre-match FE"
"own_yellow","Yellow cards received","L2","L2: + prior-match style (lagged possession, shots; both teams)","barca","Barcelona vs non-elite",-0.0725730465223119,-0.27236570723226,0.127219614187636,0.0957795597865446,0.457460646203336,14510,7255,21,714,724,12341,-1,"L2 prior style"
"own_yellow","Yellow cards received","L2","L2: + prior-match style (lagged possession, shots; both teams)","madrid","Real Madrid vs non-elite",-0.028254123556321,-0.248376844116236,0.191868597003594,0.105525684473732,0.791636362726363,14510,7255,21,714,724,12341,-1,"L2 prior style"
"own_yellow","Yellow cards received","L2","L2: + prior-match style (lagged possession, shots; both teams)","barca_minus_madrid","Barcelona minus Real Madrid",-0.0443189229659909,-0.335567917156791,0.246930071224809,0.139623249186149,0.754216478547384,14510,7255,21,714,724,12341,-1,"L2 prior style"
"own_yellow","Yellow cards received","L3","L3: same-match style instead of lagged style (descriptive)","barca","Barcelona vs non-elite",-0.0443781541969189,-0.172641830256778,0.0838855218629399,0.0614889375113346,0.478816724431599,14510,7255,21,714,724,12341,-1,"L3 same-match style"
"own_yellow","Yellow cards received","L3","L3: same-match style instead of lagged style (descriptive)","madrid","Real Madrid vs non-elite",-0.173654171959037,-0.3237134801482,-0.0235948637698734,0.0719376499074567,0.0254882463147298,14510,7255,21,714,724,12341,-1,"L3 same-match style"
"own_yellow","Yellow cards received","L3","L3: same-match style instead of lagged style (descriptive)","barca_minus_madrid","Barcelona minus Real Madrid",0.129276017762118,-0.0964698065146555,0.355021842038891,0.108221371075637,0.2462371070358,14510,7255,21,714,724,12341,-1,"L3 same-match style"
"own_yellow","Yellow cards received","L4","L4: + called fouls, both teams (card severity)","barca","Barcelona vs non-elite",-0.114615813518067,-0.244925911756418,0.0156942847202838,0.0624699816332604,0.0814649761871063,14510,7255,21,714,724,12341,-1,"L4 L3 + called fouls"
"own_yellow","Yellow cards received","L4","L4: + called fouls, both teams (card severity)","madrid","Real Madrid vs non-elite",-0.163166580030078,-0.267132645007131,-0.0592005150530255,0.0498407894507088,0.00379825816757175,14510,7255,21,714,724,12341,-1,"L4 L3 + called fouls"
"own_yellow","Yellow cards received","L4","L4: + called fouls, both teams (card severity)","barca_minus_madrid","Barcelona minus Real Madrid",0.0485507665120109,-0.12948947910737,0.226591012131392,0.0853515654134514,0.575802350250727,14510,7255,21,714,724,12341,-1,"L4 L3 + called fouls"
"opp_yellow","Yellow cards to opponent","L0","L0: raw difference","barca","Barcelona vs non-elite",0.147656226415694,-0.00283051934569911,0.298142972177088,0.0721425612508412,0.0540540047267861,14510,7255,21,714,724,12341,1,"L0 raw"
"opp_yellow","Yellow cards to opponent","L0","L0: raw difference","madrid","Real Madrid vs non-elite",0.165174836069501,0.0236835777652596,0.306666094373742,0.0678301714681041,0.0243733734986754,14510,7255,21,714,724,12341,1,"L0 raw"
"opp_yellow","Yellow cards to opponent","L0","L0: raw difference","barca_minus_madrid","Barcelona minus Real Madrid",-0.0175186096538064,-0.174518559660005,0.139481340352392,0.0752649574046864,0.818313850289472,14510,7255,21,714,724,12341,1,"L0 raw"
"opp_yellow","Yellow cards to opponent","L1","L1: + home, season, opponent, win-probability FE","barca","Barcelona vs non-elite",-0.0217772296007723,-0.201396344521009,0.157841885319464,0.0861084671237499,0.802923151934822,14510,7255,21,714,724,12341,1,"L1 pre-match FE"
"opp_yellow","Yellow cards to opponent","L1","L1: + home, season, opponent, win-probability FE","madrid","Real Madrid vs non-elite",-0.0104215393658526,-0.192329906282483,0.171486827550778,0.0872059225942157,0.906067596828032,14510,7255,21,714,724,12341,1,"L1 pre-match FE"
"opp_yellow","Yellow cards to opponent","L1","L1: + home, season, opponent, win-probability FE","barca_minus_madrid","Barcelona minus Real Madrid",-0.0113556902349197,-0.165445070126515,0.142733689656675,0.0738696452680244,0.879366281355721,14510,7255,21,714,724,12341,1,"L1 pre-match FE"
"opp_yellow","Yellow cards to opponent","L2","L2: + prior-match style (lagged possession, shots; both teams)","barca","Barcelona vs non-elite",-0.319056371428037,-0.667911539345829,0.0297987964897549,0.167239348501071,0.0708815662410991,14510,7255,21,714,724,12341,1,"L2 prior style"
"opp_yellow","Yellow cards to opponent","L2","L2: + prior-match style (lagged possession, shots; both teams)","madrid","Real Madrid vs non-elite",-0.267829570486345,-0.487023929511115,-0.0486352114615756,0.105080632794441,0.0191258689260425,14510,7255,21,714,724,12341,1,"L2 prior style"
"opp_yellow","Yellow cards to opponent","L2","L2: + prior-match style (lagged possession, shots; both teams)","barca_minus_madrid","Barcelona minus Real Madrid",-0.0512268009416919,-0.320955364187421,0.218501762304037,0.129306466802796,0.696177555399666,14510,7255,21,714,724,12341,1,"L2 prior style"
"opp_yellow","Yellow cards to opponent","L3","L3: same-match style instead of lagged style (descriptive)","barca","Barcelona vs non-elite",-0.0678795989482069,-0.25714917888315,0.121389980986736,0.090734849732398,0.463101146993043,14510,7255,21,714,724,12341,1,"L3 same-match style"
"opp_yellow","Yellow cards to opponent","L3","L3: same-match style instead of lagged style (descriptive)","madrid","Real Madrid vs non-elite",0.00662529293455708,-0.177844875391247,0.191095461260361,0.0884340368320426,0.94102432762734,14510,7255,21,714,724,12341,1,"L3 same-match style"
"opp_yellow","Yellow cards to opponent","L3","L3: same-match style instead of lagged style (descriptive)","barca_minus_madrid","Barcelona minus Real Madrid",-0.074504891882764,-0.237442478183093,0.0884326944175651,0.0781114292841019,0.351557600785011,14510,7255,21,714,724,12341,1,"L3 same-match style"
"opp_yellow","Yellow cards to opponent","L4","L4: + called fouls, both teams (card severity)","barca","Barcelona vs non-elite",-0.076418029700336,-0.236497079247005,0.0836610198463326,0.0767410616693639,0.331247969868031,14510,7255,21,714,724,12341,1,"L4 L3 + called fouls"
"opp_yellow","Yellow cards to opponent","L4","L4: + called fouls, both teams (card severity)","madrid","Real Madrid vs non-elite",-0.0516064090188781,-0.223633601217535,0.120420783179778,0.0824689389567864,0.538543475960761,14510,7255,21,714,724,12341,1,"L4 L3 + called fouls"
"opp_yellow","Yellow cards to opponent","L4","L4: + called fouls, both teams (card severity)","barca_minus_madrid","Barcelona minus Real Madrid",-0.0248116206814579,-0.167053210449281,0.117429969086365,0.0681898764593711,0.719780144450267,14510,7255,21,714,724,12341,1,"L4 L3 + called fouls"
"net_yellow","Net yellow cards (opp. - own)","L0","L0: raw difference","barca","Barcelona vs non-elite",0.783126863904949,0.551616649468606,1.01463707834129,0.110984789661482,7.65774828968228e-07,14510,7255,21,714,724,12341,1,"L0 raw"
"net_yellow","Net yellow cards (opp. - own)","L0","L0: raw difference","madrid","Real Madrid vs non-elite",0.595045554032934,0.405173001638807,0.784918106427062,0.0910239115853151,2.26825472533566e-06,14510,7255,21,714,724,12341,1,"L0 raw"
"net_yellow","Net yellow cards (opp. - own)","L0","L0: raw difference","barca_minus_madrid","Barcelona minus Real Madrid",0.188081309872015,-0.0736592160147851,0.449821835758815,0.125477043344106,0.149511231456099,14510,7255,21,714,724,12341,1,"L0 raw"
"net_yellow","Net yellow cards (opp. - own)","L1","L1: + home, season, opponent, win-probability FE","barca","Barcelona vs non-elite",-0.0390600625360628,-0.259605404225831,0.181485279153705,0.105728286839754,0.71568381339198,14510,7255,21,714,724,12341,1,"L1 pre-match FE"
"net_yellow","Net yellow cards (opp. - own)","L1","L1: + home, season, opponent, win-probability FE","madrid","Real Madrid vs non-elite",-0.148805414473138,-0.358374713117839,0.0607638841715639,0.100466429035173,0.154151235545703,14510,7255,21,714,724,12341,1,"L1 pre-match FE"
"net_yellow","Net yellow cards (opp. - own)","L1","L1: + home, season, opponent, win-probability FE","barca_minus_madrid","Barcelona minus Real Madrid",0.109745351937075,-0.124204166712071,0.343694870586221,0.112154179382094,0.339505022809162,14510,7255,21,714,724,12341,1,"L1 pre-match FE"
"net_yellow","Net yellow cards (opp. - own)","L2","L2: + prior-match style (lagged possession, shots; both teams)","barca","Barcelona vs non-elite",-0.39162941794904,-0.826990256977799,0.0437314210797192,0.208709716174269,0.0752659283664101,14510,7255,21,714,724,12341,1,"L2 prior style"
"net_yellow","Net yellow cards (opp. - own)","L2","L2: + prior-match style (lagged possession, shots; both teams)","madrid","Real Madrid vs non-elite",-0.296083694043279,-0.511256175698051,-0.0809112123885076,0.103152565754115,0.00945908467056236,14510,7255,21,714,724,12341,1,"L2 prior style"
"net_yellow","Net yellow cards (opp. - own)","L2","L2: + prior-match style (lagged possession, shots; both teams)","barca_minus_madrid","Barcelona minus Real Madrid",-0.0955457239057607,-0.544241156416238,0.353149708604717,0.21510225076024,0.661675983508792,14510,7255,21,714,724,12341,1,"L2 prior style"
"net_yellow","Net yellow cards (opp. - own)","L3","L3: same-match style instead of lagged style (descriptive)","barca","Barcelona vs non-elite",-0.112257753145647,-0.343137532865113,0.118622026573819,0.110682562545421,0.322585745072433,14510,7255,21,714,724,12341,1,"L3 same-match style"
"net_yellow","Net yellow cards (opp. - own)","L3","L3: same-match style instead of lagged style (descriptive)","madrid","Real Madrid vs non-elite",-0.167028879024625,-0.375689771540322,0.0416320134910725,0.100030943873535,0.110542530133308,14510,7255,21,714,724,12341,1,"L3 same-match style"
"net_yellow","Net yellow cards (opp. - own)","L3","L3: same-match style instead of lagged style (descriptive)","barca_minus_madrid","Barcelona minus Real Madrid",0.0547711258789772,-0.184500145995224,0.294042397753178,0.114705400129528,0.638187303414286,14510,7255,21,714,724,12341,1,"L3 same-match style"
"net_yellow","Net yellow cards (opp. - own)","L4","L4: + called fouls, both teams (card severity)","barca","Barcelona vs non-elite",-0.191033843218823,-0.42502043500098,0.0429527485633338,0.112171952048752,0.104051003863434,14510,7255,21,714,724,12341,1,"L4 L3 + called fouls"
"net_yellow","Net yellow cards (opp. - own)","L4","L4: + called fouls, both teams (card severity)","madrid","Real Madrid vs non-elite",-0.214772989048996,-0.374872220257561,-0.0546737578404306,0.076750736652846,0.0110982659650141,14510,7255,21,714,724,12341,1,"L4 L3 + called fouls"
"net_yellow","Net yellow cards (opp. - own)","L4","L4: + called fouls, both teams (card severity)","barca_minus_madrid","Barcelona minus Real Madrid",0.0237391458301729,-0.180223726913972,0.227702018574318,0.0977787376914421,0.810644989076201,14510,7255,21,714,724,12341,1,"L4 L3 + called fouls"
"net_fouls","Net fouls (opp. - own)","L0","L0: raw difference","barca","Barcelona vs non-elite",4.08260207089075,3.36577130592644,4.79943283585506,0.343644931028816,1.62273508434999e-10,14510,7255,21,714,724,12341,1,"L0 raw"
"net_fouls","Net fouls (opp. - own)","L0","L0: raw difference","madrid","Real Madrid vs non-elite",2.66339350348589,1.72122449871227,3.6055625082595,0.451670908235974,9.0917818113404e-06,14510,7255,21,714,724,12341,1,"L0 raw"
"net_fouls","Net fouls (opp. - own)","L0","L0: raw difference","barca_minus_madrid","Barcelona minus Real Madrid",1.41920856740486,0.159650146323672,2.67876698848605,0.603825739483658,0.0291288939938305,14510,7255,21,714,724,12341,1,"L0 raw"
"net_fouls","Net fouls (opp. - own)","L1","L1: + home, season, opponent, win-probability FE","barca","Barcelona vs non-elite",1.88863230886458,1.02027079490704,2.75699382282212,0.416287981985365,0.000200783764846074,14510,7255,21,714,724,12341,1,"L1 pre-match FE"
"net_fouls","Net fouls (opp. - own)","L1","L1: + home, season, opponent, win-probability FE","madrid","Real Madrid vs non-elite",0.696375331630232,-0.696592908677064,2.08934357193753,0.6677817111959,0.309474248383456,14510,7255,21,714,724,12341,1,"L1 pre-match FE"
"net_fouls","Net fouls (opp. - own)","L1","L1: + home, season, opponent, win-probability FE","barca_minus_madrid","Barcelona minus Real Madrid",1.19225697723435,0.0684280034398352,2.31608595102886,0.538757750174169,0.0386908691400795,14510,7255,21,714,724,12341,1,"L1 pre-match FE"
"net_fouls","Net fouls (opp. - own)","L2","L2: + prior-match style (lagged possession, shots; both teams)","barca","Barcelona vs non-elite",0.54620012511994,-1.22191767225048,2.31431792249036,0.847626452749183,0.526646302338735,14510,7255,21,714,724,12341,1,"L2 prior style"
"net_fouls","Net fouls (opp. - own)","L2","L2: + prior-match style (lagged possession, shots; both teams)","madrid","Real Madrid vs non-elite",0.400377030372109,-1.33910154022834,2.13985560097256,0.83389695676616,0.636345996633393,14510,7255,21,714,724,12341,1,"L2 prior style"
"net_fouls","Net fouls (opp. - own)","L2","L2: + prior-match style (lagged possession, shots; both teams)","barca_minus_madrid","Barcelona minus Real Madrid",0.145823094747831,-1.87390407317657,2.16555026267223,0.968246673052549,0.881795669417666,14510,7255,21,714,724,12341,1,"L2 prior style"
"net_fouls","Net fouls (opp. - own)","L3","L3: same-match style instead of lagged style (descriptive)","barca","Barcelona vs non-elite",0.767909334556571,-0.183818361911881,1.71963703102502,0.4562532951936,0.10790653992887,14510,7255,21,714,724,12341,1,"L3 same-match style"
"net_fouls","Net fouls (opp. - own)","L3","L3: same-match style instead of lagged style (descriptive)","madrid","Real Madrid vs non-elite",0.44157562608989,-0.958417548309964,1.84156880048974,0.671149427970498,0.518079172345039,14510,7255,21,714,724,12341,1,"L3 same-match style"
"net_fouls","Net fouls (opp. - own)","L3","L3: same-match style instead of lagged style (descriptive)","barca_minus_madrid","Barcelona minus Real Madrid",0.326333708466681,-0.7977086303633,1.45037604729666,0.538860036259647,0.551591524074471,14510,7255,21,714,724,12341,1,"L3 same-match style"
"net_red","Net red cards (opp. - own)","L0","L0: raw difference","barca","Barcelona vs non-elite",0.0730841400655554,0.0280830178206946,0.118085262310416,0.0215733033595795,0.00292300070016723,14510,7255,21,714,724,12341,1,"L0 raw"
"net_red","Net red cards (opp. - own)","L0","L0: raw difference","madrid","Real Madrid vs non-elite",0.0113627664332296,-0.0322896626882103,0.0550151955546694,0.0209267469085599,0.593145251861764,14510,7255,21,714,724,12341,1,"L0 raw"
"net_red","Net red cards (opp. - own)","L0","L0: raw difference","barca_minus_madrid","Barcelona minus Real Madrid",0.0617213736323259,0.000169517648500102,0.123273229616152,0.0295076388152935,0.049429975436637,14510,7255,21,714,724,12341,1,"L0 raw"
"net_red","Net red cards (opp. - own)","L1","L1: + home, season, opponent, win-probability FE","barca","Barcelona vs non-elite",-0.03772240853404,-0.103386531406347,0.0279417143382666,0.0314790381194716,0.244794764901138,14510,7255,21,714,724,12341,1,"L1 pre-match FE"
"net_red","Net red cards (opp. - own)","L1","L1: + home, season, opponent, win-probability FE","madrid","Real Madrid vs non-elite",-0.0848869772729752,-0.136035706719335,-0.033738247826615,0.0245204341971583,0.00246300601319004,14510,7255,21,714,724,12341,1,"L1 pre-match FE"
"net_red","Net red cards (opp. - own)","L1","L1: + home, season, opponent, win-probability FE","barca_minus_madrid","Barcelona minus Real Madrid",0.0471645687389352,-0.0136194221642429,0.107948559642113,0.029139528299429,0.121201060520173,14510,7255,21,714,724,12341,1,"L1 pre-match FE"
"net_red","Net red cards (opp. - own)","L2","L2: + prior-match style (lagged possession, shots; both teams)","barca","Barcelona vs non-elite",-0.0835797088725313,-0.19079845574154,0.0236390379964774,0.0514001081895963,0.119590823402079,14510,7255,21,714,724,12341,1,"L2 prior style"
"net_red","Net red cards (opp. - own)","L2","L2: + prior-match style (lagged possession, shots; both teams)","madrid","Real Madrid vs non-elite",-0.121104895747823,-0.182192896744899,-0.060016894750748,0.0292852691532755,0.000512640077939997,14510,7255,21,714,724,12341,1,"L2 prior style"
"net_red","Net red cards (opp. - own)","L2","L2: + prior-match style (lagged possession, shots; both teams)","barca_minus_madrid","Barcelona minus Real Madrid",0.037525186875292,-0.0632005786662461,0.13825095241683,0.0482874067968748,0.446182096102148,14510,7255,21,714,724,12341,1,"L2 prior style"
"net_red","Net red cards (opp. - own)","L3","L3: same-match style instead of lagged style (descriptive)","barca","Barcelona vs non-elite",-0.148782549799648,-0.222213314550932,-0.0753517850483633,0.0352023257394719,0.000414245264778512,14510,7255,21,714,724,12341,1,"L3 same-match style"
"net_red","Net red cards (opp. - own)","L3","L3: same-match style instead of lagged style (descriptive)","madrid","Real Madrid vs non-elite",-0.113279295150286,-0.163643445745744,-0.0629151445548289,0.0241443111869823,0.000140073610118847,14510,7255,21,714,724,12341,1,"L3 same-match style"
"net_red","Net red cards (opp. - own)","L3","L3: same-match style instead of lagged style (descriptive)","barca_minus_madrid","Barcelona minus Real Madrid",-0.0355032546493615,-0.111964755961605,0.0409582466628819,0.0366552450439454,0.344326662113612,14510,7255,21,714,724,12341,1,"L3 same-match style"
"net_red","Net red cards (opp. - own)","L4","L4: + called fouls, both teams (card severity)","barca","Barcelona vs non-elite",-0.145707642611719,-0.219104557692098,-0.0723107275313392,0.0351860983837387,0.00050584598794387,14510,7255,21,714,724,12341,1,"L4 L3 + called fouls"
"net_red","Net red cards (opp. - own)","L4","L4: + called fouls, both teams (card severity)","madrid","Real Madrid vs non-elite",-0.111735162653296,-0.162937146853652,-0.0605331784529391,0.0245459642485435,0.000193786871409529,14510,7255,21,714,724,12341,1,"L4 L3 + called fouls"
"net_red","Net red cards (opp. - own)","L4","L4: + called fouls, both teams (card severity)","barca_minus_madrid","Barcelona minus Real Madrid",-0.0339724799584232,-0.110614271278632,0.0426693113617861,0.0367416751336971,0.366180567748004,14510,7255,21,714,724,12341,1,"L4 L3 + called fouls"
"net_pens","Net penalties (for - against)","L0","L0: raw difference","barca","Barcelona vs non-elite",0.119732727228804,0.0556487228850338,0.183816731572574,0.0307215375359366,0.000894280686160899,14472,7236,21,713,723,12308,1,"L0 raw"
"net_pens","Net penalties (for - against)","L0","L0: raw difference","madrid","Real Madrid vs non-elite",0.134875336622808,0.070828981333344,0.198921691912273,0.030703488775612,0.00028087578190515,14472,7236,21,713,723,12308,1,"L0 raw"
"net_pens","Net penalties (for - against)","L0","L0: raw difference","barca_minus_madrid","Barcelona minus Real Madrid",-0.0151426093940046,-0.0979840206618724,0.067698801873863,0.0397137406105799,0.70700561593206,14472,7236,21,713,723,12308,1,"L0 raw"
"net_pens","Net penalties (for - against)","L1","L1: + home, season, opponent, win-probability FE","barca","Barcelona vs non-elite",-0.0152649430709366,-0.0862201647638877,0.0556902786220145,0.0340155633052699,0.658426783162278,14472,7236,21,713,723,12308,1,"L1 pre-match FE"
"net_pens","Net penalties (for - against)","L1","L1: + home, season, opponent, win-probability FE","madrid","Real Madrid vs non-elite",0.0149742329553436,-0.0490818603057174,0.0790303262164047,0.0307081571084197,0.631114097228402,14472,7236,21,713,723,12308,1,"L1 pre-match FE"
"net_pens","Net penalties (for - against)","L1","L1: + home, season, opponent, win-probability FE","barca_minus_madrid","Barcelona minus Real Madrid",-0.0302391760262802,-0.108390586209808,0.0479122341572471,0.0374653785453253,0.429090288729093,14472,7236,21,713,723,12308,1,"L1 pre-match FE"
"net_pens","Net penalties (for - against)","L2","L2: + prior-match style (lagged possession, shots; both teams)","barca","Barcelona vs non-elite",-0.0641356490586222,-0.157605459412782,0.0293341612955376,0.0448089397140077,0.167781975760922,14472,7236,21,713,723,12308,1,"L2 prior style"
"net_pens","Net penalties (for - against)","L2","L2: + prior-match style (lagged possession, shots; both teams)","madrid","Real Madrid vs non-elite",-0.0317661966119884,-0.110374384544308,0.0468419913203312,0.0376843554163682,0.409222350125826,14472,7236,21,713,723,12308,1,"L2 prior style"
"net_pens","Net penalties (for - against)","L2","L2: + prior-match style (lagged possession, shots; both teams)","barca_minus_madrid","Barcelona minus Real Madrid",-0.0323694524466338,-0.135910365602092,0.071171460708824,0.0496369738842606,0.521746163256232,14472,7236,21,713,723,12308,1,"L2 prior style"
"net_pens","Net penalties (for - against)","L3","L3: same-match style instead of lagged style (descriptive)","barca","Barcelona vs non-elite",0.00117165254907962,-0.0756499618931392,0.0779932669912984,0.0368278814007557,0.974935512824296,14472,7236,21,713,723,12308,1,"L3 same-match style"
"net_pens","Net penalties (for - against)","L3","L3: same-match style instead of lagged style (descriptive)","madrid","Real Madrid vs non-elite",0.0109849067846918,-0.0536082757715796,0.0755780893409632,0.0309656349160555,0.726493829224852,14472,7236,21,713,723,12308,1,"L3 same-match style"
"net_pens","Net penalties (for - against)","L3","L3: same-match style instead of lagged style (descriptive)","barca_minus_madrid","Barcelona minus Real Madrid",-0.00981325423561216,-0.0950707037886007,0.0754441953173764,0.0408719767667732,0.812698529396632,14472,7236,21,713,723,12308,1,"L3 same-match style"
