competition_group,season_start,n_team_matches,n_matches,matches_with_reconciled_cards,non_extra_time_matches,run_id,input_md5
La Liga,2011,760,380,127,127,20261003-175015,4237598ec443fe56d60744856219d211
La Liga,2012,760,380,248,248,20261003-175015,4237598ec443fe56d60744856219d211
La Liga,2013,760,380,281,281,20261003-175015,4237598ec443fe56d60744856219d211
La Liga,2014,760,380,316,316,20261003-175015,4237598ec443fe56d60744856219d211
La Liga,2015,760,380,299,299,20261003-175015,4237598ec443fe56d60744856219d211
La Liga,2018,760,380,323,323,20261003-175015,4237598ec443fe56d60744856219d211
La Liga,2021,760,380,333,333,20261003-175015,4237598ec443fe56d60744856219d211
La Liga,2022,750,375,308,308,20261003-175015,4237598ec443fe56d60744856219d211
La Liga,2023,760,380,347,347,20261003-175015,4237598ec443fe56d60744856219d211
La Liga,2024,760,380,351,351,20261003-175015,4237598ec443fe56d60744856219d211
La Liga,2025,760,380,343,343,20261003-175015,4237598ec443fe56d60744856219d211
La Liga,2016,760,380,329,329,20261003-175015,4237598ec443fe56d60744856219d211
La Liga,2017,760,380,323,323,20261003-175015,4237598ec443fe56d60744856219d211
La Liga,2019,760,380,329,329,20261003-175015,4237598ec443fe56d60744856219d211
La Liga,2020,760,380,335,335,20261003-175015,4237598ec443fe56d60744856219d211
Champions League,2011,250,125,3,2,20261003-175015,4237598ec443fe56d60744856219d211
Champions League,2021,250,125,110,108,20261003-175015,4237598ec443fe56d60744856219d211
Champions League,2025,378,189,175,172,20261003-175015,4237598ec443fe56d60744856219d211
Champions League,2012,250,125,105,105,20261003-175015,4237598ec443fe56d60744856219d211
Champions League,2013,250,125,108,107,20261003-175015,4237598ec443fe56d60744856219d211
Champions League,2022,250,125,111,111,20261003-175015,4237598ec443fe56d60744856219d211
Champions League,2023,250,125,114,111,20261003-175015,4237598ec443fe56d60744856219d211
Champions League,2024,378,189,169,167,20261003-175015,4237598ec443fe56d60744856219d211
Champions League,2014,250,125,112,110,20261003-175015,4237598ec443fe56d60744856219d211
Champions League,2015,250,125,112,109,20261003-175015,4237598ec443fe56d60744856219d211
Champions League,2017,250,125,113,113,20261003-175015,4237598ec443fe56d60744856219d211
Champions League,2018,250,125,109,108,20261003-175015,4237598ec443fe56d60744856219d211
Champions League,2019,238,119,109,108,20261003-175015,4237598ec443fe56d60744856219d211
Champions League,2020,250,125,112,112,20261003-175015,4237598ec443fe56d60744856219d211
Champions League,2016,250,125,109,109,20261003-175015,4237598ec443fe56d60744856219d211
