league,season_start,matches,fouls,cards,possession,penalties_per_match,penalties_ok,referee,stoppage_time,odds
eng.1,2001,380,1,1,0,0.16,1,1,0,1
eng.1,2002,380,1,1,0.99,0.04,1,1,0,1
eng.1,2003,380,1,1,1,0.23,1,1,0,1
eng.1,2004,380,1,1,1,0.22,1,1,0,1
eng.1,2005,380,1,1,1,0.19,1,1,0,1
eng.1,2006,380,1,1,1,0.29,1,1,0,1
eng.1,2007,380,1,1,0.99,0.23,1,1,0,1
eng.1,2008,380,1,1,0.98,0.22,1,1,1,1
eng.1,2009,380,1,1,0.99,0.29,1,1,1,1
eng.1,2010,380,1,1,1,0.28,1,1,1,1
eng.1,2011,380,1,1,0.54,0.26,1,1,1,1
eng.1,2012,380,1,1,0.89,0.22,1,1,1,1
eng.1,2013,380,1,1,0.91,0.23,1,1,1,1
eng.1,2014,380,1,1,1,0.21,1,1,1,1
eng.1,2015,380,1,1,1,0.23,1,1,1,1
eng.1,2016,380,1,1,0.01,0.28,1,1,1,1
eng.1,2017,380,1,1,1,0.21,1,1,1,1
eng.1,2018,380,1,1,0.99,0.27,1,1,1,1
eng.1,2019,380,1,1,0.99,0.24,1,1,1,1
eng.1,2020,380,1,1,0.98,0.32,1,1,1,1
eng.1,2021,380,1,1,0.92,0.27,1,1,1,1
eng.1,2022,380,1,1,0.77,0.26,1,1,1,1
eng.1,2023,380,1,1,0.97,0.28,1,1,1,1
eng.1,2024,380,1,1,0.97,0.22,1,1,1,1
eng.1,2025,380,1,1,1,0.25,1,1,1,1
eng.1,2026,50,1,1,1,0.18,1,1,1,1
esp.1,2001,380,0,0,0,0.26,1,0.99,0,0.99
esp.1,2002,380,0,0,0,0.26,1,0.88,0,1
esp.1,2003,380,0,0,0,0.27,1,0.82,0,1
esp.1,2004,380,0.39,0.39,0,0.11,1,0.78,0,1
esp.1,2005,380,1,1,0.99,0.14,1,0,0.99,1
esp.1,2006,380,1,1,1,0.3,1,0.12,0.99,1
esp.1,2007,379,1,1,0.96,0.3,0,0.26,1,1
esp.1,2008,380,1,1,1,0.36,1,1,1,1
esp.1,2009,380,1,1,1,0.21,1,1,1,1
esp.1,2010,380,1,1,1,0.3,1,1,1,1
esp.1,2011,380,1,1,0.97,0.26,1,0.43,0.97,1
esp.1,2012,380,1,1,1,0.28,1,0.02,1,1
esp.1,2013,380,1,1,1,0.3,1,0.01,1,1
esp.1,2014,380,1,1,1,0.29,1,0,1,1
esp.1,2015,380,1,1,1,0.26,1,0,1,1
esp.1,2016,380,1,1,1,0.32,1,0,1,1
esp.1,2017,380,1,1,0.99,0.3,1,0,1,1
esp.1,2018,380,1,1,1,0.34,1,0,1,1
esp.1,2019,380,1,1,1,0.39,1,0,1,1
esp.1,2020,380,1,1,0.98,0.36,1,0,1,1
esp.1,2021,380,1,1,0.99,0.35,1,0,1,1
esp.1,2022,375,1,1,0.94,0.3,1,0,1,1
esp.1,2023,380,1,1,1,0.28,1,0,1,1
esp.1,2024,380,1,1,0.99,0.34,1,0,1,1
esp.1,2025,380,1,1,1,0.36,1,0.13,1,1
esp.1,2026,69,1,1,1,0.36,1,0.99,1,1
fra.1,2001,306,0,0,0,0.15,0,0.93,0,0.99
fra.1,2002,380,0,0,0,0.16,0,0.96,0,1
fra.1,2003,379,0,0,0,0.13,1,0.89,0,1
fra.1,2004,380,0,0,0,0.15,1,0.83,0,1
fra.1,2005,380,0,1,0,0.12,1,0.83,0,1
fra.1,2006,380,0.97,1,0.17,0.25,0,0.2,0.98,1
fra.1,2007,380,1,1,0.98,0.22,1,0.15,1,1
fra.1,2008,380,1,1,1,0.17,1,1,1,1
fra.1,2009,380,1,1,1,0.23,1,1,1,1
fra.1,2010,380,1,1,1,0.2,1,0.99,1,1
fra.1,2011,380,0.99,1,0.94,0.32,1,0.12,1,1
fra.1,2012,380,1,1,0.98,0.22,1,0.06,0.99,1
fra.1,2013,380,1,1,0.99,0.24,1,0.04,1,1
fra.1,2014,380,1,1,0.99,0.34,1,0,1,1
fra.1,2015,380,1,1,1,0.24,1,0,1,1
fra.1,2016,381,1,1,0.98,0.32,1,0,1,0.99
fra.1,2017,384,1,1,0.99,0.34,1,0,1,0.99
fra.1,2018,384,1,1,0.99,0.36,1,0,1,0.99
fra.1,2019,279,1,1,0.99,0.32,1,0,1,1
fra.1,2020,380,1,1,0.98,0.42,1,0,1,1
fra.1,2021,380,1,1,0.96,0.32,1,0,1,1
fra.1,2022,380,1,1,0.97,0.38,1,0,1,1
fra.1,2023,306,1,1,0.99,0.35,1,0,1,1
fra.1,2024,306,1,1,0.96,0.37,1,0,1,1
fra.1,2025,305,1,1,1,0.37,1,0.06,1,1
fra.1,2026,45,1,1,1,0.29,1,1,1,1
ger.1,2001,306,1,1,0,0.25,1,1,0,1
ger.1,2002,306,0,0,0,0.16,1,0.96,0,1
ger.1,2003,306,1,1,0,0.19,1,0.76,0,1
ger.1,2004,306,1,1,0,0.14,1,0.75,0,1
ger.1,2005,305,1,1,0,0.14,1,0.79,0,1
ger.1,2006,306,1,1,0.59,0.22,1,0.04,1,1
ger.1,2007,306,1,1,0.96,0.2,1,0.18,1,1
ger.1,2008,308,1,1,0.99,0.25,1,0.99,1,0.99
ger.1,2009,308,1,1,1,0.19,1,1,1,0.99
ger.1,2010,308,1,1,1,0.27,1,1,1,0.99
ger.1,2011,308,1,1,0.99,0.24,1,0.1,0.99,0.99
ger.1,2012,306,1,1,1,0.26,1,0.05,0.99,1
ger.1,2013,306,1,1,1,0.28,1,0.02,1,1
ger.1,2014,306,1,1,1,0.23,1,0,1,1
ger.1,2015,306,1,1,1,0.28,1,0,1,1
ger.1,2016,306,1,1,1,0.32,1,0,1,1
ger.1,2017,306,1,1,1,0.3,1,0,1,1
ger.1,2018,306,1,1,0.99,0.3,1,0,1,1
ger.1,2019,306,1,1,0.98,0.24,1,0,1,1
ger.1,2020,306,1,1,0.99,0.36,1,0,1,1
ger.1,2021,306,1,1,0.89,0.28,1,0,1,1
ger.1,2022,306,1,1,0.98,0.36,1,0,1,1
ger.1,2023,306,1,1,1,0.33,1,0,1,1
ger.1,2024,306,1,1,0.99,0.27,1,0,1,1
ger.1,2025,306,1,1,1,0.36,1,0.06,1,1
ger.1,2026,36,1,1,1,0.17,1,1,1,1
ita.1,2001,306,0,0,0,0.24,1,0.99,0,0.88
ita.1,2002,305,0,0,0,0.29,1,0.95,0,1
ita.1,2003,305,0,0,0,0.23,1,0.87,0,0.98
ita.1,2004,380,0,0,0,0.22,1,0.87,0,0.99
ita.1,2005,380,0.97,1,0,0.26,1,1,0,1
ita.1,2006,380,1,1,0.02,0.34,1,1,0.98,1
ita.1,2007,380,1,1,0.97,0.33,1,0.17,1,1
ita.1,2008,380,1,1,1,0.3,1,1,1,1
ita.1,2009,380,1,1,1,0.32,1,1,1,1
ita.1,2010,380,1,1,0.99,0.29,1,1,1,1
ita.1,2011,380,1,1,0.99,0.35,1,0.04,0.99,1
ita.1,2012,380,1,1,1,0.34,1,0.06,1,1
ita.1,2013,379,1,1,1,0.33,1,0.01,1,1
ita.1,2014,380,1,1,1,0.31,1,0,1,1
ita.1,2015,380,1,1,1,0.32,1,0,1,1
ita.1,2016,380,1,1,1,0.36,1,0,1,1
ita.1,2017,380,1,1,1,0.33,1,0,1,1
ita.1,2018,380,1,1,1,0.32,1,0,1,1
ita.1,2019,380,1,1,1,0.49,1,0,1,1
ita.1,2020,380,1,1,0.97,0.39,1,0,1,1
ita.1,2021,380,1,1,0.99,0.37,1,0,1,1
ita.1,2022,380,1,1,0.89,0.28,1,0,1,1
ita.1,2023,380,1,1,0.9,0.34,1,0,1,1
ita.1,2024,380,1,1,0.99,0.27,1,0,0.99,1
ita.1,2025,380,1,1,1,0.28,1,0.08,1,1
ita.1,2026,50,1,1,1,0.1,1,1,1,1
uefa.champions,2001,216,0,0,0,0.18,1,0.66,0,0
uefa.champions,2002,225,0,0,0,0.14,1,0.62,0,0
uefa.champions,2003,171,0,0,0,0.13,0,0.73,0,0
uefa.champions,2004,170,0.16,0.16,0,0.13,1,0.76,0,0
uefa.champions,2005,209,0.6,0.6,0,0.12,1,0.22,0.97,0
uefa.champions,2006,207,0.6,0.6,0.01,0.14,1,0.19,1,0
uefa.champions,2007,213,0.58,0.58,0.58,0.17,0,0.2,1,0
uefa.champions,2008,213,0.59,0.59,0.59,0.12,1,0.75,1,0
uefa.champions,2009,213,0.59,0.59,0.59,0.15,0,0.84,1,0
uefa.champions,2010,212,0.59,0.59,0.59,0.19,0,0.72,0.93,0
uefa.champions,2011,213,0.58,0.59,0.58,0.21,0,0.71,0.96,0
uefa.champions,2012,213,0.59,0.59,0.59,0.21,1,0.36,0.99,0
uefa.champions,2013,213,0.59,0.74,0.59,0.31,0,0.37,1,0
uefa.champions,2014,215,0.61,0.62,0.61,0.26,0,0.29,0.99,0
uefa.champions,2015,217,0.58,0.59,0.58,0.27,0,0,0.58,0
uefa.champions,2016,217,0.7,0.82,0.72,0.39,0,0,0.7,0
uefa.champions,2017,219,0.67,0.93,0.71,0.26,0,0,0.67,0
uefa.champions,2018,216,0.67,0.91,0.69,0.33,0,0,0.63,0
uefa.champions,2019,210,0.66,0.77,0.66,0.4,0,0,0.62,0
uefa.champions,2020,125,0.99,1,0.99,0.46,1,0,1,0
uefa.champions,2021,125,0.98,1,0.98,0.36,1,0,1,0
uefa.champions,2022,125,0.98,1,0.98,0.39,1,0,1,0
uefa.champions,2023,125,0.99,1,0.99,0.31,1,0,1,0
uefa.champions,2024,189,0.99,1,0.99,0.39,1,0,0.98,0
uefa.champions,2025,189,1,1,1,0.42,1,0.01,1,0
uefa.champions,2026,18,1,1,1,0.17,1,1,1,0
