league,season_start,matches,invalid_possession_masked,matches_with_possession,penalty_eligible,eligible_below_old_rate_screen,score_disagreements,goal_timeline_mismatch,football_data_fixtures,missing_vs_football_data,run_id,input_md5
eng.1,2001,380,0,1,380,0,0,0,380,0,20261003-175015,ca0996abc2000669b459b210c28383c7
eng.1,2002,380,2,378,377,377,2,3,380,0,20261003-175015,ca0996abc2000669b459b210c28383c7
eng.1,2003,380,1,379,378,0,0,1,380,0,20261003-175015,ca0996abc2000669b459b210c28383c7
eng.1,2004,380,0,380,379,0,0,1,380,0,20261003-175015,ca0996abc2000669b459b210c28383c7
eng.1,2005,380,0,380,380,0,0,0,380,0,20261003-175015,ca0996abc2000669b459b210c28383c7
eng.1,2006,380,0,380,379,0,0,1,380,0,20261003-175015,ca0996abc2000669b459b210c28383c7
eng.1,2007,380,0,378,380,0,0,0,380,0,20261003-175015,ca0996abc2000669b459b210c28383c7
eng.1,2008,380,0,374,380,0,0,0,380,0,20261003-175015,ca0996abc2000669b459b210c28383c7
eng.1,2009,380,0,378,380,0,0,0,380,0,20261003-175015,ca0996abc2000669b459b210c28383c7
eng.1,2010,380,0,379,379,0,0,1,380,0,20261003-175015,ca0996abc2000669b459b210c28383c7
eng.1,2011,380,0,207,379,0,0,1,380,0,20261003-175015,ca0996abc2000669b459b210c28383c7
eng.1,2012,380,0,338,380,0,0,0,380,0,20261003-175015,ca0996abc2000669b459b210c28383c7
eng.1,2013,380,0,344,379,0,0,1,380,0,20261003-175015,ca0996abc2000669b459b210c28383c7
eng.1,2014,380,0,380,379,0,0,1,380,0,20261003-175015,ca0996abc2000669b459b210c28383c7
eng.1,2015,380,0,379,380,0,0,0,380,0,20261003-175015,ca0996abc2000669b459b210c28383c7
eng.1,2016,380,14,4,378,0,0,2,380,0,20261003-175015,ca0996abc2000669b459b210c28383c7
eng.1,2017,380,0,380,380,0,0,0,380,0,20261003-175015,ca0996abc2000669b459b210c28383c7
eng.1,2018,380,1,378,379,0,0,0,380,0,20261003-175015,ca0996abc2000669b459b210c28383c7
eng.1,2019,380,0,376,380,0,0,0,380,0,20261003-175015,ca0996abc2000669b459b210c28383c7
eng.1,2020,380,0,372,380,0,0,0,380,0,20261003-175015,ca0996abc2000669b459b210c28383c7
eng.1,2021,380,2,351,380,0,0,0,380,0,20261003-175015,ca0996abc2000669b459b210c28383c7
eng.1,2022,380,4,293,380,0,0,0,380,0,20261003-175015,ca0996abc2000669b459b210c28383c7
eng.1,2023,380,0,370,380,0,0,0,380,0,20261003-175015,ca0996abc2000669b459b210c28383c7
eng.1,2024,380,0,368,380,0,0,0,380,0,20261003-175015,ca0996abc2000669b459b210c28383c7
eng.1,2025,380,0,380,380,0,0,0,380,0,20261003-175015,ca0996abc2000669b459b210c28383c7
esp.1,2001,380,0,0,378,0,0,2,380,0,20261003-175015,ca0996abc2000669b459b210c28383c7
esp.1,2002,380,0,0,379,0,1,1,380,0,20261003-175015,ca0996abc2000669b459b210c28383c7
esp.1,2003,380,0,0,379,0,0,0,380,0,20261003-175015,ca0996abc2000669b459b210c28383c7
esp.1,2004,380,0,0,348,348,0,8,380,0,20261003-175015,ca0996abc2000669b459b210c28383c7
esp.1,2005,380,0,375,377,377,0,1,380,0,20261003-175015,ca0996abc2000669b459b210c28383c7
esp.1,2006,380,0,380,372,0,0,8,380,0,20261003-175015,ca0996abc2000669b459b210c28383c7
esp.1,2007,379,0,365,378,0,0,1,380,1,20261003-175015,ca0996abc2000669b459b210c28383c7
esp.1,2008,380,0,380,372,0,0,8,380,0,20261003-175015,ca0996abc2000669b459b210c28383c7
esp.1,2009,380,0,380,379,0,0,1,380,0,20261003-175015,ca0996abc2000669b459b210c28383c7
esp.1,2010,380,0,380,380,0,0,0,380,0,20261003-175015,ca0996abc2000669b459b210c28383c7
esp.1,2011,380,0,367,367,0,10,1,380,0,20261003-175015,ca0996abc2000669b459b210c28383c7
esp.1,2012,380,0,380,380,0,0,0,380,0,20261003-175015,ca0996abc2000669b459b210c28383c7
esp.1,2013,380,0,380,380,0,0,0,380,0,20261003-175015,ca0996abc2000669b459b210c28383c7
esp.1,2014,380,0,380,379,0,1,1,380,0,20261003-175015,ca0996abc2000669b459b210c28383c7
esp.1,2015,380,0,379,380,0,0,0,380,0,20261003-175015,ca0996abc2000669b459b210c28383c7
esp.1,2016,380,0,379,380,0,0,0,380,0,20261003-175015,ca0996abc2000669b459b210c28383c7
esp.1,2017,380,1,378,379,0,0,1,380,0,20261003-175015,ca0996abc2000669b459b210c28383c7
esp.1,2018,380,0,380,380,0,0,0,380,0,20261003-175015,ca0996abc2000669b459b210c28383c7
esp.1,2019,380,0,379,380,0,0,0,380,0,20261003-175015,ca0996abc2000669b459b210c28383c7
esp.1,2020,380,1,372,380,0,0,0,380,0,20261003-175015,ca0996abc2000669b459b210c28383c7
esp.1,2021,380,0,376,379,0,0,1,380,0,20261003-175015,ca0996abc2000669b459b210c28383c7
esp.1,2022,375,1,351,375,0,0,0,380,5,20261003-175015,ca0996abc2000669b459b210c28383c7
esp.1,2023,380,0,379,380,0,0,0,380,0,20261003-175015,ca0996abc2000669b459b210c28383c7
esp.1,2024,380,0,376,380,0,0,0,380,0,20261003-175015,ca0996abc2000669b459b210c28383c7
esp.1,2025,380,0,380,380,0,0,0,380,0,20261003-175015,ca0996abc2000669b459b210c28383c7
fra.1,2001,306,0,0,301,0,0,5,306,0,20261003-175015,ca0996abc2000669b459b210c28383c7
fra.1,2002,380,0,0,368,0,0,2,380,0,20261003-175015,ca0996abc2000669b459b210c28383c7
fra.1,2003,379,0,0,379,379,1,0,380,1,20261003-175015,ca0996abc2000669b459b210c28383c7
fra.1,2004,380,0,0,379,0,0,0,380,0,20261003-175015,ca0996abc2000669b459b210c28383c7
fra.1,2005,380,0,0,380,380,1,0,380,0,20261003-175015,ca0996abc2000669b459b210c28383c7
fra.1,2006,380,0,66,368,0,3,6,380,0,20261003-175015,ca0996abc2000669b459b210c28383c7
fra.1,2007,380,0,372,378,0,0,2,380,0,20261003-175015,ca0996abc2000669b459b210c28383c7
fra.1,2008,380,0,380,377,0,0,3,380,0,20261003-175015,ca0996abc2000669b459b210c28383c7
fra.1,2009,380,0,380,378,0,0,2,380,0,20261003-175015,ca0996abc2000669b459b210c28383c7
fra.1,2010,380,0,379,378,0,0,2,380,0,20261003-175015,ca0996abc2000669b459b210c28383c7
fra.1,2011,380,0,359,379,0,0,1,380,0,20261003-175015,ca0996abc2000669b459b210c28383c7
fra.1,2012,380,0,374,377,0,0,3,380,0,20261003-175015,ca0996abc2000669b459b210c28383c7
fra.1,2013,380,0,376,379,0,1,1,380,0,20261003-175015,ca0996abc2000669b459b210c28383c7
fra.1,2014,380,0,377,380,0,0,0,380,0,20261003-175015,ca0996abc2000669b459b210c28383c7
fra.1,2015,380,0,380,380,0,0,0,380,0,20261003-175015,ca0996abc2000669b459b210c28383c7
fra.1,2016,381,0,375,381,0,0,0,380,-1,20261003-175015,ca0996abc2000669b459b210c28383c7
fra.1,2017,384,1,381,384,0,0,0,380,-4,20261003-175015,ca0996abc2000669b459b210c28383c7
fra.1,2018,384,0,382,384,0,0,0,380,-4,20261003-175015,ca0996abc2000669b459b210c28383c7
fra.1,2019,279,0,276,278,0,0,1,279,0,20261003-175015,ca0996abc2000669b459b210c28383c7
fra.1,2020,380,0,374,380,0,0,0,380,0,20261003-175015,ca0996abc2000669b459b210c28383c7
fra.1,2021,380,1,363,380,0,0,0,380,0,20261003-175015,ca0996abc2000669b459b210c28383c7
fra.1,2022,380,2,369,380,0,0,0,380,0,20261003-175015,ca0996abc2000669b459b210c28383c7
fra.1,2023,306,0,302,305,0,0,1,306,0,20261003-175015,ca0996abc2000669b459b210c28383c7
fra.1,2024,306,1,295,305,0,0,0,306,0,20261003-175015,ca0996abc2000669b459b210c28383c7
fra.1,2025,305,0,305,305,0,0,0,306,1,20261003-175015,ca0996abc2000669b459b210c28383c7
ger.1,2001,306,0,0,300,0,0,5,306,0,20261003-175015,ca0996abc2000669b459b210c28383c7
ger.1,2002,306,0,0,306,0,0,0,306,0,20261003-175015,ca0996abc2000669b459b210c28383c7
ger.1,2003,306,0,0,306,0,0,0,306,0,20261003-175015,ca0996abc2000669b459b210c28383c7
ger.1,2004,306,0,0,306,306,0,0,306,0,20261003-175015,ca0996abc2000669b459b210c28383c7
ger.1,2005,305,0,0,300,300,0,5,306,1,20261003-175015,ca0996abc2000669b459b210c28383c7
ger.1,2006,306,0,181,306,0,0,0,306,0,20261003-175015,ca0996abc2000669b459b210c28383c7
ger.1,2007,306,0,294,303,0,0,3,306,0,20261003-175015,ca0996abc2000669b459b210c28383c7
ger.1,2008,308,0,304,307,0,0,1,306,-2,20261003-175015,ca0996abc2000669b459b210c28383c7
ger.1,2009,308,0,307,307,0,0,1,306,-2,20261003-175015,ca0996abc2000669b459b210c28383c7
ger.1,2010,308,0,307,304,0,0,3,306,-2,20261003-175015,ca0996abc2000669b459b210c28383c7
ger.1,2011,308,0,304,295,0,0,10,306,-2,20261003-175015,ca0996abc2000669b459b210c28383c7
ger.1,2012,306,0,305,302,0,0,3,306,0,20261003-175015,ca0996abc2000669b459b210c28383c7
ger.1,2013,306,0,306,306,0,0,0,306,0,20261003-175015,ca0996abc2000669b459b210c28383c7
ger.1,2014,306,0,305,306,0,0,0,306,0,20261003-175015,ca0996abc2000669b459b210c28383c7
ger.1,2015,306,0,305,306,0,0,0,306,0,20261003-175015,ca0996abc2000669b459b210c28383c7
ger.1,2016,306,0,306,306,0,0,0,306,0,20261003-175015,ca0996abc2000669b459b210c28383c7
ger.1,2017,306,0,306,306,0,0,0,306,0,20261003-175015,ca0996abc2000669b459b210c28383c7
ger.1,2018,306,0,304,305,0,0,0,306,0,20261003-175015,ca0996abc2000669b459b210c28383c7
ger.1,2019,306,2,300,303,0,0,3,306,0,20261003-175015,ca0996abc2000669b459b210c28383c7
ger.1,2020,306,1,302,306,0,0,0,306,0,20261003-175015,ca0996abc2000669b459b210c28383c7
ger.1,2021,306,2,271,306,0,0,0,306,0,20261003-175015,ca0996abc2000669b459b210c28383c7
ger.1,2022,306,2,300,306,0,0,0,306,0,20261003-175015,ca0996abc2000669b459b210c28383c7
ger.1,2023,306,0,305,306,0,0,0,306,0,20261003-175015,ca0996abc2000669b459b210c28383c7
ger.1,2024,306,1,304,305,0,0,1,306,0,20261003-175015,ca0996abc2000669b459b210c28383c7
ger.1,2025,306,0,306,306,0,0,0,306,0,20261003-175015,ca0996abc2000669b459b210c28383c7
ita.1,2001,306,0,0,302,0,1,4,306,0,20261003-175015,ca0996abc2000669b459b210c28383c7
ita.1,2002,305,0,0,304,0,0,0,306,1,20261003-175015,ca0996abc2000669b459b210c28383c7
ita.1,2003,305,0,0,305,0,0,0,306,1,20261003-175015,ca0996abc2000669b459b210c28383c7
ita.1,2004,380,0,0,380,0,0,0,380,0,20261003-175015,ca0996abc2000669b459b210c28383c7
ita.1,2005,380,0,0,380,0,0,0,380,0,20261003-175015,ca0996abc2000669b459b210c28383c7
ita.1,2006,380,0,9,373,0,0,7,380,0,20261003-175015,ca0996abc2000669b459b210c28383c7
ita.1,2007,380,0,369,377,0,1,3,380,0,20261003-175015,ca0996abc2000669b459b210c28383c7
ita.1,2008,380,0,380,376,0,0,4,380,0,20261003-175015,ca0996abc2000669b459b210c28383c7
ita.1,2009,380,0,379,379,0,0,1,380,0,20261003-175015,ca0996abc2000669b459b210c28383c7
ita.1,2010,380,0,378,378,0,0,1,380,0,20261003-175015,ca0996abc2000669b459b210c28383c7
ita.1,2011,380,0,376,376,0,0,3,380,0,20261003-175015,ca0996abc2000669b459b210c28383c7
ita.1,2012,380,0,379,379,0,0,1,380,0,20261003-175015,ca0996abc2000669b459b210c28383c7
ita.1,2013,379,0,379,377,0,0,2,380,1,20261003-175015,ca0996abc2000669b459b210c28383c7
ita.1,2014,380,0,380,379,0,0,1,380,0,20261003-175015,ca0996abc2000669b459b210c28383c7
ita.1,2015,380,0,380,380,0,0,0,380,0,20261003-175015,ca0996abc2000669b459b210c28383c7
ita.1,2016,380,0,380,380,0,1,0,380,0,20261003-175015,ca0996abc2000669b459b210c28383c7
ita.1,2017,380,0,379,380,0,0,0,380,0,20261003-175015,ca0996abc2000669b459b210c28383c7
ita.1,2018,380,0,380,380,0,0,0,380,0,20261003-175015,ca0996abc2000669b459b210c28383c7
ita.1,2019,380,0,379,380,0,0,0,380,0,20261003-175015,ca0996abc2000669b459b210c28383c7
ita.1,2020,380,0,367,380,0,0,0,380,0,20261003-175015,ca0996abc2000669b459b210c28383c7
ita.1,2021,380,0,378,380,0,0,0,380,0,20261003-175015,ca0996abc2000669b459b210c28383c7
ita.1,2022,380,2,340,380,0,0,0,380,0,20261003-175015,ca0996abc2000669b459b210c28383c7
ita.1,2023,380,1,343,380,0,0,0,380,0,20261003-175015,ca0996abc2000669b459b210c28383c7
ita.1,2024,380,0,375,378,0,0,0,380,0,20261003-175015,ca0996abc2000669b459b210c28383c7
ita.1,2025,380,0,380,380,0,0,0,380,0,20261003-175015,ca0996abc2000669b459b210c28383c7
uefa.champions,2001,157,0,0,150,0,0,7,,,20261003-175015,ca0996abc2000669b459b210c28383c7
uefa.champions,2002,157,0,0,157,157,0,0,,,20261003-175015,ca0996abc2000669b459b210c28383c7
uefa.champions,2003,125,0,0,120,120,0,5,,,20261003-175015,ca0996abc2000669b459b210c28383c7
uefa.champions,2004,124,0,0,115,115,0,7,,,20261003-175015,ca0996abc2000669b459b210c28383c7
uefa.champions,2005,125,0,0,121,121,0,1,,,20261003-175015,ca0996abc2000669b459b210c28383c7
uefa.champions,2006,125,0,2,125,125,0,0,,,20261003-175015,ca0996abc2000669b459b210c28383c7
uefa.champions,2007,125,0,124,125,0,0,0,,,20261003-175015,ca0996abc2000669b459b210c28383c7
uefa.champions,2008,125,0,125,120,0,0,5,,,20261003-175015,ca0996abc2000669b459b210c28383c7
uefa.champions,2009,125,0,125,125,125,0,0,,,20261003-175015,ca0996abc2000669b459b210c28383c7
uefa.champions,2010,125,0,125,125,0,0,0,,,20261003-175015,ca0996abc2000669b459b210c28383c7
uefa.champions,2011,125,0,123,125,0,0,0,,,20261003-175015,ca0996abc2000669b459b210c28383c7
uefa.champions,2012,125,0,125,125,0,0,0,,,20261003-175015,ca0996abc2000669b459b210c28383c7
uefa.champions,2013,125,0,125,125,0,0,0,,,20261003-175015,ca0996abc2000669b459b210c28383c7
uefa.champions,2014,125,0,124,125,0,0,0,,,20261003-175015,ca0996abc2000669b459b210c28383c7
uefa.champions,2015,125,0,125,125,0,0,0,,,20261003-175015,ca0996abc2000669b459b210c28383c7
uefa.champions,2016,125,0,125,125,0,0,0,,,20261003-175015,ca0996abc2000669b459b210c28383c7
uefa.champions,2017,125,0,125,125,0,0,0,,,20261003-175015,ca0996abc2000669b459b210c28383c7
uefa.champions,2018,125,0,125,125,0,0,0,,,20261003-175015,ca0996abc2000669b459b210c28383c7
uefa.champions,2019,119,0,119,119,0,0,0,,,20261003-175015,ca0996abc2000669b459b210c28383c7
uefa.champions,2020,125,0,124,125,0,0,0,,,20261003-175015,ca0996abc2000669b459b210c28383c7
uefa.champions,2021,125,0,122,125,0,0,0,,,20261003-175015,ca0996abc2000669b459b210c28383c7
uefa.champions,2022,125,0,123,125,0,0,0,,,20261003-175015,ca0996abc2000669b459b210c28383c7
uefa.champions,2023,125,0,124,125,0,0,0,,,20261003-175015,ca0996abc2000669b459b210c28383c7
uefa.champions,2024,189,0,188,185,0,0,0,,,20261003-175015,ca0996abc2000669b459b210c28383c7
uefa.champions,2025,189,0,189,189,0,0,0,,,20261003-175015,ca0996abc2000669b459b210c28383c7
