event_id,league,season_start,home_name,away_name,home_score_espn,away_score_espn,home_score_fd,away_score_fd,possession_valid,goals_ok,run_id
15861,ita.1,2001,Hellas Verona,Perugia,2,1,1,1,FALSE,TRUE,20261003-175015
54678,eng.1,2002,Fulham,Aston Villa,1,1,2,1,TRUE,TRUE,20261003-175015
54736,eng.1,2002,Birmingham City,Sunderland,1,0,2,0,TRUE,FALSE,20261003-175015
65727,esp.1,2002,Villarreal,Celta Vigo,6,0,5,0,FALSE,TRUE,20261003-175015
116681,fra.1,2003,Paris Saint-Germain,AS Monaco,3,4,2,4,FALSE,TRUE,20261003-175015
188319,fra.1,2005,Paris Saint-Germain,Nice,1,4,1,2,FALSE,TRUE,20261003-175015
200229,fra.1,2006,Bordeaux,Stade Rennais,0,1,1,2,FALSE,FALSE,20261003-175015
200280,fra.1,2006,Bordeaux,Lille,0,0,0,1,FALSE,FALSE,20261003-175015
200337,fra.1,2006,Sochaux,Nantes,1,1,1,2,FALSE,FALSE,20261003-175015
224506,ita.1,2007,Siena,Sampdoria,0,0,1,2,TRUE,FALSE,20261003-175015
420604,esp.1,2011,Granada,Real Betis,0,0,0,1,FALSE,TRUE,20261003-175015
420603,esp.1,2011,Granada,Villarreal,0,0,1,0,FALSE,TRUE,20261003-175015
420607,esp.1,2011,Granada,Osasuna,0,0,1,1,FALSE,TRUE,20261003-175015
420601,esp.1,2011,Granada,Barcelona,0,0,0,1,FALSE,TRUE,20261003-175015
420598,esp.1,2011,Athletic Club,Granada,0,0,0,1,FALSE,TRUE,20261003-175015
420606,esp.1,2011,Granada,Real Zaragoza,0,0,1,0,FALSE,TRUE,20261003-175015
420597,esp.1,2011,Getafe,Granada,0,0,1,0,FALSE,TRUE,20261003-175015
420596,esp.1,2011,Granada,Levante,0,0,2,1,FALSE,TRUE,20261003-175015
420595,esp.1,2011,Real Madrid,Granada,0,0,5,1,FALSE,TRUE,20261003-175015
420605,esp.1,2011,Espanyol,Granada,0,0,3,0,FALSE,TRUE,20261003-175015
369572,fra.1,2013,Nantes,Bastia,0,0,2,0,TRUE,TRUE,20261003-175015
402256,esp.1,2014,Málaga,Sevilla,2,2,2,3,TRUE,FALSE,20261003-175015
461288,ita.1,2016,Sassuolo,Pescara,2,1,0,3,TRUE,TRUE,20261003-175015
