term,estimate,std.error,statistic,p.value,conf.low,conf.high,outcome,season,club,outcome_lab
season_start::2005:barca,0.6384581800637124,0.2849360895319644,2.240706612884464,0.02505891827775096,0.07995093562715827,1.1969654245002666,net_yellow,2005,Barcelona,Net yellow cards (opp. - own)
season_start::2006:barca,0.3484889440395791,0.3181203481688542,1.0954626010110036,0.2733307139401329,-0.27506323338669414,0.9720411214658523,net_yellow,2006,Barcelona,Net yellow cards (opp. - own)
season_start::2007:barca,0.08194374256262757,0.2950285729142278,0.27774849653782746,0.7812090627414733,-0.4963459207756826,0.6602334059009378,net_yellow,2007,Barcelona,Net yellow cards (opp. - own)
season_start::2008:barca,0.6653618276294679,0.2787987263674296,2.3865310874935126,0.017019862147432563,0.11888451521999122,1.2118391400389448,net_yellow,2008,Barcelona,Net yellow cards (opp. - own)
season_start::2009:barca,0.4604778498295702,0.3308248519319954,1.3919082775686584,0.16396976116411988,-0.18797660445584352,1.108932304114984,net_yellow,2009,Barcelona,Net yellow cards (opp. - own)
season_start::2010:barca,0.223435561039864,0.30994162540289877,0.7208956226819035,0.4709843987323432,-0.3840853866375646,0.8309565087172925,net_yellow,2010,Barcelona,Net yellow cards (opp. - own)
season_start::2011:barca,0.9979176770338637,0.34437232743634416,2.8977870680341606,0.0037632191023099773,0.32290862510013507,1.6729267289675924,net_yellow,2011,Barcelona,Net yellow cards (opp. - own)
season_start::2012:barca,0.31303058817359974,0.2655255996221009,1.178909260045391,0.23845205714179432,-0.20742988145626473,0.8334910578034642,net_yellow,2012,Barcelona,Net yellow cards (opp. - own)
season_start::2013:barca,0.24275806757238153,0.26730943399285484,0.9081537600310449,0.36381083721399954,-0.28119892094555177,0.7667150560903148,net_yellow,2013,Barcelona,Net yellow cards (opp. - own)
season_start::2014:barca,0.2700330061377821,0.2806511731091301,0.9621659626299898,0.33598096376117514,-0.28007531323494766,0.8201413255105119,net_yellow,2014,Barcelona,Net yellow cards (opp. - own)
season_start::2015:barca,0.6994427535876961,0.30123011852908893,2.3219549127527,0.020248006184859252,0.10899735329695903,1.2898881538784333,net_yellow,2015,Barcelona,Net yellow cards (opp. - own)
season_start::2016:barca,0.10605266516436315,0.2846172210496898,0.37261506796121796,0.7094399530073514,-0.4518295606665611,0.6639348909952875,net_yellow,2016,Barcelona,Net yellow cards (opp. - own)
season_start::2017:barca,0.25595160282232343,0.3181786041328965,0.8044274489161372,0.4211622535551466,-0.36771476294001737,0.8796179685846642,net_yellow,2017,Barcelona,Net yellow cards (opp. - own)
season_start::2018:barca,-0.025690018949711818,0.30764321108390436,-0.08350588611788125,0.9334503548508908,-0.6287058123310185,0.5773257744315949,net_yellow,2018,Barcelona,Net yellow cards (opp. - own)
season_start::2019:barca,-0.6601830529224623,0.35827790195695425,-1.8426563550709325,0.06539791704160994,-1.362448617432643,0.042082511587718474,net_yellow,2019,Barcelona,Net yellow cards (opp. - own)
season_start::2020:barca,-0.48673912877717274,0.30569793530836403,-1.5922224933779439,0.11135471903266381,-1.0859419596978421,0.11246370214349655,net_yellow,2020,Barcelona,Net yellow cards (opp. - own)
season_start::2021:barca,-0.4750015711198146,0.29387200420946125,-1.6163552986192276,0.10603747534730606,-1.051024227841442,0.10102108560181272,net_yellow,2021,Barcelona,Net yellow cards (opp. - own)
season_start::2022:barca,-0.5751084160634552,0.2493709191351292,-2.306236902274139,0.02111027262364624,-1.0639038688175988,-0.08631296330931154,net_yellow,2022,Barcelona,Net yellow cards (opp. - own)
season_start::2023:barca,-0.35646987656226886,0.3068765290254489,-1.1616068445974481,0.24541274250183065,-0.9579828856366446,0.2450431325121069,net_yellow,2023,Barcelona,Net yellow cards (opp. - own)
season_start::2024:barca,0.13599288868163192,0.29375462486404036,0.46294722591882276,0.643408569295097,-0.43979969113091566,0.7117854684941796,net_yellow,2024,Barcelona,Net yellow cards (opp. - own)
season_start::2025:barca,0.15816419980277663,0.2423419032596194,0.6526489958005169,0.5139920833322387,-0.31685357988025764,0.6331819794858109,net_yellow,2025,Barcelona,Net yellow cards (opp. - own)
season_start::2005:real_madrid,-0.2291074878245935,0.28426633760302356,-0.8059606696890749,0.4202776531005612,-0.7863019420670263,0.32808696641783924,net_yellow,2005,Real Madrid,Net yellow cards (opp. - own)
season_start::2006:real_madrid,-0.24648237139904902,0.3266202640319228,-0.754645068117876,0.45047321844739907,-0.8866953536901003,0.39373061089200223,net_yellow,2006,Real Madrid,Net yellow cards (opp. - own)
season_start::2007:real_madrid,-0.09984966732126616,0.2961144386973124,-0.3371995899981503,0.7359709239761565,-0.6802677514831186,0.4805684168405863,net_yellow,2007,Real Madrid,Net yellow cards (opp. - own)
season_start::2008:real_madrid,-0.5564925985975772,0.3263078572366868,-1.7054220002858413,0.08813539787133799,-1.1960932279268217,0.0831080307316675,net_yellow,2008,Real Madrid,Net yellow cards (opp. - own)
season_start::2009:real_madrid,0.10423783906794709,0.30522712717731526,0.34150909203883545,0.7327249015150576,-0.49404215420038305,0.7025178323362773,net_yellow,2009,Real Madrid,Net yellow cards (opp. - own)
season_start::2010:real_madrid,0.07274586185010795,0.30871402012732385,0.2356415877066586,0.8137138528263868,-0.5323688394271424,0.6778605631273584,net_yellow,2010,Real Madrid,Net yellow cards (opp. - own)
season_start::2011:real_madrid,0.25433870888792587,0.3580979887259245,0.7102489176016782,0.47756027011614954,-0.44757420516276014,0.9562516229386119,net_yellow,2011,Real Madrid,Net yellow cards (opp. - own)
season_start::2012:real_madrid,0.1817511586113118,0.3384922809703855,0.5369432888994391,0.5913143461982692,-0.48173233138234856,0.8452346486049722,net_yellow,2012,Real Madrid,Net yellow cards (opp. - own)
season_start::2013:real_madrid,-0.1563862213288567,0.2930365022468384,-0.5336748839471379,0.5935739939076663,-0.7307711988795784,0.417998756221865,net_yellow,2013,Real Madrid,Net yellow cards (opp. - own)
season_start::2014:real_madrid,0.3373119472254756,0.30424477611969236,1.1086860768080182,0.26758250050396526,-0.2590425258914287,0.9336664203423799,net_yellow,2014,Real Madrid,Net yellow cards (opp. - own)
season_start::2015:real_madrid,0.8726483399815688,0.28164767301919447,3.098368719425199,0.0019493046586201539,0.3205867670923558,1.4247099128707816,net_yellow,2015,Real Madrid,Net yellow cards (opp. - own)
season_start::2016:real_madrid,0.6146110469990521,0.2904989851461394,2.1157080693065544,0.0343852410003922,0.04519989247632927,1.184022201521775,net_yellow,2016,Real Madrid,Net yellow cards (opp. - own)
season_start::2017:real_madrid,0.37712800001236446,0.27314215686174875,1.3807022846467756,0.167390042561298,-0.158261790796142,0.9125177908208709,net_yellow,2017,Real Madrid,Net yellow cards (opp. - own)
season_start::2018:real_madrid,-0.17864943501147537,0.3249907824459756,-0.5497061598698508,0.5825286984003544,-0.8156684474831107,0.45836957746016005,net_yellow,2018,Real Madrid,Net yellow cards (opp. - own)
season_start::2019:real_madrid,-0.1407676832010156,0.264149770387021,-0.5329085957363082,0.5941043472180435,-0.6585313705588908,0.3769960041568595,net_yellow,2019,Real Madrid,Net yellow cards (opp. - own)
season_start::2020:real_madrid,0.20856036173425294,0.27054025588275177,0.7709032471109954,0.4407758062096465,-0.3217294062990994,0.7388501297676053,net_yellow,2020,Real Madrid,Net yellow cards (opp. - own)
season_start::2021:real_madrid,-0.40687306815313523,0.2821646283877031,-1.441970492467535,0.14933051216655305,-0.9599479325451434,0.14620179623887303,net_yellow,2021,Real Madrid,Net yellow cards (opp. - own)
season_start::2022:real_madrid,0.17849395171746982,0.23592005502811797,0.7565865975073469,0.4493088507152184,-0.28393627274973676,0.6409241761846763,net_yellow,2022,Real Madrid,Net yellow cards (opp. - own)
season_start::2023:real_madrid,0.27877264326084783,0.23971878409872793,1.162915306403505,0.24488142428892776,-0.19110352358969235,0.748648810111388,net_yellow,2023,Real Madrid,Net yellow cards (opp. - own)
season_start::2024:real_madrid,0.2598061428578945,0.3089831909783594,0.8408423190764795,0.40044899626482633,-0.3458361639976505,0.8654484497134395,net_yellow,2024,Real Madrid,Net yellow cards (opp. - own)
season_start::2025:real_madrid,-0.19487611162157537,0.2989221436864529,-0.6519293258715082,0.5144562456532558,-0.780797617899073,0.39104539465592225,net_yellow,2025,Real Madrid,Net yellow cards (opp. - own)
season_start::2005:barca,2.136477943542837,1.073112439758946,1.9909171344829024,0.046507186854185756,0.033055127974499054,4.239900759111174,net_fouls,2005,Barcelona,Net fouls (opp. - own)
season_start::2006:barca,1.7405979438883488,1.0589277587360921,1.6437362506823694,0.1002505844273234,-0.33502127851529484,3.8162171662919926,net_fouls,2006,Barcelona,Net fouls (opp. - own)
season_start::2007:barca,-0.22341985740014741,0.8856875899329718,-0.2522558291880952,0.8008466076652827,-1.9594685836167853,1.5126288688164906,net_fouls,2007,Barcelona,Net fouls (opp. - own)
season_start::2008:barca,2.2236082421489085,0.9086401433174137,2.447182483079156,0.01440860098929569,0.4425698925939834,4.004646591703834,net_fouls,2008,Barcelona,Net fouls (opp. - own)
season_start::2009:barca,1.3377703220697357,0.9403561395371933,1.4226209260760867,0.15486581021618187,-0.5054349986202451,3.1809756427597167,net_fouls,2009,Barcelona,Net fouls (opp. - own)
season_start::2010:barca,0.850030407088786,0.7754803878646492,1.0961339840320352,0.2730368459951073,-0.6699996293039489,2.370060443481521,net_fouls,2010,Barcelona,Net fouls (opp. - own)
season_start::2011:barca,3.4922091871631165,0.9199000944204623,3.7962918020605385,1.4742533966127506e-4,1.6891000487748642,5.295318325551369,net_fouls,2011,Barcelona,Net fouls (opp. - own)
season_start::2012:barca,0.5360450311136451,0.795422922958201,0.6739119726649039,0.5003771353086107,-1.0230746493479552,2.0951647115752454,net_fouls,2012,Barcelona,Net fouls (opp. - own)
season_start::2013:barca,1.9177301506958955,0.9139568292688353,2.0982721385539382,0.03589694434146873,0.1262704900843732,3.709189811307418,net_fouls,2013,Barcelona,Net fouls (opp. - own)
season_start::2014:barca,3.2299003085353557,0.9853707397242971,3.277852871335584,0.0010482567840998478,1.298461235668846,5.1613393814018655,net_fouls,2014,Barcelona,Net fouls (opp. - own)
season_start::2015:barca,2.918787392415826,0.8794626657275686,3.3188303564894928,9.059963258720986e-4,1.1949402278563896,4.6426345569752625,net_fouls,2015,Barcelona,Net fouls (opp. - own)
season_start::2016:barca,2.461447806046696,0.8475824364468011,2.9040807126271666,0.0036884319882537525,0.8000895281595448,4.122806083933847,net_fouls,2016,Barcelona,Net fouls (opp. - own)
season_start::2017:barca,2.4216615786601308,0.7897330079530871,3.066430748458707,0.002169967829339083,0.8736947807828472,3.9696283765374143,net_fouls,2017,Barcelona,Net fouls (opp. - own)
season_start::2018:barca,2.3442864419520317,0.7204790629992096,3.253788433758558,0.0011411624978827392,0.9320652775116522,3.756507606392411,net_fouls,2018,Barcelona,Net fouls (opp. - own)
season_start::2019:barca,1.4513728763888663,0.8807566276481635,1.6478705136337017,0.09939912286130632,-0.2750106011657558,3.1777563539434883,net_fouls,2019,Barcelona,Net fouls (opp. - own)
season_start::2020:barca,2.8451614049936897,0.9287625272207295,3.063389533498598,0.002192131832359043,1.024680887183435,4.665641922803944,net_fouls,2020,Barcelona,Net fouls (opp. - own)
season_start::2021:barca,-1.9246309387572245,0.8312612528748327,-2.3153141471481846,0.020608486510496755,-3.5539978347253767,-0.29526404278907226,net_fouls,2021,Barcelona,Net fouls (opp. - own)
season_start::2022:barca,-0.7526304286216118,0.7894310218976855,-0.9533833960722621,0.3404104312462112,-2.300005299376088,0.7947444421328645,net_fouls,2022,Barcelona,Net fouls (opp. - own)
season_start::2023:barca,0.0015155804636710624,0.9263526182781293,0.0016360729529627373,0.998694623881202,-1.81424124086754,1.817272401794882,net_fouls,2023,Barcelona,Net fouls (opp. - own)
season_start::2024:barca,0.45567404140485224,0.8887099112732787,0.5127365359884372,0.6081427943960112,-1.2862987794617449,2.1976468622714496,net_fouls,2024,Barcelona,Net fouls (opp. - own)
season_start::2025:barca,0.009618879276435455,0.8349152603675423,0.01152078508207058,0.9908080922059421,-1.6269102882707784,1.6461480468236491,net_fouls,2025,Barcelona,Net fouls (opp. - own)
season_start::2005:real_madrid,-0.8454964347092381,1.1696976695654764,-0.7228333070231099,0.4697929976034688,-3.1382373203090843,1.447244450890608,net_fouls,2005,Real Madrid,Net fouls (opp. - own)
season_start::2006:real_madrid,-3.3993189399810975,1.0244523411577229,-3.3181816307233607,9.081017800625116e-4,-5.407362410558701,-1.3912754694034946,net_fouls,2006,Real Madrid,Net fouls (opp. - own)
season_start::2007:real_madrid,1.2007773059190734,1.0437169010354828,1.1504818066352756,0.249962889487821,-0.8450268999528336,3.24658151179098,net_fouls,2007,Real Madrid,Net fouls (opp. - own)
season_start::2008:real_madrid,-1.1612584090105909,0.8348520085596475,-1.3909751633874432,0.16425253953502855,-2.7976635957978,0.4751467777766183,net_fouls,2008,Real Madrid,Net fouls (opp. - own)
season_start::2009:real_madrid,0.3320880875587141,0.8798518334056104,0.3774363761604188,0.7058544061008343,-1.392521890050638,2.056698065168066,net_fouls,2009,Real Madrid,Net fouls (opp. - own)
season_start::2010:real_madrid,-0.8859369488905564,0.8582908079137893,-1.0322106921358805,0.3019892216355803,-2.5682848565934835,0.7964109588123705,net_fouls,2010,Real Madrid,Net fouls (opp. - own)
season_start::2011:real_madrid,-0.08703576170388136,1.1586760532360825,-0.07511656209757504,0.9401229210895066,-2.358173021818876,2.184101498411113,net_fouls,2011,Real Madrid,Net fouls (opp. - own)
season_start::2012:real_madrid,1.6914644418663658,0.806530091874484,2.0972118200018746,0.03599067487492443,0.11057344308873795,3.2723554406439934,net_fouls,2012,Real Madrid,Net fouls (opp. - own)
season_start::2013:real_madrid,0.1529030402103285,0.8007113488616185,0.19095900217689268,0.8485601663272195,-1.416582558389533,1.7223886388101899,net_fouls,2013,Real Madrid,Net fouls (opp. - own)
season_start::2014:real_madrid,3.367761868901903,0.7329104931472983,4.595052056684171,4.359862127899998e-6,1.9311736830434256,4.804350054760381,net_fouls,2014,Real Madrid,Net fouls (opp. - own)
season_start::2015:real_madrid,1.0476168588513444,0.6737181317097639,1.5549779789846225,0.11997133652912859,-0.27294754520935127,2.36818126291204,net_fouls,2015,Real Madrid,Net fouls (opp. - own)
season_start::2016:real_madrid,2.6102670953186964,0.9199188428105881,2.8374971506656617,0.004552663340257947,0.8071212079467545,4.413412982690638,net_fouls,2016,Real Madrid,Net fouls (opp. - own)
season_start::2017:real_madrid,0.7231476424077181,0.9168792402557202,0.7887054375950645,0.4302960190247568,-1.0740402771620752,2.5203355619775114,net_fouls,2017,Real Madrid,Net fouls (opp. - own)
season_start::2018:real_madrid,1.6721748810949446,0.8991636402372546,1.8597002884299483,0.06294650730303025,-0.09028844122882851,3.434638203418718,net_fouls,2018,Real Madrid,Net fouls (opp. - own)
season_start::2019:real_madrid,-1.0304581131368034,0.8148158517921672,-1.2646515293858562,0.20601491993388704,-2.6275901466927545,0.566673920419148,net_fouls,2019,Real Madrid,Net fouls (opp. - own)
season_start::2020:real_madrid,0.6681129136796965,0.8961222411549601,0.7455600173683943,0.4559443305722115,-1.0883889194432026,2.4246147468025954,net_fouls,2020,Real Madrid,Net fouls (opp. - own)
season_start::2021:real_madrid,0.9901652237842282,0.8219312736883946,1.2046812859923048,0.2283444017590447,-0.6209138485016825,2.601244296070139,net_fouls,2021,Real Madrid,Net fouls (opp. - own)
season_start::2022:real_madrid,3.1251019226411745,0.8998207143221514,3.47302731855352,5.160000369546746e-4,1.3613506601440482,4.8888531851383,net_fouls,2022,Real Madrid,Net fouls (opp. - own)
season_start::2023:real_madrid,3.2840598330982793,0.7524091284652278,4.364726195968861,1.2809001116689271e-5,1.8092520973766089,4.75886756881995,net_fouls,2023,Real Madrid,Net fouls (opp. - own)
season_start::2024:real_madrid,3.7619395426182445,0.7568930838205475,4.9702390245518036,6.757029026005669e-7,2.2783427428163106,5.245536342420179,net_fouls,2024,Real Madrid,Net fouls (opp. - own)
season_start::2025:real_madrid,2.905652288701304,0.9874096600907365,2.9427019059488377,0.003258342196783304,0.9702166992918879,4.84108787811072,net_fouls,2025,Real Madrid,Net fouls (opp. - own)
season_start::2001:barca,-0.04313602498332207,0.07610587820959225,-0.566789661956562,0.5708644449752985,-0.19231123723628046,0.1060391872696363,net_pens,2001,Barcelona,Net penalties (for - against)
season_start::2002:barca,-0.061751991998157285,0.08725621981361588,-0.7077087699886949,0.47913565943940206,-0.23278300060487972,0.10927901660856515,net_pens,2002,Barcelona,Net penalties (for - against)
season_start::2003:barca,-0.11496506001368349,0.07146927532686584,-1.6085941754395718,0.10772334733061333,-0.2550520620595594,0.02512194203219241,net_pens,2003,Barcelona,Net penalties (for - against)
season_start::2006:barca,0.05883603732127802,0.09237367263577831,0.6369351314336457,0.5241755219827278,-0.12222569596663421,0.23989777060919024,net_pens,2006,Barcelona,Net penalties (for - against)
season_start::2007:barca,-0.1649454275204596,0.10943846242584213,-1.507197961888675,0.13177817338892908,-0.37945587329775793,0.04956501825683873,net_pens,2007,Barcelona,Net penalties (for - against)
season_start::2008:barca,0.0989236709996416,0.09005902479438083,1.098431514503962,0.27203138713553454,-0.07760111860988071,0.2754484606091639,net_pens,2008,Barcelona,Net penalties (for - against)
season_start::2009:barca,-0.011349096017774675,0.062434717534626115,-0.18177540422891317,0.8557611161762922,-0.1337274517938134,0.11102925975826404,net_pens,2009,Barcelona,Net penalties (for - against)
season_start::2010:barca,-0.07063596959953425,0.08361000039527501,-0.8448268061905911,0.3982192231316869,-0.23452001967364622,0.09324808047457772,net_pens,2010,Barcelona,Net penalties (for - against)
season_start::2011:barca,0.1178277735373736,0.10928901759398571,1.0781300457389946,0.2809907500942177,-0.0963897452671764,0.3320452923419236,net_pens,2011,Barcelona,Net penalties (for - against)
season_start::2012:barca,-0.03978245261731621,0.0825943978940932,-0.4816604228815533,0.6300532850486614,-0.20167581915629834,0.12211091392166594,net_pens,2012,Barcelona,Net penalties (for - against)
season_start::2013:barca,0.17204354347504364,0.10773645064460576,1.5968926249721191,0.11030789988905419,-0.039130787212382834,0.3832178741624701,net_pens,2013,Barcelona,Net penalties (for - against)
season_start::2014:barca,-0.00936176217579883,0.08789551734307571,-0.10651012086609371,0.9151788601994167,-0.18164585854516851,0.16292233419357083,net_pens,2014,Barcelona,Net penalties (for - against)
season_start::2015:barca,0.44234440502283506,0.11933447670952957,3.7067611743045523,2.1058131155563927e-4,0.2084367711970409,0.6762520388486293,net_pens,2015,Barcelona,Net penalties (for - against)
season_start::2016:barca,0.18005104339666345,0.08286979192104028,2.172698147573715,0.029816564984216403,0.017617876734622617,0.3424842100587043,net_pens,2016,Barcelona,Net penalties (for - against)
season_start::2017:barca,0.01600913771153166,0.0765819002380434,0.20904597119906462,0.8344148116278997,-0.13409912582211392,0.1661174012451772,net_pens,2017,Barcelona,Net penalties (for - against)
season_start::2018:barca,0.13370643746162772,0.08428207524016214,1.5864160568024772,0.11266322817837314,-0.03149494722571619,0.2989078221489716,net_pens,2018,Barcelona,Net penalties (for - against)
season_start::2019:barca,-0.08154378417490067,0.09057782395753194,-0.9002621239072055,0.3679932980758658,-0.2590854725720119,0.09599790422221056,net_pens,2019,Barcelona,Net penalties (for - against)
season_start::2020:barca,0.007646047613288555,0.08976485253822811,0.0851786350346015,0.9321203608157153,-0.1683021346462777,0.18359422987285479,net_pens,2020,Barcelona,Net penalties (for - against)
season_start::2021:barca,0.08296017213444637,0.10693003879149024,0.7758359865202681,0.43785643358983684,-0.12663350982804827,0.292553854096941,net_pens,2021,Barcelona,Net penalties (for - against)
season_start::2022:barca,-0.0830704359171071,0.06278791917783434,-1.3230321533960465,0.1858421635834077,-0.2061411026070095,0.0400002307727953,net_pens,2022,Barcelona,Net penalties (for - against)
season_start::2023:barca,0.08827451344239289,0.08090944391184567,1.091028552100442,0.2752755070590699,-0.07031617301652988,0.24686519990131567,net_pens,2023,Barcelona,Net penalties (for - against)
season_start::2024:barca,0.06156902845585093,0.09696113757247744,0.6349866554507854,0.5254455121761997,-0.12848459969924178,0.25162265661094363,net_pens,2024,Barcelona,Net penalties (for - against)
season_start::2025:barca,0.08283564797624747,0.09669977619920472,0.8566270909004309,0.39166286852759014,-0.10670568547507338,0.27237698142756833,net_pens,2025,Barcelona,Net penalties (for - against)
season_start::2001:real_madrid,0.07769093813448319,0.0853159015857911,0.9106267025304717,0.3625047776229088,-0.08953685066473738,0.24491872693370376,net_pens,2001,Real Madrid,Net penalties (for - against)
season_start::2002:real_madrid,-0.03020455201895359,0.08183134359344162,-0.3691073700196991,0.7120522108625857,-0.19060225501737774,0.13019315097947057,net_pens,2002,Real Madrid,Net penalties (for - against)
season_start::2003:real_madrid,-0.03671567137249499,0.0723396919596228,-0.5075453098831033,0.6117787200929132,-0.17850877797947245,0.10507743523448249,net_pens,2003,Real Madrid,Net penalties (for - against)
season_start::2006:real_madrid,-0.0790860052184351,0.0906799934597761,-0.8721439228325059,0.3831419651915955,-0.25682795616479487,0.09865594572792467,net_pens,2006,Real Madrid,Net penalties (for - against)
season_start::2007:real_madrid,-0.00905724886245983,0.0859253162500593,-0.105408385534497,0.9160529839344245,-0.17747955198870663,0.159365054263787,net_pens,2007,Real Madrid,Net penalties (for - against)
season_start::2008:real_madrid,-0.10206955075635445,0.07896639611524182,-1.2925694444431324,0.196177268325884,-0.2568516671771289,0.052712565664419966,net_pens,2008,Real Madrid,Net penalties (for - against)
season_start::2009:real_madrid,0.09314373632024003,0.09028687744736777,1.0316420165769677,0.3022542647392697,-0.08382766751503393,0.27011514015551397,net_pens,2009,Real Madrid,Net penalties (for - against)
season_start::2010:real_madrid,0.15027339831735034,0.10295035144186818,1.4596686287390048,0.1443993167643719,-0.05151969426825884,0.3520664909029595,net_pens,2010,Real Madrid,Net penalties (for - against)
season_start::2011:real_madrid,0.2565221933026176,0.10837348352846761,2.3670199106890775,0.017942907063193025,0.044099213786772146,0.46894517281846304,net_pens,2011,Real Madrid,Net penalties (for - against)
season_start::2012:real_madrid,0.09079126002564145,0.09682975661583024,0.9376380071454028,0.34844355563203977,-0.09900484817757754,0.28058736822886043,net_pens,2012,Real Madrid,Net penalties (for - against)
season_start::2013:real_madrid,-0.07036502055183054,0.08755467042330158,-0.8036695268411835,0.42159889471808554,-0.24198102251378734,0.10125098141012627,net_pens,2013,Real Madrid,Net penalties (for - against)
season_start::2014:real_madrid,0.1409972521558115,0.09426614905618141,1.4957357817998795,0.13474075453215736,-0.04377392616235032,0.3257684304739733,net_pens,2014,Real Madrid,Net penalties (for - against)
season_start::2015:real_madrid,0.09185969910558947,0.09607593496437968,0.9561155885669665,0.33902719385322655,-0.09645884248252093,0.2801782406936999,net_pens,2015,Real Madrid,Net penalties (for - against)
season_start::2016:real_madrid,0.049026544219561013,0.08805931344987919,0.5567445656667026,0.5777091617893173,-0.1235786090717369,0.22163169751085893,net_pens,2016,Real Madrid,Net penalties (for - against)
season_start::2017:real_madrid,0.09968831940235438,0.12086853156648075,0.8247665302984448,0.40951551820597354,-0.13722621696864334,0.3366028557733521,net_pens,2017,Real Madrid,Net penalties (for - against)
season_start::2018:real_madrid,-0.02178633448183379,0.11203763080822152,-0.19445550860608765,0.8458215119410553,-0.24139141295037875,0.19781874398671118,net_pens,2018,Real Madrid,Net penalties (for - against)
season_start::2019:real_madrid,0.1885366891876023,0.10603202040212947,1.77811088077518,0.07540319717175901,-0.019296785981521847,0.39637016435672645,net_pens,2019,Real Madrid,Net penalties (for - against)
season_start::2020:real_madrid,-0.1984621552703741,0.11073217114832738,-1.792271868349182,0.07310688643507701,-0.4155084008808832,0.018584090340134973,net_pens,2020,Real Madrid,Net penalties (for - against)
season_start::2021:real_madrid,0.1330220596956175,0.12501981981625557,1.064007770056964,0.28734002348607496,-0.11202942115788037,0.37807354054911535,net_pens,2021,Real Madrid,Net penalties (for - against)
season_start::2022:real_madrid,0.0860705508285845,0.07323874213936257,1.1752052030714137,0.23992879560604494,-0.05748478498517501,0.229625886642344,net_pens,2022,Real Madrid,Net penalties (for - against)
season_start::2023:real_madrid,0.054686384089383915,0.06673767595128036,0.8194229617660931,0.4125564217812333,-0.07612620502343201,0.18549897320219985,net_pens,2023,Real Madrid,Net penalties (for - against)
season_start::2024:real_madrid,0.2472157791490762,0.10861773573430546,2.276016688046245,0.022857171874553373,0.03431404062661669,0.4601175176715357,net_pens,2024,Real Madrid,Net penalties (for - against)
season_start::2025:real_madrid,0.21443343942941925,0.10416963168455241,2.0585024249559494,0.03955686258282951,0.010250434352460175,0.41861644450637836,net_pens,2025,Real Madrid,Net penalties (for - against)
