outcome,series,season,term,estimate,std.error,statistic,p.value,conf.low,conf.high,outcome_lab,title
net_fouls,Barcelona,2001,NA,NA,NA,NA,NA,NA,NA,Net fouls (opp. - own),FALSE
net_fouls,Barcelona,2002,NA,NA,NA,NA,NA,NA,NA,Net fouls (opp. - own),FALSE
net_fouls,Barcelona,2003,NA,NA,NA,NA,NA,NA,NA,Net fouls (opp. - own),FALSE
net_fouls,Barcelona,2004,NA,NA,NA,NA,NA,NA,NA,Net fouls (opp. - own),FALSE
net_fouls,Barcelona,2005,season_start::2005:barca,3.1740179444259935,1.3363661298538194,2.3751110369530157,0.017579652864579524,0.5541799495093529,5.7938559393426345,Net fouls (opp. - own),FALSE
net_fouls,Barcelona,2006,season_start::2006:barca,4.875701986742481,2.4821740903391314,1.964286874848625,0.04954990255328763,0.009599915912957613,9.741804057572004,Net fouls (opp. - own),FALSE
net_fouls,Barcelona,2007,season_start::2007:barca,2.666033271931049,1.5180362477185405,1.7562382162730537,0.07910647822453744,-0.3099543340020299,5.642020877864128,Net fouls (opp. - own),FALSE
net_fouls,Barcelona,2008,season_start::2008:barca,4.9407730150274025,1.907665680350394,2.5899574888404433,0.009625498594773695,1.2009483372445593,8.680597692810245,Net fouls (opp. - own),FALSE
net_fouls,Barcelona,2009,season_start::2009:barca,1.2935227269759404,1.2463139653315112,1.0378787070975908,0.2993746839547473,-1.1497752637684646,3.736820717720345,Net fouls (opp. - own),FALSE
net_fouls,Barcelona,2010,season_start::2010:barca,5.498811540750854,1.945763503871186,2.8260431084305546,0.0047306344967976985,1.6842991532500777,9.31332392825163,Net fouls (opp. - own),FALSE
net_fouls,Barcelona,2011,season_start::2011:barca,2.9749012674231663,1.3250734895012195,2.245083982883825,0.024804510293455477,0.37720158295734985,5.572600951888983,Net fouls (opp. - own),FALSE
net_fouls,Barcelona,2012,season_start::2012:barca,5.710509080144226,1.7556485788832923,3.2526492766430994,0.0011506288785599833,2.2687016667948776,9.152316493493576,Net fouls (opp. - own),FALSE
net_fouls,Barcelona,2013,season_start::2013:barca,4.886274574412182,1.5565792475862392,3.139110701873512,0.0017040823564540325,1.8347265264447712,7.937822622379593,Net fouls (opp. - own),FALSE
net_fouls,Barcelona,2014,season_start::2014:barca,2.8072661336684894,1.4010704064435433,2.0036581464841676,0.04515836913979638,0.06058062409514564,5.553951643241833,Net fouls (opp. - own),FALSE
net_fouls,Barcelona,2015,season_start::2015:barca,2.390371596373652,2.1552247217735157,1.1091055017254237,0.267435854202899,-1.8347726119007195,6.615515804648023,Net fouls (opp. - own),FALSE
net_fouls,Barcelona,2016,season_start::2016:barca,0.367536268342451,1.7014751251706108,0.21601036824184974,0.8289881203307108,-2.9680684590948676,3.703140995779769,Net fouls (opp. - own),FALSE
net_fouls,Barcelona,2017,season_start::2017:barca,2.8857521280797926,1.2519584366338028,2.3049903604139166,0.021206223123441784,0.4313886066783228,5.3401156494812625,Net fouls (opp. - own),FALSE
net_fouls,Barcelona,2018,season_start::2018:barca,2.862093765710821,1.109003592382471,2.580779526207114,0.009884848103439158,0.6879816845100972,5.036205846911545,Net fouls (opp. - own),FALSE
net_fouls,Barcelona,2019,season_start::2019:barca,1.9309124589244953,1.9141657398582568,1.0087488343968996,0.3131419417751419,-1.8216550611734108,5.683479979022401,Net fouls (opp. - own),FALSE
net_fouls,Barcelona,2020,season_start::2020:barca,1.5226924388918623,1.6671118257638582,0.9133715059541228,0.36108944253364517,-1.7455458120946086,4.7909306898783335,Net fouls (opp. - own),FALSE
net_fouls,Barcelona,2021,season_start::2021:barca,-3.29430000509944,2.2784040797516454,-1.445880489056415,0.14827086336507775,-7.760927407994917,1.1723273977960358,Net fouls (opp. - own),FALSE
net_fouls,Barcelona,2022,season_start::2022:barca,1.3573692374656263,1.136098980061984,1.1947631863832586,0.2322339426272459,-0.8698611655362865,3.5845996404675393,Net fouls (opp. - own),FALSE
net_fouls,Barcelona,2023,season_start::2023:barca,2.2008206565127724,2.539541598489713,0.8666212271622639,0.3861894795139559,-2.7777457862946795,7.179387099320224,Net fouls (opp. - own),FALSE
net_fouls,Barcelona,2024,season_start::2024:barca,1.891660878190805,1.585057909353189,1.193433291634582,0.2327540530858819,-1.2157172888395575,4.999039045221168,Net fouls (opp. - own),FALSE
net_fouls,Barcelona,2025,season_start::2025:barca,1.6627616989980265,1.3654673857356963,1.2177234816210216,0.22338420711613785,-1.014126960520142,4.339650358516195,Net fouls (opp. - own),FALSE
net_fouls,Other elite clubs (pooled),2001,NA,NA,NA,NA,NA,NA,NA,Net fouls (opp. - own),FALSE
net_fouls,Other elite clubs (pooled),2002,NA,NA,NA,NA,NA,NA,NA,Net fouls (opp. - own),FALSE
net_fouls,Other elite clubs (pooled),2003,NA,NA,NA,NA,NA,NA,NA,Net fouls (opp. - own),FALSE
net_fouls,Other elite clubs (pooled),2004,NA,NA,NA,NA,NA,NA,NA,Net fouls (opp. - own),FALSE
net_fouls,Other elite clubs (pooled),2005,season_start::2005:other_elite,0.4167366997801882,0.9414280695053407,0.44266440876269625,0.6580268628062504,-1.4288570868873216,2.262330486447698,Net fouls (opp. - own),FALSE
net_fouls,Other elite clubs (pooled),2006,season_start::2006:other_elite,-0.8061690250685883,0.875275095630219,-0.9210464562437108,0.3570688102355508,-2.522075242915621,0.9097371927784442,Net fouls (opp. - own),FALSE
net_fouls,Other elite clubs (pooled),2007,season_start::2007:other_elite,-1.0377660344573316,0.6376955991425667,-1.6273689764406278,0.1037192141616481,-2.2879168146238236,0.21238474570916033,Net fouls (opp. - own),FALSE
net_fouls,Other elite clubs (pooled),2008,season_start::2008:other_elite,-1.1859608970375468,0.8588501278231216,-1.3808706066604823,0.167377966508442,-2.8696672904764116,0.4977454964013177,Net fouls (opp. - own),FALSE
net_fouls,Other elite clubs (pooled),2009,season_start::2009:other_elite,0.8274219362824647,0.8118984880430113,1.0191199373666415,0.3081933414521297,-0.7642395548862203,2.4190834274511497,Net fouls (opp. - own),FALSE
net_fouls,Other elite clubs (pooled),2010,season_start::2010:other_elite,-0.7820629139427567,0.8649795796206382,-0.90414032003594,0.36596279654175645,-2.477785603176921,0.9136597752914078,Net fouls (opp. - own),FALSE
net_fouls,Other elite clubs (pooled),2011,season_start::2011:other_elite,-0.257579165321853,0.8074158529309838,-0.3190167302101143,0.7497266127912597,-1.8404528119608945,1.3252944813171883,Net fouls (opp. - own),FALSE
net_fouls,Other elite clubs (pooled),2012,season_start::2012:other_elite,0.1953362123749196,0.7209326362944044,0.2709493266651767,0.7864407377909525,-1.2179940645201568,1.608666489269996,Net fouls (opp. - own),FALSE
net_fouls,Other elite clubs (pooled),2013,season_start::2013:other_elite,-0.17642863721789862,0.7588727890195031,-0.23248776312806282,0.8161683205237024,-1.6641375229550193,1.3112802485192219,Net fouls (opp. - own),FALSE
net_fouls,Other elite clubs (pooled),2014,season_start::2014:other_elite,-0.14108765318528807,0.7116330915749116,-0.19825898325364225,0.8428501750189517,-1.536186922838196,1.2540116164676198,Net fouls (opp. - own),FALSE
net_fouls,Other elite clubs (pooled),2015,season_start::2015:other_elite,0.02503381238550864,0.6630277688000911,0.03775680833219606,0.9698830280370316,-1.2747786428862302,1.3248462676572477,Net fouls (opp. - own),FALSE
net_fouls,Other elite clubs (pooled),2016,season_start::2016:other_elite,0.31851301789894393,0.7908225502153775,0.402761678725775,0.6871400766295631,-1.2318307973231233,1.8688568331210111,Net fouls (opp. - own),FALSE
net_fouls,Other elite clubs (pooled),2017,season_start::2017:other_elite,-0.6604552068840274,0.6844413611382046,-0.9649551362379839,0.3346120613282245,-2.0022472825320943,0.6813368687640394,Net fouls (opp. - own),FALSE
net_fouls,Other elite clubs (pooled),2018,season_start::2018:other_elite,-0.7360889073068211,0.6745404997706858,-1.0912449401586104,0.2752155705904631,-2.058471142931581,0.586293328317939,Net fouls (opp. - own),FALSE
net_fouls,Other elite clubs (pooled),2019,season_start::2019:other_elite,0.5881315549657424,0.8266007905588598,0.7115061607527743,0.47680248286577476,-1.0323526142724562,2.2086157242039413,Net fouls (opp. - own),FALSE
net_fouls,Other elite clubs (pooled),2020,season_start::2020:other_elite,-2.1699288526565605,0.6991745530924273,-3.103558107283843,0.0019223316685066595,-3.5406041626262685,-0.7992535426868526,Net fouls (opp. - own),FALSE
net_fouls,Other elite clubs (pooled),2021,season_start::2021:other_elite,-1.218696247847745,0.721541131682665,-1.6890184001093504,0.09127572984514311,-2.633219430865091,0.19582693516960115,Net fouls (opp. - own),FALSE
net_fouls,Other elite clubs (pooled),2022,season_start::2022:other_elite,-0.40475510722578,0.6523773827840578,-0.6204309314011844,0.5350012453007424,-1.6836883398638347,0.8741781254122747,Net fouls (opp. - own),FALSE
net_fouls,Other elite clubs (pooled),2023,season_start::2023:other_elite,0.3183721385628328,0.7413397921767234,0.4294550783899349,0.6676098336253047,-1.1349647212247134,1.771708998350379,Net fouls (opp. - own),FALSE
net_fouls,Other elite clubs (pooled),2024,season_start::2024:other_elite,-0.8643582388491469,0.5536968557505746,-1.5610676309105083,0.11856851912164182,-1.9498362586489375,0.22111978095064377,Net fouls (opp. - own),FALSE
net_fouls,Other elite clubs (pooled),2025,season_start::2025:other_elite,-1.5964805105136928,0.5811567673077679,-2.7470737679085335,0.006033627750396833,-2.7357914717712672,-0.4571695492561185,Net fouls (opp. - own),FALSE
net_fouls,Real Madrid,2001,NA,NA,NA,NA,NA,NA,NA,Net fouls (opp. - own),FALSE
net_fouls,Real Madrid,2002,NA,NA,NA,NA,NA,NA,NA,Net fouls (opp. - own),FALSE
net_fouls,Real Madrid,2003,NA,NA,NA,NA,NA,NA,NA,Net fouls (opp. - own),FALSE
net_fouls,Real Madrid,2004,NA,NA,NA,NA,NA,NA,NA,Net fouls (opp. - own),FALSE
net_fouls,Real Madrid,2005,season_start::2005:real_madrid,-1.1897120759650672,2.3600293615205485,-0.5041090146431674,0.614206084747507,-5.816359259178787,3.4369351072486527,Net fouls (opp. - own),FALSE
net_fouls,Real Madrid,2006,season_start::2006:real_madrid,-0.21104677449800732,2.920900963254146,-0.07225399873293967,0.9424025455799393,-5.93723748823518,5.515143939239165,Net fouls (opp. - own),FALSE
net_fouls,Real Madrid,2007,season_start::2007:real_madrid,1.5083677011630936,1.0374701256940866,1.4538902507230922,0.14603695848974907,-0.5255087890930792,3.5422441914192664,Net fouls (opp. - own),FALSE
net_fouls,Real Madrid,2008,season_start::2008:real_madrid,2.588447130693699,1.7373040053801518,1.4899218114260333,0.13630531669158666,-0.8173972261321163,5.994291487519514,Net fouls (opp. - own),FALSE
net_fouls,Real Madrid,2009,season_start::2009:real_madrid,-5.055875199885207,1.905738368641935,-2.6529744497342094,0.008002790069068438,-8.791921538536975,-1.3198288612334386,Net fouls (opp. - own),FALSE
net_fouls,Real Madrid,2010,season_start::2010:real_madrid,0.5388506448156022,2.3911400985990796,0.22535302098413382,0.8217134923225585,-4.148786628783837,5.226487918415041,Net fouls (opp. - own),FALSE
net_fouls,Real Madrid,2011,season_start::2011:real_madrid,1.3993127653348574,1.6444819327773978,0.8509140401266255,0.3948562026589072,-1.8245614059713606,4.623186936641075,Net fouls (opp. - own),FALSE
net_fouls,Real Madrid,2012,season_start::2012:real_madrid,0.9434268085637678,1.6018988949659512,0.5889427925373659,0.5559251784614506,-2.196966752223233,4.083820369350769,Net fouls (opp. - own),FALSE
net_fouls,Real Madrid,2013,season_start::2013:real_madrid,2.482420338339168,1.319282097413516,1.8816448303255326,0.059939947821541266,-0.10392578912166428,5.0687664658000005,Net fouls (opp. - own),TRUE
net_fouls,Real Madrid,2014,season_start::2014:real_madrid,1.1834550665123997,1.4545779836590147,0.8136071629074154,0.4159072066436841,-1.6681277318154575,4.035037864840257,Net fouls (opp. - own),FALSE
net_fouls,Real Madrid,2015,season_start::2015:real_madrid,0.40160801441799016,1.182995373500277,0.3394840110233923,0.7342588208892734,-1.9175589848576091,2.7207750136935895,Net fouls (opp. - own),TRUE
net_fouls,Real Madrid,2016,season_start::2016:real_madrid,5.418336426743271,1.5342460928257176,3.5315953888231713,4.166358254808293e-4,2.4105707271015904,8.42610212638495,Net fouls (opp. - own),TRUE
net_fouls,Real Madrid,2017,season_start::2017:real_madrid,1.103293120988799,1.3995498778811648,0.7883199723178992,0.4305454273968653,-1.640411514996772,3.8469977569743703,Net fouls (opp. - own),TRUE
net_fouls,Real Madrid,2018,season_start::2018:real_madrid,-0.5901545151136658,1.6444715415774744,-0.3588718321920942,0.7197055115103151,-3.8140083153106765,2.6336992850833445,Net fouls (opp. - own),FALSE
net_fouls,Real Madrid,2019,season_start::2019:real_madrid,3.8180870061789256,2.13315835442783,1.7898750921391573,0.07353203695760041,-0.36379786897515887,7.9999718813330105,Net fouls (opp. - own),FALSE
net_fouls,Real Madrid,2020,season_start::2020:real_madrid,-1.2106558682317452,1.3349214821500999,-0.9069116681542907,0.3644954445345999,-3.8276617478628183,1.406350011399328,Net fouls (opp. - own),FALSE
net_fouls,Real Madrid,2021,season_start::2021:real_madrid,2.8767017886031963,1.0145037795303609,2.8355752306165813,0.0045919531463784295,0.8878489673401297,4.865554609866263,Net fouls (opp. - own),TRUE
net_fouls,Real Madrid,2022,season_start::2022:real_madrid,1.0610103344970736,1.2235603905757775,0.8671499524414877,0.3858997814209435,-1.3376811084356417,3.459701777429789,Net fouls (opp. - own),FALSE
net_fouls,Real Madrid,2023,season_start::2023:real_madrid,-0.785535146416036,1.2488163634420255,-0.6290237455336669,0.5293610831151797,-3.2337388867913828,1.6626685939593107,Net fouls (opp. - own),TRUE
net_fouls,Real Madrid,2024,season_start::2024:real_madrid,-2.415375804511098,0.9279133570385594,-2.603018682929388,0.009266880059391578,-4.234475087599173,-0.5962765214230228,Net fouls (opp. - own),FALSE
net_fouls,Real Madrid,2025,season_start::2025:real_madrid,-0.741960683138057,1.1131081660502316,-0.6665665617842339,0.5050785436935613,-2.924119449904592,1.440198083628478,Net fouls (opp. - own),FALSE
net_pens,Barcelona,2001,season_start::2001:barca,-0.011341237939874793,0.09185750639736227,-0.12346555425545996,0.9017436024964924,-0.19142391005454595,0.16874143417479637,Net penalties (for - against),FALSE
net_pens,Barcelona,2002,NA,NA,NA,NA,NA,NA,NA,Net penalties (for - against),FALSE
net_pens,Barcelona,2003,NA,NA,NA,NA,NA,NA,NA,Net penalties (for - against),FALSE
net_pens,Barcelona,2004,NA,NA,NA,NA,NA,NA,NA,Net penalties (for - against),FALSE
net_pens,Barcelona,2005,NA,NA,NA,NA,NA,NA,NA,Net penalties (for - against),FALSE
net_pens,Barcelona,2006,NA,NA,NA,NA,NA,NA,NA,Net penalties (for - against),FALSE
net_pens,Barcelona,2007,season_start::2007:barca,-0.16764940342168447,0.10063791064571428,-1.6658672894340727,0.09580489883680084,-0.3649456786625956,0.02964687181922665,Net penalties (for - against),FALSE
net_pens,Barcelona,2008,season_start::2008:barca,0.1024471461236126,0.11386858134872489,0.8996963421355544,0.3683268625744429,-0.12078728733118034,0.32568157957840554,Net penalties (for - against),FALSE
net_pens,Barcelona,2009,NA,NA,NA,NA,NA,NA,NA,Net penalties (for - against),FALSE
net_pens,Barcelona,2010,season_start::2010:barca,0.07635896939844242,0.11791409199587452,0.6475813713691999,0.5172866230970198,-0.15480651287293343,0.30752445166981823,Net penalties (for - against),FALSE
net_pens,Barcelona,2011,season_start::2011:barca,0.3836183969672106,0.2040348511131152,1.8801611336219017,0.06014644063884488,-0.016383112261913912,0.7836199061963351,Net penalties (for - against),FALSE
net_pens,Barcelona,2012,season_start::2012:barca,-0.02174134569847523,0.10363794645162086,-0.20978171068474702,0.8338469235932073,-0.22491906150484525,0.18143637010789476,Net penalties (for - against),FALSE
net_pens,Barcelona,2013,season_start::2013:barca,0.12900161531193058,0.2088208992048867,0.617761995102604,0.5367614544040806,-0.2803827343952181,0.5383859650190793,Net penalties (for - against),FALSE
net_pens,Barcelona,2014,season_start::2014:barca,-0.03557792085502964,0.1389189744982537,-0.2561055534964152,0.7978802744213993,-0.30792256764802983,0.23676672593797055,Net penalties (for - against),FALSE
net_pens,Barcelona,2015,season_start::2015:barca,-0.01704096051238478,0.18855763569192313,-0.09037534040905844,0.9279927110714311,-0.3867000576811848,0.3526181366564152,Net penalties (for - against),FALSE
net_pens,Barcelona,2016,season_start::2016:barca,0.18677119269521145,0.2621646411096584,0.712419462459427,0.47623958630126306,-0.3271912580247305,0.7007336434151534,Net penalties (for - against),FALSE
net_pens,Barcelona,2017,season_start::2017:barca,-0.19156775758357436,0.10958258804416138,-1.7481587266981984,0.08050027799365372,-0.4063996863632181,0.023264171196069355,Net penalties (for - against),FALSE
net_pens,Barcelona,2018,season_start::2018:barca,0.0484231392074969,0.09439662025400361,0.5129753488758316,0.6079920975353881,-0.1366373559076089,0.23348363432260266,Net penalties (for - against),FALSE
net_pens,Barcelona,2019,season_start::2019:barca,-0.14079749415831314,0.134980703960549,-1.0430934943076324,0.296957360489895,-0.40542133173543515,0.12382634341880891,Net penalties (for - against),FALSE
net_pens,Barcelona,2020,season_start::2020:barca,0.2584447182724259,0.3919943628163872,0.6593072319090545,0.5097300291683853,-0.5100432918907802,1.026932728435632,Net penalties (for - against),FALSE
net_pens,Barcelona,2021,season_start::2021:barca,-0.19387355802791323,0.18627928234355723,-1.0407682249406016,0.2980353860034645,-0.5590660419052499,0.17131892584942343,Net penalties (for - against),FALSE
net_pens,Barcelona,2022,season_start::2022:barca,-0.18321149604728376,0.1904545929136378,-0.9619694292715826,0.3361132659423163,-0.5565894958814344,0.19016650378686678,Net penalties (for - against),FALSE
net_pens,Barcelona,2023,season_start::2023:barca,-0.17005280948914325,0.13489954194755027,-1.2605884870629196,0.2075182308569162,-0.4345175324468047,0.09441191346851818,Net penalties (for - against),FALSE
net_pens,Barcelona,2024,season_start::2024:barca,-0.1007734379863441,0.15431783184659564,-0.6530252322785419,0.5137711900076284,-0.4033068792237109,0.20176000325102272,Net penalties (for - against),FALSE
net_pens,Barcelona,2025,season_start::2025:barca,0.18806255064066493,0.15126941862693682,1.243229149339616,0.21384393499285906,-0.10849460820197734,0.48461970948330724,Net penalties (for - against),FALSE
net_pens,Other elite clubs (pooled),2001,season_start::2001:other_elite,0.026850930408452094,0.056791112753555174,0.47280162522913766,0.6363761446758243,-0.0844855921919423,0.13818745300884647,Net penalties (for - against),FALSE
net_pens,Other elite clubs (pooled),2002,NA,NA,NA,NA,NA,NA,NA,Net penalties (for - against),FALSE
net_pens,Other elite clubs (pooled),2003,NA,NA,NA,NA,NA,NA,NA,Net penalties (for - against),FALSE
net_pens,Other elite clubs (pooled),2004,NA,NA,NA,NA,NA,NA,NA,Net penalties (for - against),FALSE
net_pens,Other elite clubs (pooled),2005,NA,NA,NA,NA,NA,NA,NA,Net penalties (for - against),FALSE
net_pens,Other elite clubs (pooled),2006,NA,NA,NA,NA,NA,NA,NA,Net penalties (for - against),FALSE
net_pens,Other elite clubs (pooled),2007,season_start::2007:other_elite,-0.0033508361773728207,0.06830081172665557,-0.04905997590164948,0.9608735343770856,-0.1372516262786203,0.13054995392387464,Net penalties (for - against),FALSE
net_pens,Other elite clubs (pooled),2008,season_start::2008:other_elite,0.08001984098262188,0.062439700474138764,1.2815538891920926,0.20006089414916173,-0.0423904937676092,0.20243017573285296,Net penalties (for - against),FALSE
net_pens,Other elite clubs (pooled),2009,NA,NA,NA,NA,NA,NA,NA,Net penalties (for - against),FALSE
net_pens,Other elite clubs (pooled),2010,season_start::2010:other_elite,0.052415096972509824,0.0733887949913308,0.7142111677770627,0.4751312326068674,-0.09146046446657308,0.1962906584115927,Net penalties (for - against),FALSE
net_pens,Other elite clubs (pooled),2011,season_start::2011:other_elite,0.01272146072176647,0.08529311084590184,0.14914992073334268,0.8814415816007921,-0.15449199756283494,0.17993491900636788,Net penalties (for - against),FALSE
net_pens,Other elite clubs (pooled),2012,season_start::2012:other_elite,0.06518936484036389,0.05972273095468121,1.0915335551187515,0.2750927898328945,-0.05189446856765266,0.18227319824838045,Net penalties (for - against),FALSE
net_pens,Other elite clubs (pooled),2013,season_start::2013:other_elite,0.07342030820975001,0.08327963102393507,0.8816118336144954,0.3780307595210164,-0.08984580988666663,0.23668642630616665,Net penalties (for - against),FALSE
net_pens,Other elite clubs (pooled),2014,season_start::2014:other_elite,0.08597852091346021,0.07395555074701111,1.1625702201526098,0.24506153561864166,-0.05900814069502823,0.23096518252194864,Net penalties (for - against),FALSE
net_pens,Other elite clubs (pooled),2015,season_start::2015:other_elite,0.008858069653125633,0.08525903602155183,0.10389596301424854,0.9172562378490703,-0.1582885864107161,0.17600472571696738,Net penalties (for - against),FALSE
net_pens,Other elite clubs (pooled),2016,season_start::2016:other_elite,-0.011879949134318063,0.09728070006877289,-0.12212030881685161,0.9028088343994181,-0.20259455810473476,0.17883465983609864,Net penalties (for - against),FALSE
net_pens,Other elite clubs (pooled),2017,season_start::2017:other_elite,0.007041849753515724,0.08560221848130581,0.08226246794121994,0.9344414187451957,-0.16077760069370545,0.17486130020073687,Net penalties (for - against),FALSE
net_pens,Other elite clubs (pooled),2018,season_start::2018:other_elite,0.01450089607978057,0.08607102920230858,0.16847592289963728,0.8662159598941097,-0.15423763752858122,0.18323942968814239,Net penalties (for - against),FALSE
net_pens,Other elite clubs (pooled),2019,season_start::2019:other_elite,0.031708283866296934,0.08836972710613204,0.3588138710467589,0.7197500670146042,-0.14153674765541133,0.20495331538800518,Net penalties (for - against),FALSE
net_pens,Other elite clubs (pooled),2020,season_start::2020:other_elite,0.11034686932905495,0.08936985460042772,1.234721370225065,0.21699447028270666,-0.06485886892955302,0.28555260758766293,Net penalties (for - against),FALSE
net_pens,Other elite clubs (pooled),2021,season_start::2021:other_elite,0.03922639919587554,0.09098416021770458,0.431134376599351,0.6663899663231404,-0.13914411547100308,0.21759691386275415,Net penalties (for - against),FALSE
net_pens,Other elite clubs (pooled),2022,season_start::2022:other_elite,0.05440655787568388,0.07707649124661892,0.7058774601142798,0.48029849550712345,-0.09669857272595381,0.20551168847732157,Net penalties (for - against),FALSE
net_pens,Other elite clubs (pooled),2023,season_start::2023:other_elite,0.014653634334333424,0.07532358098816347,0.19454245459514374,0.8457593640275844,-0.13301499144913145,0.1623222601177983,Net penalties (for - against),FALSE
net_pens,Other elite clubs (pooled),2024,season_start::2024:other_elite,0.137674622002566,0.0728692650307975,1.889337321357353,0.058906673213393046,-0.005182423397863012,0.280531667402995,Net penalties (for - against),FALSE
net_pens,Other elite clubs (pooled),2025,season_start::2025:other_elite,0.048822701842051966,0.07822955663868982,0.6240953411962178,0.5325945397032082,-0.10454296363660305,0.202188367320707,Net penalties (for - against),FALSE
net_pens,Real Madrid,2001,season_start::2001:real_madrid,-0.01013941913954309,0.12364956886680903,-0.08200124943795734,0.934649128238898,-0.25254905598552474,0.23227021770643855,Net penalties (for - against),TRUE
net_pens,Real Madrid,2002,NA,NA,NA,NA,NA,NA,NA,Net penalties (for - against),FALSE
net_pens,Real Madrid,2003,NA,NA,NA,NA,NA,NA,NA,Net penalties (for - against),FALSE
net_pens,Real Madrid,2004,NA,NA,NA,NA,NA,NA,NA,Net penalties (for - against),FALSE
net_pens,Real Madrid,2005,NA,NA,NA,NA,NA,NA,NA,Net penalties (for - against),FALSE
net_pens,Real Madrid,2006,NA,NA,NA,NA,NA,NA,NA,Net penalties (for - against),FALSE
net_pens,Real Madrid,2007,season_start::2007:real_madrid,-0.060568103701473475,0.16631772416237348,-0.36417107080146044,0.7157462586267026,-0.3866268153066807,0.26549060790373374,Net penalties (for - against),FALSE
net_pens,Real Madrid,2008,season_start::2008:real_madrid,-0.20617782876287866,0.12340977839847929,-1.6706765982282914,0.09485056404048506,-0.4481173667570838,0.035761709231326516,Net penalties (for - against),FALSE
net_pens,Real Madrid,2009,NA,NA,NA,NA,NA,NA,NA,Net penalties (for - against),FALSE
net_pens,Real Madrid,2010,season_start::2010:real_madrid,-3.147726707524133e-4,0.10273886718266886,-0.003063812940362191,0.9975555617041638,-0.20172988241969922,0.20110033707819439,Net penalties (for - against),FALSE
net_pens,Real Madrid,2011,season_start::2011:real_madrid,-0.09379179828851957,0.14893707167774561,-0.6297411197358331,0.52889385447249,-0.3857764917183525,0.19819289514131333,Net penalties (for - against),FALSE
net_pens,Real Madrid,2012,season_start::2012:real_madrid,-0.19846959156649605,0.10829540321292108,-1.8326686607028209,0.06691357803782962,-0.41077805010395296,0.0138388669709609,Net penalties (for - against),FALSE
net_pens,Real Madrid,2013,season_start::2013:real_madrid,0.23706012655748795,0.17455318100301415,1.3580968573319465,0.17449658411282265,-0.10514384232840471,0.5792640954433806,Net penalties (for - against),TRUE
net_pens,Real Madrid,2014,season_start::2014:real_madrid,0.1848431353081062,0.19453435189453172,0.9501824922331471,0.3420672224815904,-0.196533055721057,0.5662193263372695,Net penalties (for - against),FALSE
net_pens,Real Madrid,2015,season_start::2015:real_madrid,-0.11335187220873956,0.20767263649584214,-0.5458199699362366,0.5852149803064904,-0.5204851024914194,0.2937813580739403,Net penalties (for - against),TRUE
net_pens,Real Madrid,2016,season_start::2016:real_madrid,-0.41318067707469586,0.15418017290675834,-2.679856101371543,0.007390447839991407,-0.7154442439087761,-0.11091711024061557,Net penalties (for - against),TRUE
net_pens,Real Madrid,2017,season_start::2017:real_madrid,0.27666526690915194,0.12656751762877225,2.185910509208394,0.028870151594361293,0.028535117600368254,0.5247954162179356,Net penalties (for - against),TRUE
net_pens,Real Madrid,2018,season_start::2018:real_madrid,-0.10943500878363177,0.08326728601361212,-1.3142617469931934,0.18882073888938083,-0.27267692502074015,0.05380690745347658,Net penalties (for - against),FALSE
net_pens,Real Madrid,2019,season_start::2019:real_madrid,-0.034732619806014,0.18265383881335978,-0.19015543298547724,0.8491953491456813,-0.39281757829838604,0.32335233868635804,Net penalties (for - against),FALSE
net_pens,Real Madrid,2020,season_start::2020:real_madrid,0.17907141675410515,0.1424172216616843,1.2573719292143881,0.2086799710425309,-0.10013139244298841,0.4582742259511987,Net penalties (for - against),FALSE
net_pens,Real Madrid,2021,season_start::2021:real_madrid,0.14921620315151585,0.17306986833475949,0.8621732054646,0.3886351484902585,-0.19007979534243818,0.4885122016454699,Net penalties (for - against),TRUE
net_pens,Real Madrid,2022,season_start::2022:real_madrid,0.15489997227148244,0.12661692925360804,1.2233748929515162,0.22124799825106897,-0.09332704639270772,0.4031269909356726,Net penalties (for - against),FALSE
net_pens,Real Madrid,2023,season_start::2023:real_madrid,-0.12488639515727046,0.13244153519765192,-0.9429549043726623,0.3457512785796062,-0.38453230209261596,0.13475951177807505,Net penalties (for - against),TRUE
net_pens,Real Madrid,2024,season_start::2024:real_madrid,-0.1310012378539525,0.17940095159155833,-0.7302148438554701,0.46529439551764085,-0.48270905150575333,0.2207065757978483,Net penalties (for - against),FALSE
net_pens,Real Madrid,2025,season_start::2025:real_madrid,0.20217814853859098,0.21085594416463918,0.9588449087341239,0.3376850243042132,-0.21119581887753838,0.6155521159547204,Net penalties (for - against),FALSE
net_yellow,Barcelona,2001,NA,NA,NA,NA,NA,NA,NA,Net yellow cards (opp. - own),FALSE
net_yellow,Barcelona,2002,NA,NA,NA,NA,NA,NA,NA,Net yellow cards (opp. - own),FALSE
net_yellow,Barcelona,2003,NA,NA,NA,NA,NA,NA,NA,Net yellow cards (opp. - own),FALSE
net_yellow,Barcelona,2004,NA,NA,NA,NA,NA,NA,NA,Net yellow cards (opp. - own),FALSE
net_yellow,Barcelona,2005,season_start::2005:barca,-0.8939555844002106,0.3271583187362272,-2.732486179331928,0.00630694457621448,-1.5353225072114587,-0.25258866158896254,Net yellow cards (opp. - own),FALSE
net_yellow,Barcelona,2006,season_start::2006:barca,1.8060210159828929,0.6185363227011025,2.9198301695462803,0.003517175300142567,0.593431528818914,3.0186105031468715,Net yellow cards (opp. - own),FALSE
net_yellow,Barcelona,2007,season_start::2007:barca,-0.21404051405509295,0.3783657846949359,-0.5656973297087814,0.5716238143249037,-0.9557954538783077,0.5277144257681218,Net yellow cards (opp. - own),FALSE
net_yellow,Barcelona,2008,season_start::2008:barca,1.1221304380295187,0.48041276741361677,2.3357631481584002,0.01954118139719732,0.18032079826385217,2.063940077795185,Net yellow cards (opp. - own),FALSE
net_yellow,Barcelona,2009,season_start::2009:barca,0.9169143198955622,0.5966896171602667,1.5366688032201594,0.12443491467884772,-0.25284650143954523,2.0866751412306694,Net yellow cards (opp. - own),FALSE
net_yellow,Barcelona,2010,season_start::2010:barca,0.7116152511761858,0.3586146894603425,1.9843449587830675,0.04726956765105159,0.008580705875405714,1.414649796476966,Net yellow cards (opp. - own),FALSE
net_yellow,Barcelona,2011,season_start::2011:barca,0.9214253588238331,0.6470671874344736,1.424002602383764,0.1545053651140231,-0.34709653742536173,2.189947255073028,Net yellow cards (opp. - own),FALSE
net_yellow,Barcelona,2012,season_start::2012:barca,0.20001728205673192,0.49069771065092044,0.40761812764808897,0.6835707341680727,-0.7619551413449399,1.1619897054584036,Net yellow cards (opp. - own),FALSE
net_yellow,Barcelona,2013,season_start::2013:barca,0.10113154424448184,0.5828726205456438,0.173505394969161,0.8622609010129535,-1.041542193884409,1.2438052823733725,Net yellow cards (opp. - own),FALSE
net_yellow,Barcelona,2014,season_start::2014:barca,0.665800789798338,0.4621092880486586,1.4407864265394972,0.1497048807852077,-0.2401263870594933,1.5717279666561694,Net yellow cards (opp. - own),FALSE
net_yellow,Barcelona,2015,season_start::2015:barca,0.32343261682867674,0.5936089039636864,0.5448580954042808,0.5858743460369318,-0.840288720165677,1.4871539538230305,Net yellow cards (opp. - own),FALSE
net_yellow,Barcelona,2016,season_start::2016:barca,-0.8136606118582049,0.49590043014089663,-1.6407741603027555,0.10090442461613143,-1.785832538064592,0.15851131434818233,Net yellow cards (opp. - own),FALSE
net_yellow,Barcelona,2017,season_start::2017:barca,0.7687726225747954,0.5454235969865686,1.4094964479392096,0.15874786953068423,-0.3004853910353035,1.8380306361848944,Net yellow cards (opp. - own),FALSE
net_yellow,Barcelona,2018,season_start::2018:barca,0.1699707307969498,0.4598605385021453,0.3696136471082675,0.7116853428579308,-0.7315479578940767,1.0714894194879763,Net yellow cards (opp. - own),FALSE
net_yellow,Barcelona,2019,season_start::2019:barca,-0.1573887685161415,0.5279846404427089,-0.2980934604161456,0.7656436715893169,-1.192459144963964,0.8776816079316812,Net yellow cards (opp. - own),FALSE
net_yellow,Barcelona,2020,season_start::2020:barca,0.007316213356853934,0.6431768485717871,0.011375119258567882,0.990924597471676,-1.2535789941543238,1.2682114208680315,Net yellow cards (opp. - own),FALSE
net_yellow,Barcelona,2021,season_start::2021:barca,0.4475729312504709,0.6304132804076892,0.7099674850774477,0.4777559462089095,-0.7883003527188537,1.6834462152197953,Net yellow cards (opp. - own),FALSE
net_yellow,Barcelona,2022,season_start::2022:barca,1.1325556839885553,0.7666136348904365,1.4773487353253492,0.13964238100635534,-0.3703271706921003,2.635438538669211,Net yellow cards (opp. - own),FALSE
net_yellow,Barcelona,2023,season_start::2023:barca,-1.058277839074119,0.44138568427370795,-2.3976261051952688,0.016536545763225993,-1.9235780985604376,-0.19297757958780026,Net yellow cards (opp. - own),FALSE
net_yellow,Barcelona,2024,season_start::2024:barca,1.274182178786345,0.4813304220233966,2.647208903667446,0.00814025136101574,0.33057355278199274,2.217790804790697,Net yellow cards (opp. - own),FALSE
net_yellow,Barcelona,2025,season_start::2025:barca,-0.09444409232972596,0.4565566492861244,-0.20686171689186764,0.8361259066721108,-0.98948577848579,0.8005975938263381,Net yellow cards (opp. - own),FALSE
net_yellow,Other elite clubs (pooled),2001,NA,NA,NA,NA,NA,NA,NA,Net yellow cards (opp. - own),FALSE
net_yellow,Other elite clubs (pooled),2002,NA,NA,NA,NA,NA,NA,NA,Net yellow cards (opp. - own),FALSE
net_yellow,Other elite clubs (pooled),2003,NA,NA,NA,NA,NA,NA,NA,Net yellow cards (opp. - own),FALSE
net_yellow,Other elite clubs (pooled),2004,NA,NA,NA,NA,NA,NA,NA,Net yellow cards (opp. - own),FALSE
net_yellow,Other elite clubs (pooled),2005,season_start::2005:other_elite,-0.44323717531820755,0.250874257582354,-1.7667702521160704,0.0773250183919778,-0.9350554827960593,0.04858113215964416,Net yellow cards (opp. - own),FALSE
net_yellow,Other elite clubs (pooled),2006,season_start::2006:other_elite,-0.2930814180130512,0.20382394899394604,-1.4379145309453125,0.1505181246221874,-0.6926614729126557,0.10649863688655326,Net yellow cards (opp. - own),FALSE
net_yellow,Other elite clubs (pooled),2007,season_start::2007:other_elite,-0.2132735921501693,0.21953386030453204,-0.9714838150903982,0.3313523267027333,-0.6436516335225917,0.21710444922225305,Net yellow cards (opp. - own),FALSE
net_yellow,Other elite clubs (pooled),2008,season_start::2008:other_elite,0.23619721696023502,0.2167931506881323,1.0895049784115018,0.2759814483744617,-0.1888078890707304,0.6612023229912004,Net yellow cards (opp. - own),FALSE
net_yellow,Other elite clubs (pooled),2009,season_start::2009:other_elite,-0.18528788100739582,0.21277796691672096,-0.8708038886371893,0.38390120181667653,-0.6024215501452403,0.23184578813044873,Net yellow cards (opp. - own),FALSE
net_yellow,Other elite clubs (pooled),2010,season_start::2010:other_elite,-0.41964353336451626,0.2529795717266884,-1.6588040310934145,0.09721523857444252,-0.9155891357236925,0.07630206899465997,Net yellow cards (opp. - own),FALSE
net_yellow,Other elite clubs (pooled),2011,season_start::2011:other_elite,0.32970362131749675,0.2643803737860801,1.2470805476062763,0.21242379693700014,-0.18859231394061948,0.847999556575613,Net yellow cards (opp. - own),FALSE
net_yellow,Other elite clubs (pooled),2012,season_start::2012:other_elite,-0.18282822771626364,0.21886107211185588,-0.8353620219077766,0.4035520579606645,-0.6118873232813249,0.24623086784879764,Net yellow cards (opp. - own),FALSE
net_yellow,Other elite clubs (pooled),2013,season_start::2013:other_elite,0.06626002834715455,0.21372315309096818,0.31002737601832,0.7565524883515495,-0.3527266003926417,0.4852466570869508,Net yellow cards (opp. - own),FALSE
net_yellow,Other elite clubs (pooled),2014,season_start::2014:other_elite,0.018816436969608236,0.23340148063891167,0.0806183273477968,0.9357485745772869,-0.43874793123972017,0.4763808051789366,Net yellow cards (opp. - own),FALSE
net_yellow,Other elite clubs (pooled),2015,season_start::2015:other_elite,0.10920215829675003,0.2574173138345096,0.4242222742132829,0.6714211626808002,-0.3954432717511055,0.6138475883446056,Net yellow cards (opp. - own),FALSE
net_yellow,Other elite clubs (pooled),2016,season_start::2016:other_elite,-0.1075427009827444,0.2383598502744533,-0.45117791800471907,0.6518800257915118,-0.5748275442440065,0.35974214227851764,Net yellow cards (opp. - own),FALSE
net_yellow,Other elite clubs (pooled),2017,season_start::2017:other_elite,0.09025991668813059,0.21477735929869154,0.4202487496021675,0.6743210065330751,-0.33079339644492173,0.5113132298211829,Net yellow cards (opp. - own),FALSE
net_yellow,Other elite clubs (pooled),2018,season_start::2018:other_elite,0.11369514124437884,0.24120731248753488,0.4713586004995366,0.6374043319725667,-0.3591719170266684,0.5865621995154261,Net yellow cards (opp. - own),FALSE
net_yellow,Other elite clubs (pooled),2019,season_start::2019:other_elite,0.13167576449596902,0.24757458257593343,0.5318630173013937,0.5948434592045244,-0.35367380205754934,0.6170253310494873,Net yellow cards (opp. - own),FALSE
net_yellow,Other elite clubs (pooled),2020,season_start::2020:other_elite,-0.21423415262671647,0.2628516874504888,-0.8150381483362932,0.4150875793006572,-0.7295332243027324,0.3010649190492994,Net yellow cards (opp. - own),FALSE
net_yellow,Other elite clubs (pooled),2021,season_start::2021:other_elite,0.03720649068667618,0.20266596069678855,0.18358529749522837,0.8543459133879004,-0.36010342358600406,0.43451640495935645,Net yellow cards (opp. - own),FALSE
net_yellow,Other elite clubs (pooled),2022,season_start::2022:other_elite,0.16144576633082283,0.22193851903277376,0.7274346383602842,0.46699229696531985,-0.2736464103107291,0.5965379429723748,Net yellow cards (opp. - own),FALSE
net_yellow,Other elite clubs (pooled),2023,season_start::2023:other_elite,-0.19814115272958782,0.2241489957803767,-0.8839707358034671,0.37675263578194607,-0.6375667868697369,0.24128448141056125,Net yellow cards (opp. - own),FALSE
net_yellow,Other elite clubs (pooled),2024,season_start::2024:other_elite,-0.2547414854555255,0.1692236105433894,-1.5053542743682866,0.13229339519760214,-0.5864904282318487,0.07700745732079772,Net yellow cards (opp. - own),FALSE
net_yellow,Other elite clubs (pooled),2025,season_start::2025:other_elite,-0.20855332199860138,0.18220868643864802,-1.144584959558577,0.25243349385343483,-0.5657584359692972,0.14865179197209444,Net yellow cards (opp. - own),FALSE
net_yellow,Real Madrid,2001,NA,NA,NA,NA,NA,NA,NA,Net yellow cards (opp. - own),FALSE
net_yellow,Real Madrid,2002,NA,NA,NA,NA,NA,NA,NA,Net yellow cards (opp. - own),FALSE
net_yellow,Real Madrid,2003,NA,NA,NA,NA,NA,NA,NA,Net yellow cards (opp. - own),FALSE
net_yellow,Real Madrid,2004,NA,NA,NA,NA,NA,NA,NA,Net yellow cards (opp. - own),FALSE
net_yellow,Real Madrid,2005,season_start::2005:real_madrid,-0.9042730311525764,0.7574912990802689,-1.1937734892143672,0.23262071835174725,-2.3892722982478123,0.5807262359426593,Net yellow cards (opp. - own),FALSE
net_yellow,Real Madrid,2006,season_start::2006:real_madrid,0.3361955405363511,0.5913868693256806,0.5684866505739173,0.5697289706800646,-0.8231696806677551,1.4955607617404572,Net yellow cards (opp. - own),FALSE
net_yellow,Real Madrid,2007,season_start::2007:real_madrid,0.08396689875036505,0.5300561683252409,0.15841132273899547,0.8741388070245655,-0.9551645373968398,1.1230983348975698,Net yellow cards (opp. - own),FALSE
net_yellow,Real Madrid,2008,season_start::2008:real_madrid,0.7534939953416269,0.3212933888215574,2.3451898531286264,0.019054566065254085,0.12362478430003787,1.383363206383216,Net yellow cards (opp. - own),FALSE
net_yellow,Real Madrid,2009,season_start::2009:real_madrid,-0.9214779195875474,0.589889637349596,-1.5621191850865432,0.11832040577331887,-2.0779079408892165,0.23495210171412173,Net yellow cards (opp. - own),FALSE
net_yellow,Real Madrid,2010,season_start::2010:real_madrid,-0.6981888187056646,0.4080172537336035,-1.7111747415503062,0.08710814421623103,-1.4980730200057857,0.10169538259445632,Net yellow cards (opp. - own),FALSE
net_yellow,Real Madrid,2011,season_start::2011:real_madrid,-0.41825958597236257,0.4475647488418393,-0.9345230763921656,0.35007727395963995,-1.2956733923286592,0.45915422038393394,Net yellow cards (opp. - own),FALSE
net_yellow,Real Madrid,2012,season_start::2012:real_madrid,0.15745285139066764,0.5660372155011465,0.27816695983719947,0.7808951905339536,-0.9522164625518528,1.2671221653331881,Net yellow cards (opp. - own),FALSE
net_yellow,Real Madrid,2013,season_start::2013:real_madrid,0.012657311437618966,0.42602817806559234,0.029710033489076432,0.9762994432787153,-0.8225358227376202,0.847850445612858,Net yellow cards (opp. - own),TRUE
net_yellow,Real Madrid,2014,season_start::2014:real_madrid,0.15781453498512413,0.5211746363655869,0.30280547818989106,0.7620501486145189,-0.8639053896809812,1.1795344596512294,Net yellow cards (opp. - own),FALSE
net_yellow,Real Madrid,2015,season_start::2015:real_madrid,-0.33869790081322454,0.5523099668428828,-0.613238799128126,0.5397451153509067,-1.421456075021854,0.7440602733954049,Net yellow cards (opp. - own),TRUE
net_yellow,Real Madrid,2016,season_start::2016:real_madrid,0.5693302182925422,0.475457408579081,1.1974368429635012,0.2311905883995841,-0.36276484884844296,1.5014252854335273,Net yellow cards (opp. - own),TRUE
net_yellow,Real Madrid,2017,season_start::2017:real_madrid,0.0031162994425601356,0.5014020828059564,0.006215170517682412,0.9950412803261934,-0.979841163423253,0.9860737623083732,Net yellow cards (opp. - own),TRUE
net_yellow,Real Madrid,2018,season_start::2018:real_madrid,-0.9987917280599057,0.5106943674697366,-1.9557523867131614,0.05054748638922169,-1.999965949233185,0.002382493113373574,Net yellow cards (opp. - own),FALSE
net_yellow,Real Madrid,2019,season_start::2019:real_madrid,0.11229836036781563,0.4434205251355854,0.25325476382374945,0.8000813020941293,-0.7569910369372641,0.9815877576728953,Net yellow cards (opp. - own),FALSE
net_yellow,Real Madrid,2020,season_start::2020:real_madrid,-0.6931870601088502,0.6062898384376213,-1.143326204996539,0.25295549955969054,-1.8817683241053231,0.4953942038876228,Net yellow cards (opp. - own),FALSE
net_yellow,Real Madrid,2021,season_start::2021:real_madrid,0.008010485746825322,0.3177385628377853,0.02521093340160573,0.979887677774026,-0.6148897819062888,0.6309107533999394,Net yellow cards (opp. - own),TRUE
net_yellow,Real Madrid,2022,season_start::2022:real_madrid,0.3695618874260403,0.36858306759140247,1.0026556288682336,0.31607342296980556,-0.35301484170804037,1.092138616560121,Net yellow cards (opp. - own),FALSE
net_yellow,Real Madrid,2023,season_start::2023:real_madrid,-0.35384539146229377,0.4044762449978297,-0.8748236660083522,0.38171002185672753,-1.146787736949963,0.43909695402537563,Net yellow cards (opp. - own),TRUE
net_yellow,Real Madrid,2024,season_start::2024:real_madrid,-1.3181620152792537,0.3994170634377198,-3.300214577549694,9.725792147969901e-4,-2.1011862522447697,-0.5351377783137375,Net yellow cards (opp. - own),FALSE
net_yellow,Real Madrid,2025,season_start::2025:real_madrid,-0.7787397766380927,0.43824603248464417,-1.7769465526544823,0.07563513184301254,-1.6378850075302152,0.08040545425402978,Net yellow cards (opp. - own),FALSE
