outcome,spec,contrast,seasons_pooled,through_season_start,through_season,n_rm_matches,n_rows,estimate,se,df,ci95_half_width_per10,mde_per10,single_season_half_width_per10,estimate_per10,ci95_low_per10,ci95_high_per10,run_id,input_md5,script_md5,inference_primary,unit,alpha,power,per_games,generated
net_yellow,style,rm_vs_nonelite,3,2009,2009/10,24,752,-0.275733302340226,0.826611197284664,2,35.5662092443833,46.7322846222669,10.2240861455528,-2.75733302340226,-38.3235422677856,32.8088762209811,20261003-175015,4237598ec443fe56d60744856219d211,6c49e2a4c6b741a70851cb47ef9815bc,"season-block cluster, CR1, t(G-1)",team-match (120-minute matches count once),0.05,0.8,10,2026-10-03 17:50:35
net_yellow,style,rm_vs_other_elite,3,2009,2009/10,24,752,-0.0666728286799406,0.657248784788995,2,28.2791327799689,37.1574173919894,10.2240861455528,-0.666728286799406,-28.9458610667683,27.6124044931694,20261003-175015,4237598ec443fe56d60744856219d211,6c49e2a4c6b741a70851cb47ef9815bc,"season-block cluster, CR1, t(G-1)",team-match (120-minute matches count once),0.05,0.8,10,2026-10-03 17:50:35
net_yellow,style,rm_vs_nonelite,4,2010,2010/11,36,1002,-0.599973869162588,0.650098698193461,3,20.6890420013553,27.6674940110079,10.2240861455528,-5.99973869162588,-26.6887806929812,14.6893033097294,20261003-175015,4237598ec443fe56d60744856219d211,6c49e2a4c6b741a70851cb47ef9815bc,"season-block cluster, CR1, t(G-1)",team-match (120-minute matches count once),0.05,0.8,10,2026-10-03 17:50:35
net_yellow,style,rm_vs_other_elite,4,2010,2010/11,36,1002,-0.22983725749454,0.448623125029078,3,14.2771900671362,19.0929125984004,10.2240861455528,-2.2983725749454,-16.5755626420816,11.9788174921908,20261003-175015,4237598ec443fe56d60744856219d211,6c49e2a4c6b741a70851cb47ef9815bc,"season-block cluster, CR1, t(G-1)",team-match (120-minute matches count once),0.05,0.8,10,2026-10-03 17:50:35
net_yellow,style,rm_vs_nonelite,5,2011,2011/12,48,1248,-0.434896919191732,0.527627275738987,4,14.6492816709436,19.8443939967371,10.2240861455528,-4.34896919191732,-18.9982508628609,10.3003124790263,20261003-175015,4237598ec443fe56d60744856219d211,6c49e2a4c6b741a70851cb47ef9815bc,"season-block cluster, CR1, t(G-1)",team-match (120-minute matches count once),0.05,0.8,10,2026-10-03 17:50:35
net_yellow,style,rm_vs_other_elite,5,2011,2011/12,48,1248,-0.271313829593394,0.344730789451047,4,9.57126112982329,12.9655420089711,10.2240861455528,-2.71313829593394,-12.2843994257572,6.85812283388935,20261003-175015,4237598ec443fe56d60744856219d211,6c49e2a4c6b741a70851cb47ef9815bc,"season-block cluster, CR1, t(G-1)",team-match (120-minute matches count once),0.05,0.8,10,2026-10-03 17:50:35
net_yellow,style,rm_vs_nonelite,6,2012,2012/13,60,1498,-0.273550397080829,0.452181180760503,5,11.6236872967953,15.8892215156644,10.2240861455528,-2.73550397080829,-14.3591912676036,8.888183325987,20261003-175015,4237598ec443fe56d60744856219d211,6c49e2a4c6b741a70851cb47ef9815bc,"season-block cluster, CR1, t(G-1)",team-match (120-minute matches count once),0.05,0.8,10,2026-10-03 17:50:35
net_yellow,style,rm_vs_other_elite,6,2012,2012/13,60,1498,-0.0638867898257581,0.310853150572568,5,7.99073462412164,10.923087422574,10.2240861455528,-0.638867898257581,-8.62960252237922,7.35186672586406,20261003-175015,4237598ec443fe56d60744856219d211,6c49e2a4c6b741a70851cb47ef9815bc,"season-block cluster, CR1, t(G-1)",team-match (120-minute matches count once),0.05,0.8,10,2026-10-03 17:50:35
net_yellow,style,rm_vs_nonelite,7,2013,2013/14,73,1748,-0.283704003883372,0.363778360921968,6,8.90133582530054,12.2480681440011,10.2240861455528,-2.83704003883372,-11.7383758641343,6.06429578646683,20261003-175015,4237598ec443fe56d60744856219d211,6c49e2a4c6b741a70851cb47ef9815bc,"season-block cluster, CR1, t(G-1)",team-match (120-minute matches count once),0.05,0.8,10,2026-10-03 17:50:35
net_yellow,style,rm_vs_other_elite,7,2013,2013/14,73,1748,-0.07475270604665,0.229948036711991,6,5.6266257617809,7.74212962005144,10.2240861455528,-0.747527060466501,-6.3741528222474,4.8790987013144,20261003-175015,4237598ec443fe56d60744856219d211,6c49e2a4c6b741a70851cb47ef9815bc,"season-block cluster, CR1, t(G-1)",team-match (120-minute matches count once),0.05,0.8,10,2026-10-03 17:50:35
net_yellow,style,rm_vs_nonelite,8,2014,2014/15,85,1996,-0.322047273671083,0.314381465672819,7,7.43394037981232,10.2795651274752,10.2240861455528,-3.22047273671083,-10.6544131165232,4.2134676431015,20261003-175015,4237598ec443fe56d60744856219d211,6c49e2a4c6b741a70851cb47ef9815bc,"season-block cluster, CR1, t(G-1)",team-match (120-minute matches count once),0.05,0.8,10,2026-10-03 17:50:35
net_yellow,style,rm_vs_other_elite,8,2014,2014/15,85,1996,-0.111442240883019,0.194130198012754,7,4.59044974187468,6.34761979180598,10.2240861455528,-1.11442240883019,-5.70487215070487,3.47602733304449,20261003-175015,4237598ec443fe56d60744856219d211,6c49e2a4c6b741a70851cb47ef9815bc,"season-block cluster, CR1, t(G-1)",team-match (120-minute matches count once),0.05,0.8,10,2026-10-03 17:50:35
net_yellow,style,rm_vs_nonelite,9,2015,2015/16,98,2246,-0.340248057582654,0.268288319121224,8,6.18673973320517,8.5877455338471,10.2240861455528,-3.40248057582654,-9.58922030903171,2.78425915737863,20261003-175015,4237598ec443fe56d60744856219d211,6c49e2a4c6b741a70851cb47ef9815bc,"season-block cluster, CR1, t(G-1)",team-match (120-minute matches count once),0.05,0.8,10,2026-10-03 17:50:35
net_yellow,style,rm_vs_other_elite,9,2015,2015/16,98,2246,-0.183238328462107,0.173342809416326,8,3.99729235321954,5.54859765145771,10.2240861455528,-1.83238328462107,-5.82967563784061,2.16490906859847,20261003-175015,4237598ec443fe56d60744856219d211,6c49e2a4c6b741a70851cb47ef9815bc,"season-block cluster, CR1, t(G-1)",team-match (120-minute matches count once),0.05,0.8,10,2026-10-03 17:50:35
net_yellow,style,rm_vs_nonelite,10,2016,2016/17,111,2496,-0.189932766478319,0.285801158083628,9,6.46527136894901,9.00175304618186,10.2240861455528,-1.89932766478319,-8.3645990337322,4.56594370416582,20261003-175015,4237598ec443fe56d60744856219d211,6c49e2a4c6b741a70851cb47ef9815bc,"season-block cluster, CR1, t(G-1)",team-match (120-minute matches count once),0.05,0.8,10,2026-10-03 17:50:35
net_yellow,style,rm_vs_other_elite,10,2016,2016/17,111,2496,-0.0513656476545573,0.194768062132431,9,4.40595966837205,6.13452376594826,10.2240861455528,-0.513656476545573,-4.91961614491762,3.89230319182648,20261003-175015,4237598ec443fe56d60744856219d211,6c49e2a4c6b741a70851cb47ef9815bc,"season-block cluster, CR1, t(G-1)",team-match (120-minute matches count once),0.05,0.8,10,2026-10-03 17:50:35
net_yellow,style,rm_vs_nonelite,11,2017,2017/18,124,2746,-0.14956648047554,0.248640079153738,10,5.54004620523385,7.732691136054,10.2240861455528,-1.4956648047554,-7.03571100998926,4.04438140047845,20261003-175015,4237598ec443fe56d60744856219d211,6c49e2a4c6b741a70851cb47ef9815bc,"season-block cluster, CR1, t(G-1)",team-match (120-minute matches count once),0.05,0.8,10,2026-10-03 17:50:35
net_yellow,style,rm_vs_other_elite,11,2017,2017/18,124,2746,-0.0331013202533495,0.16268582607203,10,3.62486609738571,5.05951916324386,10.2240861455528,-0.331013202533495,-3.9558792999192,3.29385289485221,20261003-175015,4237598ec443fe56d60744856219d211,6c49e2a4c6b741a70851cb47ef9815bc,"season-block cluster, CR1, t(G-1)",team-match (120-minute matches count once),0.05,0.8,10,2026-10-03 17:50:35
net_yellow,style,rm_vs_nonelite,12,2018,2018/19,132,2996,-0.179275080759161,0.223371416618549,11,4.91637173166072,6.8763023513992,10.2240861455528,-1.79275080759161,-6.70912253925233,3.12362092406911,20261003-175015,4237598ec443fe56d60744856219d211,6c49e2a4c6b741a70851cb47ef9815bc,"season-block cluster, CR1, t(G-1)",team-match (120-minute matches count once),0.05,0.8,10,2026-10-03 17:50:35
net_yellow,style,rm_vs_other_elite,12,2018,2018/19,132,2996,-0.108702654135558,0.164046481864446,11,3.61063872148889,5.05003382285748,10.2240861455528,-1.08702654135558,-4.69766526284447,2.5236121801333,20261003-175015,4237598ec443fe56d60744856219d211,6c49e2a4c6b741a70851cb47ef9815bc,"season-block cluster, CR1, t(G-1)",team-match (120-minute matches count once),0.05,0.8,10,2026-10-03 17:50:35
net_yellow,style,rm_vs_nonelite,13,2019,2019/20,140,3234,-0.130560114444792,0.20103361867667,12,4.38014627567157,6.13692647383694,10.2240861455528,-1.30560114444792,-5.68574742011949,3.07454513122365,20261003-175015,4237598ec443fe56d60744856219d211,6c49e2a4c6b741a70851cb47ef9815bc,"season-block cluster, CR1, t(G-1)",team-match (120-minute matches count once),0.05,0.8,10,2026-10-03 17:50:35
net_yellow,style,rm_vs_other_elite,13,2019,2019/20,140,3234,-0.0992028492945273,0.145620481940591,12,3.17279774314485,4.44533703684368,10.2240861455528,-0.992028492945273,-4.16482623609013,2.18076925019958,20261003-175015,4237598ec443fe56d60744856219d211,6c49e2a4c6b741a70851cb47ef9815bc,"season-block cluster, CR1, t(G-1)",team-match (120-minute matches count once),0.05,0.8,10,2026-10-03 17:50:35
net_yellow,style,rm_vs_nonelite,14,2020,2020/21,152,3482,-0.16709943732604,0.181724801364571,13,3.92592564969946,5.50866304834629,10.2240861455528,-1.6709943732604,-5.59692002295986,2.25493127643907,20261003-175015,4237598ec443fe56d60744856219d211,6c49e2a4c6b741a70851cb47ef9815bc,"season-block cluster, CR1, t(G-1)",team-match (120-minute matches count once),0.05,0.8,10,2026-10-03 17:50:35
net_yellow,style,rm_vs_other_elite,14,2020,2020/21,152,3482,-0.133514362502623,0.131619046915484,13,2.84345663549717,3.98979652065937,10.2240861455528,-1.33514362502623,-4.1786002605234,1.50831301047094,20261003-175015,4237598ec443fe56d60744856219d211,6c49e2a4c6b741a70851cb47ef9815bc,"season-block cluster, CR1, t(G-1)",team-match (120-minute matches count once),0.05,0.8,10,2026-10-03 17:50:35
net_yellow,style,rm_vs_nonelite,15,2021,2021/22,165,3726,-0.124720000485639,0.170502516593938,14,3.65691527847163,5.13775144742684,10.2240861455528,-1.24720000485639,-4.90411528332802,2.40971527361525,20261003-175015,4237598ec443fe56d60744856219d211,6c49e2a4c6b741a70851cb47ef9815bc,"season-block cluster, CR1, t(G-1)",team-match (120-minute matches count once),0.05,0.8,10,2026-10-03 17:50:35
net_yellow,style,rm_vs_other_elite,15,2021,2021/22,165,3726,-0.119975322463283,0.122818035571012,14,2.63418487728922,3.70087522829866,10.2240861455528,-1.19975322463283,-3.83393810192205,1.43443165265639,20261003-175015,4237598ec443fe56d60744856219d211,6c49e2a4c6b741a70851cb47ef9815bc,"season-block cluster, CR1, t(G-1)",team-match (120-minute matches count once),0.05,0.8,10,2026-10-03 17:50:35
net_yellow,style,rm_vs_nonelite,16,2022,2022/23,177,3972,-0.100275801657127,0.165238321612489,15,3.5219714551,4.95366997212096,10.2240861455528,-1.00275801657127,-4.52472947167127,2.51921343852873,20261003-175015,4237598ec443fe56d60744856219d211,6c49e2a4c6b741a70851cb47ef9815bc,"season-block cluster, CR1, t(G-1)",team-match (120-minute matches count once),0.05,0.8,10,2026-10-03 17:50:35
net_yellow,style,rm_vs_other_elite,16,2022,2022/23,177,3972,-0.109116974651121,0.119262712858088,15,2.54202455123599,3.57536988825323,10.2240861455528,-1.09116974651121,-3.63319429774719,1.45085480472478,20261003-175015,4237598ec443fe56d60744856219d211,6c49e2a4c6b741a70851cb47ef9815bc,"season-block cluster, CR1, t(G-1)",team-match (120-minute matches count once),0.05,0.8,10,2026-10-03 17:50:35
net_yellow,style,rm_vs_nonelite,17,2023,2023/24,190,4220,-0.150657775947491,0.162749359887015,16,3.4501323046935,4.85737686688441,10.2240861455528,-1.50657775947491,-4.95671006416841,1.94355454521859,20261003-175015,4237598ec443fe56d60744856219d211,6c49e2a4c6b741a70851cb47ef9815bc,"season-block cluster, CR1, t(G-1)",team-match (120-minute matches count once),0.05,0.8,10,2026-10-03 17:50:35
net_yellow,style,rm_vs_other_elite,17,2023,2023/24,190,4220,-0.12126463985288,0.108692869064975,16,2.30418589118401,3.2440203031092,10.2240861455528,-1.2126463985288,-3.51683228971281,1.09153949265522,20261003-175015,4237598ec443fe56d60744856219d211,6c49e2a4c6b741a70851cb47ef9815bc,"season-block cluster, CR1, t(G-1)",team-match (120-minute matches count once),0.05,0.8,10,2026-10-03 17:50:35
net_yellow,style,rm_vs_nonelite,18,2024,2024/25,204,4596,-0.212971288835615,0.163692409356846,17,3.45360795234142,4.86648693543459,10.2240861455528,-2.12971288835615,-5.58332084069757,1.32389506398527,20261003-175015,4237598ec443fe56d60744856219d211,6c49e2a4c6b741a70851cb47ef9815bc,"season-block cluster, CR1, t(G-1)",team-match (120-minute matches count once),0.05,0.8,10,2026-10-03 17:50:35
net_yellow,style,rm_vs_other_elite,18,2024,2024/25,204,4596,-0.181221755966406,0.12009156412785,17,2.53371052763307,3.57025735145761,10.2240861455528,-1.81221755966406,-4.34592808729714,0.721492967969005,20261003-175015,4237598ec443fe56d60744856219d211,6c49e2a4c6b741a70851cb47ef9815bc,"season-block cluster, CR1, t(G-1)",team-match (120-minute matches count once),0.05,0.8,10,2026-10-03 17:50:35
net_yellow,style,rm_vs_nonelite,19,2025,2025/26,218,4974,-0.2393592460304,0.155275105852711,18,3.2622089218672,4.6003430305621,10.2240861455528,-2.393592460304,-5.65580138217121,0.868616461563202,20261003-175015,4237598ec443fe56d60744856219d211,6c49e2a4c6b741a70851cb47ef9815bc,"season-block cluster, CR1, t(G-1)",team-match (120-minute matches count once),0.05,0.8,10,2026-10-03 17:50:35
net_yellow,style,rm_vs_other_elite,19,2025,2025/26,218,4974,-0.195131872292414,0.114138370412377,18,2.39795818036558,3.38158299080062,10.2240861455528,-1.95131872292414,-4.34927690328971,0.446639457441439,20261003-175015,4237598ec443fe56d60744856219d211,6c49e2a4c6b741a70851cb47ef9815bc,"season-block cluster, CR1, t(G-1)",team-match (120-minute matches count once),0.05,0.8,10,2026-10-03 17:50:35
net_fouls,style,rm_vs_nonelite,3,2009,2009/10,24,752,-2.50248262266886,1.34068843000428,2,57.6851673310144,75.7955293934445,30.2553469053568,-25.0248262266886,-82.709993557703,32.6603411043257,20261003-175015,4237598ec443fe56d60744856219d211,6c49e2a4c6b741a70851cb47ef9815bc,"season-block cluster, CR1, t(G-1)",team-match (120-minute matches count once),0.05,0.8,10,2026-10-03 17:50:35
net_fouls,style,rm_vs_other_elite,3,2009,2009/10,24,752,-1.01884870867153,2.34784177734033,2,101.019478322932,132.734725282136,30.2553469053568,-10.1884870867153,-111.207965409647,90.8309912362165,20261003-175015,4237598ec443fe56d60744856219d211,6c49e2a4c6b741a70851cb47ef9815bc,"season-block cluster, CR1, t(G-1)",team-match (120-minute matches count once),0.05,0.8,10,2026-10-03 17:50:35
net_fouls,style,rm_vs_nonelite,4,2010,2010/11,36,1002,-1.39120937705051,1.43178969593708,3,45.5659382777825,60.9354132648537,30.2553469053568,-13.9120937705051,-59.4780320482875,31.6538445072774,20261003-175015,4237598ec443fe56d60744856219d211,6c49e2a4c6b741a70851cb47ef9815bc,"season-block cluster, CR1, t(G-1)",team-match (120-minute matches count once),0.05,0.8,10,2026-10-03 17:50:35
net_fouls,style,rm_vs_other_elite,4,2010,2010/11,36,1002,-0.00161657283115324,1.72407531999425,3,54.8677713214652,73.3747717431549,30.2553469053568,-0.0161657283115324,-54.8839370497768,54.8516055931537,20261003-175015,4237598ec443fe56d60744856219d211,6c49e2a4c6b741a70851cb47ef9815bc,"season-block cluster, CR1, t(G-1)",team-match (120-minute matches count once),0.05,0.8,10,2026-10-03 17:50:35
net_fouls,style,rm_vs_nonelite,5,2011,2011/12,48,1248,-0.495657962645476,1.1249439886919,4,31.2334523102531,42.3098515985487,30.2553469053568,-4.95657962645476,-36.1900319367079,26.2768726837984,20261003-175015,4237598ec443fe56d60744856219d211,6c49e2a4c6b741a70851cb47ef9815bc,"season-block cluster, CR1, t(G-1)",team-match (120-minute matches count once),0.05,0.8,10,2026-10-03 17:50:35
net_fouls,style,rm_vs_other_elite,5,2011,2011/12,48,1248,0.834981373683918,1.39513962372965,4,38.7352857937169,52.472079528062,30.2553469053568,8.34981373683918,-30.3854720568777,47.0850995305561,20261003-175015,4237598ec443fe56d60744856219d211,6c49e2a4c6b741a70851cb47ef9815bc,"season-block cluster, CR1, t(G-1)",team-match (120-minute matches count once),0.05,0.8,10,2026-10-03 17:50:35
net_fouls,style,rm_vs_nonelite,6,2012,2012/13,60,1498,-0.41903537787453,0.872033984210806,5,22.4163471986986,30.6424542503278,30.2553469053568,-4.1903537787453,-26.6067009774439,18.2259934199533,20261003-175015,4237598ec443fe56d60744856219d211,6c49e2a4c6b741a70851cb47ef9815bc,"season-block cluster, CR1, t(G-1)",team-match (120-minute matches count once),0.05,0.8,10,2026-10-03 17:50:35
net_fouls,style,rm_vs_other_elite,6,2012,2012/13,60,1498,0.746793649663623,1.04271815306047,5,26.8039234394548,36.640135453044,30.2553469053568,7.46793649663623,-19.3359869428185,34.271859936091,20261003-175015,4237598ec443fe56d60744856219d211,6c49e2a4c6b741a70851cb47ef9815bc,"season-block cluster, CR1, t(G-1)",team-match (120-minute matches count once),0.05,0.8,10,2026-10-03 17:50:35
net_fouls,style,rm_vs_nonelite,7,2013,2013/14,73,1748,0.211674430967618,0.885771809511051,6,21.6740553810271,29.8230863854314,30.2553469053568,2.11674430967618,-19.557311071351,23.7907996907033,20261003-175015,4237598ec443fe56d60744856219d211,6c49e2a4c6b741a70851cb47ef9815bc,"season-block cluster, CR1, t(G-1)",team-match (120-minute matches count once),0.05,0.8,10,2026-10-03 17:50:35
net_fouls,style,rm_vs_other_elite,7,2013,2013/14,73,1748,1.10804911073609,0.923404201767904,6,22.5948868470294,31.0901329013801,30.2553469053568,11.0804911073609,-11.5143957396686,33.6753779543903,20261003-175015,4237598ec443fe56d60744856219d211,6c49e2a4c6b741a70851cb47ef9815bc,"season-block cluster, CR1, t(G-1)",team-match (120-minute matches count once),0.05,0.8,10,2026-10-03 17:50:35
net_fouls,style,rm_vs_nonelite,8,2014,2014/15,85,1996,0.151415259996139,0.782608773421114,7,18.5057568514085,25.589542432149,30.2553469053568,1.51415259996139,-16.9916042514471,20.0199094513699,20261003-175015,4237598ec443fe56d60744856219d211,6c49e2a4c6b741a70851cb47ef9815bc,"season-block cluster, CR1, t(G-1)",team-match (120-minute matches count once),0.05,0.8,10,2026-10-03 17:50:35
net_fouls,style,rm_vs_other_elite,8,2014,2014/15,85,1996,1.08950594702409,0.80477998234159,7,19.0300226344134,26.3144909769531,30.2553469053568,10.8950594702409,-8.13496316417245,29.9250821046543,20261003-175015,4237598ec443fe56d60744856219d211,6c49e2a4c6b741a70851cb47ef9815bc,"season-block cluster, CR1, t(G-1)",team-match (120-minute matches count once),0.05,0.8,10,2026-10-03 17:50:35
net_fouls,style,rm_vs_nonelite,9,2015,2015/16,98,2246,0.00631911411571242,0.674759457126141,8,15.55998098401,21.5986388573922,30.2553469053568,0.0631911411571242,-15.4967898428529,15.6231721251671,20261003-175015,4237598ec443fe56d60744856219d211,6c49e2a4c6b741a70851cb47ef9815bc,"season-block cluster, CR1, t(G-1)",team-match (120-minute matches count once),0.05,0.8,10,2026-10-03 17:50:35
net_fouls,style,rm_vs_other_elite,9,2015,2015/16,98,2246,0.837470967900951,0.731278120405329,8,16.8633036963902,23.4077668125141,30.2553469053568,8.37470967900951,-8.48859401738067,25.2380133753997,20261003-175015,4237598ec443fe56d60744856219d211,6c49e2a4c6b741a70851cb47ef9815bc,"season-block cluster, CR1, t(G-1)",team-match (120-minute matches count once),0.05,0.8,10,2026-10-03 17:50:35
net_fouls,style,rm_vs_nonelite,10,2016,2016/17,111,2496,0.717868878388991,0.891437247331418,9,20.1657115423588,28.0772058813615,30.2553469053568,7.17868878388991,-12.9870227584689,27.3444003262487,20261003-175015,4237598ec443fe56d60744856219d211,6c49e2a4c6b741a70851cb47ef9815bc,"season-block cluster, CR1, t(G-1)",team-match (120-minute matches count once),0.05,0.8,10,2026-10-03 17:50:35
net_fouls,style,rm_vs_other_elite,10,2016,2016/17,111,2496,1.41610431492742,0.856125856100316,9,19.3669123763408,26.9650185630495,30.2553469053568,14.1610431492742,-5.20586922706653,33.527955525615,20261003-175015,4237598ec443fe56d60744856219d211,6c49e2a4c6b741a70851cb47ef9815bc,"season-block cluster, CR1, t(G-1)",team-match (120-minute matches count once),0.05,0.8,10,2026-10-03 17:50:35
net_fouls,style,rm_vs_nonelite,11,2017,2017/18,124,2746,0.752098416399381,0.763944520221477,10,17.0217446626749,23.7586274910291,30.2553469053568,7.52098416399381,-9.50076049868106,24.5427288266687,20261003-175015,4237598ec443fe56d60744856219d211,6c49e2a4c6b741a70851cb47ef9815bc,"season-block cluster, CR1, t(G-1)",team-match (120-minute matches count once),0.05,0.8,10,2026-10-03 17:50:35
net_fouls,style,rm_vs_other_elite,11,2017,2017/18,124,2746,1.55808697293478,0.749636257280115,10,16.702936697034,23.3136413954826,30.2553469053568,15.5808697293478,-1.12206696768619,32.2838064263819,20261003-175015,4237598ec443fe56d60744856219d211,6c49e2a4c6b741a70851cb47ef9815bc,"season-block cluster, CR1, t(G-1)",team-match (120-minute matches count once),0.05,0.8,10,2026-10-03 17:50:35
net_fouls,style,rm_vs_nonelite,12,2018,2018/19,132,2996,0.926616713490515,0.71130060133554,11,15.6556206790378,21.8967944581191,30.2553469053568,9.26616713490515,-6.38945354413266,24.921787813943,20261003-175015,4237598ec443fe56d60744856219d211,6c49e2a4c6b741a70851cb47ef9815bc,"season-block cluster, CR1, t(G-1)",team-match (120-minute matches count once),0.05,0.8,10,2026-10-03 17:50:35
net_fouls,style,rm_vs_other_elite,12,2018,2018/19,132,2996,1.60749647082735,0.680984598970586,11,14.9883699658522,20.9635416655151,30.2553469053568,16.0749647082735,1.08659474242133,31.0633346741257,20261003-175015,4237598ec443fe56d60744856219d211,6c49e2a4c6b741a70851cb47ef9815bc,"season-block cluster, CR1, t(G-1)",team-match (120-minute matches count once),0.05,0.8,10,2026-10-03 17:50:35
net_fouls,style,rm_vs_nonelite,13,2019,2019/20,140,3234,1.42274564593731,0.784750524148613,12,17.0982451010308,23.9559746210943,30.2553469053568,14.2274564593731,-2.87078864165767,31.3257015604039,20261003-175015,4237598ec443fe56d60744856219d211,6c49e2a4c6b741a70851cb47ef9815bc,"season-block cluster, CR1, t(G-1)",team-match (120-minute matches count once),0.05,0.8,10,2026-10-03 17:50:35
net_fouls,style,rm_vs_other_elite,13,2019,2019/20,140,3234,1.73657327176719,0.644726003261789,12,14.0473728752686,19.681464741238,30.2553469053568,17.3657327176719,3.31835984240328,31.4131055929405,20261003-175015,4237598ec443fe56d60744856219d211,6c49e2a4c6b741a70851cb47ef9815bc,"season-block cluster, CR1, t(G-1)",team-match (120-minute matches count once),0.05,0.8,10,2026-10-03 17:50:35
net_fouls,style,rm_vs_nonelite,14,2020,2020/21,152,3482,1.25507525809419,0.693860605478032,13,14.9899470402904,21.0331459954766,30.2553469053568,12.5507525809419,-2.43919445934844,27.5406996212323,20261003-175015,4237598ec443fe56d60744856219d211,6c49e2a4c6b741a70851cb47ef9815bc,"season-block cluster, CR1, t(G-1)",team-match (120-minute matches count once),0.05,0.8,10,2026-10-03 17:50:35
net_fouls,style,rm_vs_other_elite,14,2020,2020/21,152,3482,1.70952839486703,0.579586490224015,13,12.5212048718924,17.5691301244707,30.2553469053568,17.0952839486703,4.57407907677787,29.6164888205627,20261003-175015,4237598ec443fe56d60744856219d211,6c49e2a4c6b741a70851cb47ef9815bc,"season-block cluster, CR1, t(G-1)",team-match (120-minute matches count once),0.05,0.8,10,2026-10-03 17:50:35
net_fouls,style,rm_vs_nonelite,15,2021,2021/22,165,3726,1.48430063619981,0.676895707976725,14,14.5179690357718,20.3968948546187,30.2553469053568,14.8430063619981,0.325037326226278,29.3609753977698,20261003-175015,4237598ec443fe56d60744856219d211,6c49e2a4c6b741a70851cb47ef9815bc,"season-block cluster, CR1, t(G-1)",team-match (120-minute matches count once),0.05,0.8,10,2026-10-03 17:50:35
net_fouls,style,rm_vs_other_elite,15,2021,2021/22,165,3726,1.91300169041784,0.562208587259489,14,12.0581749378723,16.9410284414003,30.2553469053568,19.1300169041784,7.0718419663061,31.1881918420506,20261003-175015,4237598ec443fe56d60744856219d211,6c49e2a4c6b741a70851cb47ef9815bc,"season-block cluster, CR1, t(G-1)",team-match (120-minute matches count once),0.05,0.8,10,2026-10-03 17:50:35
net_fouls,style,rm_vs_nonelite,16,2022,2022/23,177,3972,1.44485554755773,0.614173812676445,15,13.0908049392392,18.4122807822589,30.2553469053568,14.4485554755773,1.35775053633803,27.5393604148165,20261003-175015,4237598ec443fe56d60744856219d211,6c49e2a4c6b741a70851cb47ef9815bc,"season-block cluster, CR1, t(G-1)",team-match (120-minute matches count once),0.05,0.8,10,2026-10-03 17:50:35
net_fouls,style,rm_vs_other_elite,16,2022,2022/23,177,3972,1.863630373378,0.523455583757649,15,11.1571916612097,15.6926443072956,30.2553469053568,18.63630373378,7.47911207257033,29.7934953949897,20261003-175015,4237598ec443fe56d60744856219d211,6c49e2a4c6b741a70851cb47ef9815bc,"season-block cluster, CR1, t(G-1)",team-match (120-minute matches count once),0.05,0.8,10,2026-10-03 17:50:35
net_fouls,style,rm_vs_nonelite,17,2023,2023/24,190,4220,1.1531598758165,0.630513798709064,16,13.3662954311547,18.8181578239508,30.2553469053568,11.531598758165,-1.83469667298974,24.8978941893196,20261003-175015,4237598ec443fe56d60744856219d211,6c49e2a4c6b741a70851cb47ef9815bc,"season-block cluster, CR1, t(G-1)",team-match (120-minute matches count once),0.05,0.8,10,2026-10-03 17:50:35
net_fouls,style,rm_vs_other_elite,17,2023,2023/24,190,4220,1.64177444566662,0.520356313343468,16,11.0310610614005,15.5304249474561,30.2553469053568,16.4177444566662,5.38668339526567,27.4488055180667,20261003-175015,4237598ec443fe56d60744856219d211,6c49e2a4c6b741a70851cb47ef9815bc,"season-block cluster, CR1, t(G-1)",team-match (120-minute matches count once),0.05,0.8,10,2026-10-03 17:50:35
net_fouls,style,rm_vs_nonelite,18,2024,2024/25,204,4596,0.913176853891264,0.628398250555128,17,13.2580441810441,18.6819406507109,30.2553469053568,9.13176853891264,-4.12627564213149,22.3898127199568,20261003-175015,4237598ec443fe56d60744856219d211,6c49e2a4c6b741a70851cb47ef9815bc,"season-block cluster, CR1, t(G-1)",team-match (120-minute matches count once),0.05,0.8,10,2026-10-03 17:50:35
net_fouls,style,rm_vs_other_elite,18,2024,2024/25,204,4596,1.39852387320144,0.540098338850152,17,11.3950788886795,16.0568319581293,30.2553469053568,13.9852387320144,2.59015984333491,25.3803176206938,20261003-175015,4237598ec443fe56d60744856219d211,6c49e2a4c6b741a70851cb47ef9815bc,"season-block cluster, CR1, t(G-1)",team-match (120-minute matches count once),0.05,0.8,10,2026-10-03 17:50:35
net_fouls,style,rm_vs_nonelite,19,2025,2025/26,218,4974,0.639948325021914,0.623303708570346,18,13.0951249909942,18.4666489576574,30.2553469053568,6.39948325021914,-6.69564174077502,19.4946082412133,20261003-175015,4237598ec443fe56d60744856219d211,6c49e2a4c6b741a70851cb47ef9815bc,"season-block cluster, CR1, t(G-1)",team-match (120-minute matches count once),0.05,0.8,10,2026-10-03 17:50:35
net_fouls,style,rm_vs_other_elite,19,2025,2025/26,218,4974,1.28920041655853,0.50667653434199,18,10.6448789827203,15.0113300564776,30.2553469053568,12.8920041655853,2.24712518286496,23.5368831483056,20261003-175015,4237598ec443fe56d60744856219d211,6c49e2a4c6b741a70851cb47ef9815bc,"season-block cluster, CR1, t(G-1)",team-match (120-minute matches count once),0.05,0.8,10,2026-10-03 17:50:35
net_pens,style,rm_vs_nonelite,3,2009,2009/10,24,742,-0.18118982565121,0.113919968184383,2,4.90158062081506,6.44044067493898,3.37115043204226,-1.8118982565121,-6.71347887732716,3.08968236430296,20261003-175015,4237598ec443fe56d60744856219d211,6c49e2a4c6b741a70851cb47ef9815bc,"season-block cluster, CR1, t(G-1)",team-match (120-minute matches count once),0.05,0.8,10,2026-10-03 17:50:35
net_pens,style,rm_vs_other_elite,3,2009,2009/10,24,742,-0.222708758988323,0.066983675390333,2,2.88207493766868,3.78690754936456,3.37115043204226,-2.22708758988323,-5.10916252755191,0.654987347785454,20261003-175015,4237598ec443fe56d60744856219d211,6c49e2a4c6b741a70851cb47ef9815bc,"season-block cluster, CR1, t(G-1)",team-match (120-minute matches count once),0.05,0.8,10,2026-10-03 17:50:35
net_pens,style,rm_vs_nonelite,4,2010,2010/11,36,992,-0.110910372166537,0.0967975405635105,3,3.08052975326894,4.11959811835254,3.37115043204226,-1.10910372166537,-4.18963347493431,1.97142603160357,20261003-175015,4237598ec443fe56d60744856219d211,6c49e2a4c6b741a70851cb47ef9815bc,"season-block cluster, CR1, t(G-1)",team-match (120-minute matches count once),0.05,0.8,10,2026-10-03 17:50:35
net_pens,style,rm_vs_other_elite,4,2010,2010/11,36,992,-0.115478957337828,0.0896051480207499,3,2.85163572253035,3.81349770905372,3.37115043204226,-1.15478957337828,-4.00642529590863,1.69684614915207,20261003-175015,4237598ec443fe56d60744856219d211,6c49e2a4c6b741a70851cb47ef9815bc,"season-block cluster, CR1, t(G-1)",team-match (120-minute matches count once),0.05,0.8,10,2026-10-03 17:50:35
net_pens,style,rm_vs_nonelite,5,2011,2011/12,48,1238,-0.102654024803128,0.082788640514562,4,2.29858115722635,3.1139835974619,3.37115043204226,-1.02654024803128,-3.32512140525763,1.27204090919508,20261003-175015,4237598ec443fe56d60744856219d211,6c49e2a4c6b741a70851cb47ef9815bc,"season-block cluster, CR1, t(G-1)",team-match (120-minute matches count once),0.05,0.8,10,2026-10-03 17:50:35
net_pens,style,rm_vs_other_elite,5,2011,2011/12,48,1238,-0.100259689767836,0.069313427852929,4,1.92444927486745,2.60662055225958,3.37115043204226,-1.00259689767836,-2.92704617254581,0.921852377189094,20261003-175015,4237598ec443fe56d60744856219d211,6c49e2a4c6b741a70851cb47ef9815bc,"season-block cluster, CR1, t(G-1)",team-match (120-minute matches count once),0.05,0.8,10,2026-10-03 17:50:35
net_pens,style,rm_vs_nonelite,6,2012,2012/13,60,1488,-0.119876761628743,0.0664964474409027,5,1.70934559925929,2.33645558228388,3.37115043204226,-1.19876761628743,-2.90811321554672,0.510577982971866,20261003-175015,4237598ec443fe56d60744856219d211,6c49e2a4c6b741a70851cb47ef9815bc,"season-block cluster, CR1, t(G-1)",team-match (120-minute matches count once),0.05,0.8,10,2026-10-03 17:50:35
net_pens,style,rm_vs_other_elite,6,2012,2012/13,60,1488,-0.141343509321326,0.0608625282725273,5,1.5645210964826,2.13844740185956,3.37115043204226,-1.41343509321326,-2.97795618969586,0.151086003269347,20261003-175015,4237598ec443fe56d60744856219d211,6c49e2a4c6b741a70851cb47ef9815bc,"season-block cluster, CR1, t(G-1)",team-match (120-minute matches count once),0.05,0.8,10,2026-10-03 17:50:35
net_pens,style,rm_vs_nonelite,7,2013,2013/14,73,1738,-0.0714684589662254,0.0746012521878546,6,1.82542688088716,2.51175418022648,3.37115043204226,-0.714684589662254,-2.54011147054941,1.11074229122491,20261003-175015,4237598ec443fe56d60744856219d211,6c49e2a4c6b741a70851cb47ef9815bc,"season-block cluster, CR1, t(G-1)",team-match (120-minute matches count once),0.05,0.8,10,2026-10-03 17:50:35
net_pens,style,rm_vs_other_elite,7,2013,2013/14,73,1738,-0.0929887690760719,0.0679104900974203,6,1.66170983036441,2.2865372376188,3.37115043204226,-0.929887690760719,-2.59159752112513,0.73182213960369,20261003-175015,4237598ec443fe56d60744856219d211,6c49e2a4c6b741a70851cb47ef9815bc,"season-block cluster, CR1, t(G-1)",team-match (120-minute matches count once),0.05,0.8,10,2026-10-03 17:50:35
net_pens,style,rm_vs_nonelite,8,2014,2014/15,85,1986,-0.0733506501550228,0.0617230108271593,7,1.45951728283225,2.01820329421696,3.37115043204226,-0.733506501550227,-2.19302378438248,0.72601078128202,20261003-175015,4237598ec443fe56d60744856219d211,6c49e2a4c6b741a70851cb47ef9815bc,"season-block cluster, CR1, t(G-1)",team-match (120-minute matches count once),0.05,0.8,10,2026-10-03 17:50:35
net_pens,style,rm_vs_other_elite,8,2014,2014/15,85,1986,-0.0906912111145891,0.0552881665882009,7,1.30735739540562,1.80779839551224,3.37115043204226,-0.906912111145891,-2.21426950655151,0.400445284259727,20261003-175015,4237598ec443fe56d60744856219d211,6c49e2a4c6b741a70851cb47ef9815bc,"season-block cluster, CR1, t(G-1)",team-match (120-minute matches count once),0.05,0.8,10,2026-10-03 17:50:35
net_pens,style,rm_vs_nonelite,9,2015,2015/16,98,2236,-0.0515932647624366,0.0564353579095594,8,1.30140168711171,1.80646140102691,3.37115043204226,-0.515932647624366,-1.81733433473608,0.785469039487345,20261003-175015,4237598ec443fe56d60744856219d211,6c49e2a4c6b741a70851cb47ef9815bc,"season-block cluster, CR1, t(G-1)",team-match (120-minute matches count once),0.05,0.8,10,2026-10-03 17:50:35
net_pens,style,rm_vs_other_elite,9,2015,2015/16,98,2236,-0.0886169778952561,0.0463254793265627,8,1.06826746892369,1.48285035104439,3.37115043204226,-0.886169778952561,-1.95443724787625,0.182097689971125,20261003-175015,4237598ec443fe56d60744856219d211,6c49e2a4c6b741a70851cb47ef9815bc,"season-block cluster, CR1, t(G-1)",team-match (120-minute matches count once),0.05,0.8,10,2026-10-03 17:50:35
net_pens,style,rm_vs_nonelite,10,2016,2016/17,111,2486,-0.118083752454557,0.0838604076895086,9,1.8970542193,2.64131428100162,3.37115043204226,-1.18083752454557,-3.07789174384557,0.716216694754426,20261003-175015,4237598ec443fe56d60744856219d211,6c49e2a4c6b741a70851cb47ef9815bc,"season-block cluster, CR1, t(G-1)",team-match (120-minute matches count once),0.05,0.8,10,2026-10-03 17:50:35
net_pens,style,rm_vs_other_elite,10,2016,2016/17,111,2486,-0.13891701657791,0.0667191712459183,9,1.50929251129914,2.10142431552337,3.37115043204226,-1.3891701657791,-2.89846267707824,0.120122345520042,20261003-175015,4237598ec443fe56d60744856219d211,6c49e2a4c6b741a70851cb47ef9815bc,"season-block cluster, CR1, t(G-1)",team-match (120-minute matches count once),0.05,0.8,10,2026-10-03 17:50:35
net_pens,style,rm_vs_nonelite,11,2017,2017/18,124,2736,-0.07615825283047,0.0812179181021666,10,1.80964798800877,2.52587224688366,3.37115043204226,-0.7615825283047,-2.57123051631347,1.04806545970407,20261003-175015,4237598ec443fe56d60744856219d211,6c49e2a4c6b741a70851cb47ef9815bc,"season-block cluster, CR1, t(G-1)",team-match (120-minute matches count once),0.05,0.8,10,2026-10-03 17:50:35
net_pens,style,rm_vs_other_elite,11,2017,2017/18,124,2736,-0.0980910485660343,0.0683577249485758,10,1.52310502791313,2.12592103248099,3.37115043204226,-0.980910485660343,-2.50401551357347,0.542194542252789,20261003-175015,4237598ec443fe56d60744856219d211,6c49e2a4c6b741a70851cb47ef9815bc,"season-block cluster, CR1, t(G-1)",team-match (120-minute matches count once),0.05,0.8,10,2026-10-03 17:50:35
net_pens,style,rm_vs_nonelite,12,2018,2018/19,132,2986,-0.0628852485877698,0.076611596920358,11,1.6862098791263,2.35842397394797,3.37115043204226,-0.628852485877698,-2.315062365004,1.0573573932486,20261003-175015,4237598ec443fe56d60744856219d211,6c49e2a4c6b741a70851cb47ef9815bc,"season-block cluster, CR1, t(G-1)",team-match (120-minute matches count once),0.05,0.8,10,2026-10-03 17:50:35
net_pens,style,rm_vs_other_elite,12,2018,2018/19,132,2986,-0.0931717788471151,0.0639872155320575,11,1.40834911821644,1.96979294523594,3.37115043204226,-0.931717788471151,-2.34006690668759,0.476631329745287,20261003-175015,4237598ec443fe56d60744856219d211,6c49e2a4c6b741a70851cb47ef9815bc,"season-block cluster, CR1, t(G-1)",team-match (120-minute matches count once),0.05,0.8,10,2026-10-03 17:50:35
net_pens,style,rm_vs_nonelite,13,2019,2019/20,140,3224,-0.0730287569950208,0.0750814081396252,12,1.63588335324097,2.29200013578871,3.37115043204226,-0.730287569950208,-2.36617092319118,0.905595783290759,20261003-175015,4237598ec443fe56d60744856219d211,6c49e2a4c6b741a70851cb47ef9815bc,"season-block cluster, CR1, t(G-1)",team-match (120-minute matches count once),0.05,0.8,10,2026-10-03 17:50:35
net_pens,style,rm_vs_other_elite,13,2019,2019/20,140,3224,-0.10352317291551,0.0624249810204878,12,1.36012349539172,1.90563907258493,3.37115043204226,-1.0352317291551,-2.39535522454682,0.32489176623662,20261003-175015,4237598ec443fe56d60744856219d211,6c49e2a4c6b741a70851cb47ef9815bc,"season-block cluster, CR1, t(G-1)",team-match (120-minute matches count once),0.05,0.8,10,2026-10-03 17:50:35
net_pens,style,rm_vs_nonelite,14,2020,2020/21,152,3472,-0.0217810567392609,0.0784733609375144,13,1.69531389336698,2.37877989371848,3.37115043204226,-0.217810567392609,-1.91312446075959,1.47750332597437,20261003-175015,4237598ec443fe56d60744856219d211,6c49e2a4c6b741a70851cb47ef9815bc,"season-block cluster, CR1, t(G-1)",team-match (120-minute matches count once),0.05,0.8,10,2026-10-03 17:50:35
net_pens,style,rm_vs_other_elite,14,2020,2020/21,152,3472,-0.0776977165406678,0.0602624136306597,13,1.30189029570473,1.82674752526154,3.37115043204226,-0.776977165406678,-2.07886746111141,0.524913130298055,20261003-175015,4237598ec443fe56d60744856219d211,6c49e2a4c6b741a70851cb47ef9815bc,"season-block cluster, CR1, t(G-1)",team-match (120-minute matches count once),0.05,0.8,10,2026-10-03 17:50:35
net_pens,style,rm_vs_nonelite,15,2021,2021/22,165,3716,-0.0137249416989295,0.0701278735628942,14,1.50409329669678,2.11316285002878,3.37115043204226,-0.137249416989295,-1.64134271368608,1.36684387970749,20261003-175015,4237598ec443fe56d60744856219d211,6c49e2a4c6b741a70851cb47ef9815bc,"season-block cluster, CR1, t(G-1)",team-match (120-minute matches count once),0.05,0.8,10,2026-10-03 17:50:35
net_pens,style,rm_vs_other_elite,15,2021,2021/22,165,3716,-0.0697506788505907,0.0542231580351831,14,1.16297107530724,1.63390613959548,3.37115043204226,-0.697506788505907,-1.86047786381315,0.465464286801333,20261003-175015,4237598ec443fe56d60744856219d211,6c49e2a4c6b741a70851cb47ef9815bc,"season-block cluster, CR1, t(G-1)",team-match (120-minute matches count once),0.05,0.8,10,2026-10-03 17:50:35
net_pens,style,rm_vs_nonelite,16,2022,2022/23,177,3962,-0.0117511000377523,0.0642869744079425,15,1.37024442387222,1.92725544301984,3.37115043204226,-0.117511000377523,-1.48775542424974,1.2527334234947,20261003-175015,4237598ec443fe56d60744856219d211,6c49e2a4c6b741a70851cb47ef9815bc,"season-block cluster, CR1, t(G-1)",team-match (120-minute matches count once),0.05,0.8,10,2026-10-03 17:50:35
net_pens,style,rm_vs_other_elite,16,2022,2022/23,177,3962,-0.0580906354866377,0.0502613439140795,15,1.07129518644888,1.50678188737304,3.37115043204226,-0.580906354866377,-1.65220154131526,0.490388831582506,20261003-175015,4237598ec443fe56d60744856219d211,6c49e2a4c6b741a70851cb47ef9815bc,"season-block cluster, CR1, t(G-1)",team-match (120-minute matches count once),0.05,0.8,10,2026-10-03 17:50:35
net_pens,style,rm_vs_nonelite,17,2023,2023/24,190,4210,-0.024809695297837,0.0626878114991784,16,1.32892223793691,1.87096481130931,3.37115043204226,-0.24809695297837,-1.57701919091528,1.08082528495854,20261003-175015,4237598ec443fe56d60744856219d211,6c49e2a4c6b741a70851cb47ef9815bc,"season-block cluster, CR1, t(G-1)",team-match (120-minute matches count once),0.05,0.8,10,2026-10-03 17:50:35
net_pens,style,rm_vs_other_elite,17,2023,2023/24,190,4210,-0.0621381722028566,0.0481138826993202,16,1.01996874900399,1.43599496158949,3.37115043204226,-0.621381722028566,-1.64135047103255,0.398587026975421,20261003-175015,4237598ec443fe56d60744856219d211,6c49e2a4c6b741a70851cb47ef9815bc,"season-block cluster, CR1, t(G-1)",team-match (120-minute matches count once),0.05,0.8,10,2026-10-03 17:50:35
net_pens,style,rm_vs_nonelite,18,2024,2024/25,204,4578,-0.0365086118362356,0.058716212802774,17,1.23880380442669,1.74560129956903,3.37115043204226,-0.365086118362356,-1.60388992278904,0.87371768606433,20261003-175015,4237598ec443fe56d60744856219d211,6c49e2a4c6b741a70851cb47ef9815bc,"season-block cluster, CR1, t(G-1)",team-match (120-minute matches count once),0.05,0.8,10,2026-10-03 17:50:35
net_pens,style,rm_vs_other_elite,18,2024,2024/25,204,4578,-0.0770908340572805,0.0469987934373095,17,0.991587865334058,1.3972487493006,3.37115043204226,-0.770908340572805,-1.76249620590686,0.220679524761254,20261003-175015,4237598ec443fe56d60744856219d211,6c49e2a4c6b741a70851cb47ef9815bc,"season-block cluster, CR1, t(G-1)",team-match (120-minute matches count once),0.05,0.8,10,2026-10-03 17:50:35
net_pens,style,rm_vs_nonelite,19,2025,2025/26,218,4956,-0.0228955200580759,0.0576041521079305,18,1.21021832772948,1.70664098553265,3.37115043204226,-0.228955200580759,-1.43917352831024,0.981263127148725,20261003-175015,4237598ec443fe56d60744856219d211,6c49e2a4c6b741a70851cb47ef9815bc,"season-block cluster, CR1, t(G-1)",team-match (120-minute matches count once),0.05,0.8,10,2026-10-03 17:50:35
net_pens,style,rm_vs_other_elite,19,2025,2025/26,218,4956,-0.0643007461749319,0.0460824835094394,18,0.968157052740254,1.36528795571864,3.37115043204226,-0.643007461749319,-1.61116451448957,0.325149590990935,20261003-175015,4237598ec443fe56d60744856219d211,6c49e2a4c6b741a70851cb47ef9815bc,"season-block cluster, CR1, t(G-1)",team-match (120-minute matches count once),0.05,0.8,10,2026-10-03 17:50:35
net_red,style,rm_vs_nonelite,3,2009,2009/10,24,752,0.0789958493054868,0.0680685013062622,2,2.92875122955344,3.84823794705981,2.60537444665669,0.789958493054868,-2.13879273649857,3.71870972260831,20261003-175015,4237598ec443fe56d60744856219d211,6c49e2a4c6b741a70851cb47ef9815bc,"season-block cluster, CR1, t(G-1)",team-match (120-minute matches count once),0.05,0.8,10,2026-10-03 17:50:35
net_red,style,rm_vs_other_elite,3,2009,2009/10,24,752,0.0213588522027445,0.0517240996695931,2,2.22550838637208,2.92421074808827,2.60537444665669,0.213588522027445,-2.01191986434464,2.43909690839953,20261003-175015,4237598ec443fe56d60744856219d211,6c49e2a4c6b741a70851cb47ef9815bc,"season-block cluster, CR1, t(G-1)",team-match (120-minute matches count once),0.05,0.8,10,2026-10-03 17:50:35
net_red,style,rm_vs_nonelite,4,2010,2010/11,36,1002,-0.0033112222459137,0.0925990423675989,3,2.94691480255575,3.94091459842947,2.60537444665669,-0.033112222459137,-2.98002702501488,2.91380258009661,20261003-175015,4237598ec443fe56d60744856219d211,6c49e2a4c6b741a70851cb47ef9815bc,"season-block cluster, CR1, t(G-1)",team-match (120-minute matches count once),0.05,0.8,10,2026-10-03 17:50:35
net_red,style,rm_vs_other_elite,4,2010,2010/11,36,1002,-0.0144722303708061,0.0423469940210302,3,1.34767034662099,1.80224203911938,2.60537444665669,-0.144722303708061,-1.49239265032905,1.20294804291293,20261003-175015,4237598ec443fe56d60744856219d211,6c49e2a4c6b741a70851cb47ef9815bc,"season-block cluster, CR1, t(G-1)",team-match (120-minute matches count once),0.05,0.8,10,2026-10-03 17:50:35
net_red,style,rm_vs_nonelite,5,2011,2011/12,48,1248,0.00485017981445151,0.0697595779339583,4,1.93683638695402,2.62339859955325,2.60537444665669,0.0485017981445151,-1.88833458880951,1.98533818509854,20261003-175015,4237598ec443fe56d60744856219d211,6c49e2a4c6b741a70851cb47ef9815bc,"season-block cluster, CR1, t(G-1)",team-match (120-minute matches count once),0.05,0.8,10,2026-10-03 17:50:35
net_red,style,rm_vs_other_elite,5,2011,2011/12,48,1248,-0.0178531609630944,0.0237246293426991,4,0.658701310111689,0.892195182881969,2.60537444665669,-0.178531609630944,-0.837232919742633,0.480169700480745,20261003-175015,4237598ec443fe56d60744856219d211,6c49e2a4c6b741a70851cb47ef9815bc,"season-block cluster, CR1, t(G-1)",team-match (120-minute matches count once),0.05,0.8,10,2026-10-03 17:50:35
net_red,style,rm_vs_nonelite,6,2012,2012/13,60,1498,-0.00660779760601256,0.0636062677466027,5,1.63505116502037,2.23487811813068,2.60537444665669,-0.0660779760601256,-1.70112914108049,1.56897318896024,20261003-175015,4237598ec443fe56d60744856219d211,6c49e2a4c6b741a70851cb47ef9815bc,"season-block cluster, CR1, t(G-1)",team-match (120-minute matches count once),0.05,0.8,10,2026-10-03 17:50:35
net_red,style,rm_vs_other_elite,6,2012,2012/13,60,1498,-0.0294249922072301,0.0275986175526222,5,0.709445049694443,0.969973455511452,2.60537444665669,-0.294249922072301,-1.00369497176674,0.415195127622141,20261003-175015,4237598ec443fe56d60744856219d211,6c49e2a4c6b741a70851cb47ef9815bc,"season-block cluster, CR1, t(G-1)",team-match (120-minute matches count once),0.05,0.8,10,2026-10-03 17:50:35
net_red,style,rm_vs_nonelite,7,2013,2013/14,73,1748,-0.006324141601588,0.0528677227178399,6,1.29362657261329,1.78018444375228,2.60537444665669,-0.06324141601588,-1.35686798862917,1.23038515659741,20261003-175015,4237598ec443fe56d60744856219d211,6c49e2a4c6b741a70851cb47ef9815bc,"season-block cluster, CR1, t(G-1)",team-match (120-minute matches count once),0.05,0.8,10,2026-10-03 17:50:35
net_red,style,rm_vs_other_elite,7,2013,2013/14,73,1748,-0.0144658265649107,0.028215790734147,6,0.690415527368107,0.94976835770141,2.60537444665669,-0.144658265649107,-0.835073793017214,0.545757261719,20261003-175015,4237598ec443fe56d60744856219d211,6c49e2a4c6b741a70851cb47ef9815bc,"season-block cluster, CR1, t(G-1)",team-match (120-minute matches count once),0.05,0.8,10,2026-10-03 17:50:35
net_red,style,rm_vs_nonelite,8,2014,2014/15,85,1996,0.0130783016060134,0.0523114625670964,7,1.23696953022444,1.71049336106291,2.60537444665669,0.130783016060134,-1.10618651416431,1.36775254628458,20261003-175015,4237598ec443fe56d60744856219d211,6c49e2a4c6b741a70851cb47ef9815bc,"season-block cluster, CR1, t(G-1)",team-match (120-minute matches count once),0.05,0.8,10,2026-10-03 17:50:35
net_red,style,rm_vs_other_elite,8,2014,2014/15,85,1996,0.015812126196235,0.0379605480269337,7,0.897624324682399,1.24141098907718,2.60537444665669,0.15812126196235,-0.739503062720049,1.05574558664475,20261003-175015,4237598ec443fe56d60744856219d211,6c49e2a4c6b741a70851cb47ef9815bc,"season-block cluster, CR1, t(G-1)",team-match (120-minute matches count once),0.05,0.8,10,2026-10-03 17:50:35
net_red,style,rm_vs_nonelite,9,2015,2015/16,98,2246,0.0212227339268674,0.0470178951100684,8,1.08423460552413,1.50501415814506,2.60537444665669,0.212227339268674,-0.872007266255459,1.29646194479281,20261003-175015,4237598ec443fe56d60744856219d211,6c49e2a4c6b741a70851cb47ef9815bc,"season-block cluster, CR1, t(G-1)",team-match (120-minute matches count once),0.05,0.8,10,2026-10-03 17:50:35
net_red,style,rm_vs_other_elite,9,2015,2015/16,98,2246,0.0281435003544638,0.0340169565722093,8,0.784432425225752,1.08901816158486,2.60537444665669,0.281435003544638,-0.502997421681114,1.06586742877039,20261003-175015,4237598ec443fe56d60744856219d211,6c49e2a4c6b741a70851cb47ef9815bc,"season-block cluster, CR1, t(G-1)",team-match (120-minute matches count once),0.05,0.8,10,2026-10-03 17:50:35
net_red,style,rm_vs_nonelite,10,2016,2016/17,111,2496,0.0529990036174296,0.0508114824156643,9,1.1494355889899,1.60038685526384,2.60537444665669,0.529990036174296,-0.619445552815605,1.6794256251642,20261003-175015,4237598ec443fe56d60744856219d211,6c49e2a4c6b741a70851cb47ef9815bc,"season-block cluster, CR1, t(G-1)",team-match (120-minute matches count once),0.05,0.8,10,2026-10-03 17:50:35
net_red,style,rm_vs_other_elite,10,2016,2016/17,111,2496,0.0626109740517811,0.0422603034800942,9,0.955994482195209,1.33105414315079,2.60537444665669,0.626109740517811,-0.329884741677398,1.58210422271302,20261003-175015,4237598ec443fe56d60744856219d211,6c49e2a4c6b741a70851cb47ef9815bc,"season-block cluster, CR1, t(G-1)",team-match (120-minute matches count once),0.05,0.8,10,2026-10-03 17:50:35
net_red,style,rm_vs_nonelite,11,2017,2017/18,124,2746,0.0753021910855177,0.0534477661155017,10,1.19089044233825,1.66222223178943,2.60537444665669,0.753021910855177,-0.43786853148307,1.94391235319342,20261003-175015,4237598ec443fe56d60744856219d211,6c49e2a4c6b741a70851cb47ef9815bc,"season-block cluster, CR1, t(G-1)",team-match (120-minute matches count once),0.05,0.8,10,2026-10-03 17:50:35
net_red,style,rm_vs_other_elite,11,2017,2017/18,124,2746,0.0758076951281556,0.0417938224860858,10,0.931224396542653,1.29978530323803,2.60537444665669,0.758076951281556,-0.173147445261098,1.68930134782421,20261003-175015,4237598ec443fe56d60744856219d211,6c49e2a4c6b741a70851cb47ef9815bc,"season-block cluster, CR1, t(G-1)",team-match (120-minute matches count once),0.05,0.8,10,2026-10-03 17:50:35
net_red,style,rm_vs_nonelite,12,2018,2018/19,132,2996,0.0691970633402382,0.0509402407740637,11,1.12118713995209,1.56815273287052,2.60537444665669,0.691970633402382,-0.429216506549709,1.81315777335447,20261003-175015,4237598ec443fe56d60744856219d211,6c49e2a4c6b741a70851cb47ef9815bc,"season-block cluster, CR1, t(G-1)",team-match (120-minute matches count once),0.05,0.8,10,2026-10-03 17:50:35
net_red,style,rm_vs_other_elite,12,2018,2018/19,132,2996,0.0756977907572903,0.0407265517078586,11,0.896385359307016,1.25373285227164,2.60537444665669,0.756977907572903,-0.139407451734112,1.65336326687992,20261003-175015,4237598ec443fe56d60744856219d211,6c49e2a4c6b741a70851cb47ef9815bc,"season-block cluster, CR1, t(G-1)",team-match (120-minute matches count once),0.05,0.8,10,2026-10-03 17:50:35
net_red,style,rm_vs_nonelite,13,2019,2019/20,140,3234,0.0614530821417912,0.04866136369487,12,1.06024003527486,1.4854789615679,2.60537444665669,0.614530821417912,-0.445709213856946,1.67477085669277,20261003-175015,4237598ec443fe56d60744856219d211,6c49e2a4c6b741a70851cb47ef9815bc,"season-block cluster, CR1, t(G-1)",team-match (120-minute matches count once),0.05,0.8,10,2026-10-03 17:50:35
net_red,style,rm_vs_other_elite,13,2019,2019/20,140,3234,0.0641497020443294,0.0411609979014879,12,0.896821103096678,1.25651629500565,2.60537444665669,0.641497020443294,-0.255324082653384,1.53831812353997,20261003-175015,4237598ec443fe56d60744856219d211,6c49e2a4c6b741a70851cb47ef9815bc,"season-block cluster, CR1, t(G-1)",team-match (120-minute matches count once),0.05,0.8,10,2026-10-03 17:50:35
net_red,style,rm_vs_nonelite,14,2020,2020/21,152,3482,0.0629682639431182,0.041937213808121,13,0.905998422504432,1.27125179568601,2.60537444665669,0.629682639431182,-0.276315783073249,1.53568106193561,20261003-175015,4237598ec443fe56d60744856219d211,6c49e2a4c6b741a70851cb47ef9815bc,"season-block cluster, CR1, t(G-1)",team-match (120-minute matches count once),0.05,0.8,10,2026-10-03 17:50:35
net_red,style,rm_vs_other_elite,14,2020,2020/21,152,3482,0.0722831123219384,0.0363077907206825,13,0.784382130583731,1.10060588102592,2.60537444665669,0.722831123219384,-0.0615510073643462,1.50721325380312,20261003-175015,4237598ec443fe56d60744856219d211,6c49e2a4c6b741a70851cb47ef9815bc,"season-block cluster, CR1, t(G-1)",team-match (120-minute matches count once),0.05,0.8,10,2026-10-03 17:50:35
net_red,style,rm_vs_nonelite,15,2021,2021/22,165,3726,0.0689232615772315,0.0388529818970293,14,0.833313583586599,1.17075670181286,2.60537444665669,0.689232615772315,-0.144080967814284,1.52254619935891,20261003-175015,4237598ec443fe56d60744856219d211,6c49e2a4c6b741a70851cb47ef9815bc,"season-block cluster, CR1, t(G-1)",team-match (120-minute matches count once),0.05,0.8,10,2026-10-03 17:50:35
net_red,style,rm_vs_other_elite,15,2021,2021/22,165,3726,0.0791259368504113,0.0338236696777306,14,0.725445564613257,1.01921018141562,2.60537444665669,0.791259368504114,0.0658138038908565,1.51670493311737,20261003-175015,4237598ec443fe56d60744856219d211,6c49e2a4c6b741a70851cb47ef9815bc,"season-block cluster, CR1, t(G-1)",team-match (120-minute matches count once),0.05,0.8,10,2026-10-03 17:50:35
net_red,style,rm_vs_nonelite,16,2022,2022/23,177,3972,0.0866865433978918,0.0403928292760423,15,0.86095277604294,1.21093426464951,2.60537444665669,0.866865433978917,0.00591265793597709,1.72781821002186,20261003-175015,4237598ec443fe56d60744856219d211,6c49e2a4c6b741a70851cb47ef9815bc,"season-block cluster, CR1, t(G-1)",team-match (120-minute matches count once),0.05,0.8,10,2026-10-03 17:50:35
net_red,style,rm_vs_other_elite,16,2022,2022/23,177,3972,0.0833174454589278,0.0324793143011515,15,0.692280197072824,0.973715359972619,2.60537444665669,0.833174454589278,0.140894257516454,1.5254546516621,20261003-175015,4237598ec443fe56d60744856219d211,6c49e2a4c6b741a70851cb47ef9815bc,"season-block cluster, CR1, t(G-1)",team-match (120-minute matches count once),0.05,0.8,10,2026-10-03 17:50:35
net_red,style,rm_vs_nonelite,17,2023,2023/24,190,4220,0.0759859883152886,0.0381544869352243,16,0.8088389904305,1.13874931573103,2.60537444665669,0.759859883152886,-0.0489791072776137,1.56869887358339,20261003-175015,4237598ec443fe56d60744856219d211,6c49e2a4c6b741a70851cb47ef9815bc,"season-block cluster, CR1, t(G-1)",team-match (120-minute matches count once),0.05,0.8,10,2026-10-03 17:50:35
net_red,style,rm_vs_other_elite,17,2023,2023/24,190,4220,0.0785410301720314,0.0305096543793512,16,0.646775779961956,0.910635468926545,2.60537444665669,0.785410301720314,0.138634521758358,1.43218608168227,20261003-175015,4237598ec443fe56d60744856219d211,6c49e2a4c6b741a70851cb47ef9815bc,"season-block cluster, CR1, t(G-1)",team-match (120-minute matches count once),0.05,0.8,10,2026-10-03 17:50:35
net_red,style,rm_vs_nonelite,18,2024,2024/25,204,4596,0.0601722849412603,0.0380727154125881,17,0.80326408067893,1.13188126975376,2.60537444665669,0.601722849412603,-0.201541231266327,1.40498693009153,20261003-175015,4237598ec443fe56d60744856219d211,6c49e2a4c6b741a70851cb47ef9815bc,"season-block cluster, CR1, t(G-1)",team-match (120-minute matches count once),0.05,0.8,10,2026-10-03 17:50:35
net_red,style,rm_vs_other_elite,18,2024,2024/25,204,4596,0.0671829790620559,0.030583626368353,17,0.645258113385849,0.909282841873179,2.60537444665669,0.671829790620559,0.0265716772347099,1.31708790400641,20261003-175015,4237598ec443fe56d60744856219d211,6c49e2a4c6b741a70851cb47ef9815bc,"season-block cluster, CR1, t(G-1)",team-match (120-minute matches count once),0.05,0.8,10,2026-10-03 17:50:35
net_red,style,rm_vs_nonelite,19,2025,2025/26,218,4974,0.0220624378013412,0.0487434785422658,18,1.02406248387462,1.44412538356258,2.60537444665669,0.220624378013412,-0.803438105861212,1.24468686188804,20261003-175015,4237598ec443fe56d60744856219d211,6c49e2a4c6b741a70851cb47ef9815bc,"season-block cluster, CR1, t(G-1)",team-match (120-minute matches count once),0.05,0.8,10,2026-10-03 17:50:35
net_red,style,rm_vs_other_elite,19,2025,2025/26,218,4974,0.0395282952318671,0.0388479190974353,18,0.816164494493026,1.15094916786757,2.60537444665669,0.395282952318671,-0.420881542174356,1.2114474468117,20261003-175015,4237598ec443fe56d60744856219d211,6c49e2a4c6b741a70851cb47ef9815bc,"season-block cluster, CR1, t(G-1)",team-match (120-minute matches count once),0.05,0.8,10,2026-10-03 17:50:35
net_yellow_fouls,style,rm_vs_nonelite,3,2009,2009/10,24,752,-0.114177455281734,0.77966512253851,2,33.5462826778077,44.0781984761534,10.0699446428549,-1.14177455281734,-34.688057230625,32.4045081249904,20261003-175015,4237598ec443fe56d60744856219d211,6c49e2a4c6b741a70851cb47ef9815bc,"season-block cluster, CR1, t(G-1)",team-match (120-minute matches count once),0.05,0.8,10,2026-10-03 17:50:35
net_yellow_fouls,style,rm_vs_other_elite,3,2009,2009/10,24,752,0.0116260067275793,0.557160600050576,2,23.9726857671646,31.498953591975,10.0699446428549,0.116260067275793,-23.8564256998888,24.0889458344404,20261003-175015,4237598ec443fe56d60744856219d211,6c49e2a4c6b741a70851cb47ef9815bc,"season-block cluster, CR1, t(G-1)",team-match (120-minute matches count once),0.05,0.8,10,2026-10-03 17:50:35
net_yellow_fouls,style,rm_vs_nonelite,4,2010,2010/11,36,1002,-0.500504571199617,0.635134990202034,3,20.2128300292487,27.0306548627589,10.0699446428549,-5.00504571199617,-25.2178757412448,15.2077843172525,20261003-175015,4237598ec443fe56d60744856219d211,6c49e2a4c6b741a70851cb47ef9815bc,"season-block cluster, CR1, t(G-1)",team-match (120-minute matches count once),0.05,0.8,10,2026-10-03 17:50:35
net_yellow_fouls,style,rm_vs_other_elite,4,2010,2010/11,36,1002,-0.211433567316973,0.39498858320998,3,12.5702995726585,16.8102847932891,10.0699446428549,-2.11433567316973,-14.6846352458282,10.4559638994887,20261003-175015,4237598ec443fe56d60744856219d211,6c49e2a4c6b741a70851cb47ef9815bc,"season-block cluster, CR1, t(G-1)",team-match (120-minute matches count once),0.05,0.8,10,2026-10-03 17:50:35
net_yellow_fouls,style,rm_vs_nonelite,5,2011,2011/12,48,1248,-0.390374742160118,0.485445407084342,4,13.4781252434007,18.2579073619645,10.0699446428549,-3.90374742160118,-17.3818726650019,9.57437782179953,20261003-175015,4237598ec443fe56d60744856219d211,6c49e2a4c6b741a70851cb47ef9815bc,"season-block cluster, CR1, t(G-1)",team-match (120-minute matches count once),0.05,0.8,10,2026-10-03 17:50:35
net_yellow_fouls,style,rm_vs_other_elite,5,2011,2011/12,48,1248,-0.315008503009466,0.294278097461574,4,8.17046983264108,11.0679845018599,10.0699446428549,-3.15008503009466,-11.3205548627357,5.02038480254641,20261003-175015,4237598ec443fe56d60744856219d211,6c49e2a4c6b741a70851cb47ef9815bc,"season-block cluster, CR1, t(G-1)",team-match (120-minute matches count once),0.05,0.8,10,2026-10-03 17:50:35
net_yellow_fouls,style,rm_vs_nonelite,6,2012,2012/13,60,1498,-0.227929249065934,0.416254325009862,5,10.7001580687541,14.6267855858383,10.0699446428549,-2.27929249065934,-12.9794505594134,8.42086557809472,20261003-175015,4237598ec443fe56d60744856219d211,6c49e2a4c6b741a70851cb47ef9815bc,"season-block cluster, CR1, t(G-1)",team-match (120-minute matches count once),0.05,0.8,10,2026-10-03 17:50:35
net_yellow_fouls,style,rm_vs_other_elite,6,2012,2012/13,60,1498,-0.103975783869526,0.265502900495242,5,6.82496933321825,9.32952227672362,10.0699446428549,-1.03975783869526,-7.86472717191351,5.78521149452299,20261003-175015,4237598ec443fe56d60744856219d211,6c49e2a4c6b741a70851cb47ef9815bc,"season-block cluster, CR1, t(G-1)",team-match (120-minute matches count once),0.05,0.8,10,2026-10-03 17:50:35
net_yellow_fouls,style,rm_vs_nonelite,7,2013,2013/14,73,1748,-0.298940692529199,0.334406019877607,6,8.18262053132737,11.2591296217965,10.0699446428549,-2.98940692529199,-11.1720274566194,5.19321360603538,20261003-175015,4237598ec443fe56d60744856219d211,6c49e2a4c6b741a70851cb47ef9815bc,"season-block cluster, CR1, t(G-1)",team-match (120-minute matches count once),0.05,0.8,10,2026-10-03 17:50:35
net_yellow_fouls,style,rm_vs_other_elite,7,2013,2013/14,73,1748,-0.151406127772825,0.189255389934473,6,4.63091256523725,6.37204727258131,10.0699446428549,-1.51406127772825,-6.1449738429655,3.116851287509,20261003-175015,4237598ec443fe56d60744856219d211,6c49e2a4c6b741a70851cb47ef9815bc,"season-block cluster, CR1, t(G-1)",team-match (120-minute matches count once),0.05,0.8,10,2026-10-03 17:50:35
net_yellow_fouls,style,rm_vs_nonelite,8,2014,2014/15,85,1996,-0.335523574060773,0.289760111515813,7,6.8517378683452,9.47450235749947,10.0699446428549,-3.35523574060773,-10.2069736089529,3.49650212773747,20261003-175015,4237598ec443fe56d60744856219d211,6c49e2a4c6b741a70851cb47ef9815bc,"season-block cluster, CR1, t(G-1)",team-match (120-minute matches count once),0.05,0.8,10,2026-10-03 17:50:35
net_yellow_fouls,style,rm_vs_other_elite,8,2014,2014/15,85,1996,-0.189627649850175,0.16428985268135,7,3.88483769940926,5.37190777709148,10.0699446428549,-1.89627649850175,-5.78111419791101,1.98856120090751,20261003-175015,4237598ec443fe56d60744856219d211,6c49e2a4c6b741a70851cb47ef9815bc,"season-block cluster, CR1, t(G-1)",team-match (120-minute matches count once),0.05,0.8,10,2026-10-03 17:50:35
net_yellow_fouls,style,rm_vs_nonelite,9,2015,2015/16,98,2246,-0.342622021163673,0.245414325365663,8,5.6592644913156,7.85556293879791,10.0699446428549,-3.42622021163673,-9.08548470295233,2.23304427967887,20261003-175015,4237598ec443fe56d60744856219d211,6c49e2a4c6b741a70851cb47ef9815bc,"season-block cluster, CR1, t(G-1)",team-match (120-minute matches count once),0.05,0.8,10,2026-10-03 17:50:35
net_yellow_fouls,style,rm_vs_other_elite,9,2015,2015/16,98,2246,-0.247565149808478,0.142897641609619,8,3.29522552462704,4.57406639077642,10.0699446428549,-2.47565149808478,-5.77087702271181,0.819574026542261,20261003-175015,4237598ec443fe56d60744856219d211,6c49e2a4c6b741a70851cb47ef9815bc,"season-block cluster, CR1, t(G-1)",team-match (120-minute matches count once),0.05,0.8,10,2026-10-03 17:50:35
net_yellow_fouls,style,rm_vs_nonelite,10,2016,2016/17,111,2496,-0.248999597156645,0.240306086519297,9,5.43610134883633,7.56881483912028,10.0699446428549,-2.48999597156645,-7.92609732040278,2.94610537726989,20261003-175015,4237598ec443fe56d60744856219d211,6c49e2a4c6b741a70851cb47ef9815bc,"season-block cluster, CR1, t(G-1)",team-match (120-minute matches count once),0.05,0.8,10,2026-10-03 17:50:35
net_yellow_fouls,style,rm_vs_other_elite,10,2016,2016/17,111,2496,-0.162888615188725,0.143071449932381,9,3.23650105256461,4.50625836818205,10.0699446428549,-1.62888615188725,-4.86538720445186,1.60761490067736,20261003-175015,4237598ec443fe56d60744856219d211,6c49e2a4c6b741a70851cb47ef9815bc,"season-block cluster, CR1, t(G-1)",team-match (120-minute matches count once),0.05,0.8,10,2026-10-03 17:50:35
net_yellow_fouls,style,rm_vs_nonelite,11,2017,2017/18,124,2746,-0.210997280921788,0.211090603766777,10,4.70339175541995,6.56490476598653,10.0699446428549,-2.10997280921788,-6.81336456463783,2.59341894620208,20261003-175015,4237598ec443fe56d60744856219d211,6c49e2a4c6b741a70851cb47ef9815bc,"season-block cluster, CR1, t(G-1)",team-match (120-minute matches count once),0.05,0.8,10,2026-10-03 17:50:35
net_yellow_fouls,style,rm_vs_other_elite,11,2017,2017/18,124,2746,-0.155182141500604,0.117829496176318,10,2.62540478340423,3.66449006833269,10.0699446428549,-1.55182141500604,-4.17722619841027,1.07358336839819,20261003-175015,4237598ec443fe56d60744856219d211,6c49e2a4c6b741a70851cb47ef9815bc,"season-block cluster, CR1, t(G-1)",team-match (120-minute matches count once),0.05,0.8,10,2026-10-03 17:50:35
net_yellow_fouls,style,rm_vs_nonelite,12,2018,2018/19,132,2996,-0.260003912773002,0.188424794543964,11,4.14720176584581,5.80049980162493,10.0699446428549,-2.60003912773002,-6.74724089357582,1.54716263811579,20261003-175015,4237598ec443fe56d60744856219d211,6c49e2a4c6b741a70851cb47ef9815bc,"season-block cluster, CR1, t(G-1)",team-match (120-minute matches count once),0.05,0.8,10,2026-10-03 17:50:35
net_yellow_fouls,style,rm_vs_other_elite,12,2018,2018/19,132,2996,-0.242344518270422,0.132357596348381,11,2.91317105388185,4.0745179699968,10.0699446428549,-2.42344518270422,-5.33661623658607,0.489725871177638,20261003-175015,4237598ec443fe56d60744856219d211,6c49e2a4c6b741a70851cb47ef9815bc,"season-block cluster, CR1, t(G-1)",team-match (120-minute matches count once),0.05,0.8,10,2026-10-03 17:50:35
net_yellow_fouls,style,rm_vs_nonelite,13,2019,2019/20,140,3234,-0.257617994835473,0.16249328872987,12,3.54042462219461,4.96041096007439,10.0699446428549,-2.57617994835473,-6.11660457054934,0.964244673839883,20261003-175015,4237598ec443fe56d60744856219d211,6c49e2a4c6b741a70851cb47ef9815bc,"season-block cluster, CR1, t(G-1)",team-match (120-minute matches count once),0.05,0.8,10,2026-10-03 17:50:35
net_yellow_fouls,style,rm_vs_other_elite,13,2019,2019/20,140,3234,-0.248886027611903,0.114339277359001,12,2.49123884444671,3.49041987525677,10.0699446428549,-2.48886027611903,-4.98009912056574,0.00237856832768363,20261003-175015,4237598ec443fe56d60744856219d211,6c49e2a4c6b741a70851cb47ef9815bc,"season-block cluster, CR1, t(G-1)",team-match (120-minute matches count once),0.05,0.8,10,2026-10-03 17:50:35
net_yellow_fouls,style,rm_vs_nonelite,14,2020,2020/21,152,3482,-0.283831185663687,0.148416555292647,13,3.20634474154412,4.49898301037759,10.0699446428549,-2.83831185663687,-6.04465659818098,0.368032884907249,20261003-175015,4237598ec443fe56d60744856219d211,6c49e2a4c6b741a70851cb47ef9815bc,"season-block cluster, CR1, t(G-1)",team-match (120-minute matches count once),0.05,0.8,10,2026-10-03 17:50:35
net_yellow_fouls,style,rm_vs_other_elite,14,2020,2020/21,152,3482,-0.285425426956673,0.104140250585432,13,2.24981333240949,3.15682584841354,10.0699446428549,-2.85425426956673,-5.10406760197622,-0.604440937157241,20261003-175015,4237598ec443fe56d60744856219d211,6c49e2a4c6b741a70851cb47ef9815bc,"season-block cluster, CR1, t(G-1)",team-match (120-minute matches count once),0.05,0.8,10,2026-10-03 17:50:35
net_yellow_fouls,style,rm_vs_nonelite,15,2021,2021/22,165,3726,-0.25911126593306,0.137450888563769,14,2.94802836034046,4.14180691156859,10.0699446428549,-2.5911126593306,-5.53914101967107,0.356915701009858,20261003-175015,4237598ec443fe56d60744856219d211,6c49e2a4c6b741a70851cb47ef9815bc,"season-block cluster, CR1, t(G-1)",team-match (120-minute matches count once),0.05,0.8,10,2026-10-03 17:50:35
net_yellow_fouls,style,rm_vs_other_elite,15,2021,2021/22,165,3726,-0.28798925911435,0.097688468402118,14,2.09520926591942,2.94364611124887,10.0699446428549,-2.8798925911435,-4.97510185706291,-0.78468332522408,20261003-175015,4237598ec443fe56d60744856219d211,6c49e2a4c6b741a70851cb47ef9815bc,"season-block cluster, CR1, t(G-1)",team-match (120-minute matches count once),0.05,0.8,10,2026-10-03 17:50:35
net_yellow_fouls,style,rm_vs_nonelite,16,2022,2022/23,177,3972,-0.232259069422239,0.13264382904614,15,2.82723629141705,3.97652158724994,10.0699446428549,-2.32259069422239,-5.14982698563944,0.504645597194657,20261003-175015,4237598ec443fe56d60744856219d211,6c49e2a4c6b741a70851cb47ef9815bc,"season-block cluster, CR1, t(G-1)",team-match (120-minute matches count once),0.05,0.8,10,2026-10-03 17:50:35
net_yellow_fouls,style,rm_vs_other_elite,16,2022,2022/23,177,3972,-0.274629951049463,0.0949374624866566,15,2.02354411273782,2.84612463113983,10.0699446428549,-2.74629951049463,-4.76984362323245,-0.722755397756802,20261003-175015,4237598ec443fe56d60744856219d211,6c49e2a4c6b741a70851cb47ef9815bc,"season-block cluster, CR1, t(G-1)",team-match (120-minute matches count once),0.05,0.8,10,2026-10-03 17:50:35
net_yellow_fouls,style,rm_vs_nonelite,17,2023,2023/24,190,4220,-0.258424928591838,0.127556768181347,16,2.70408268819174,3.80702753859523,10.0699446428549,-2.58424928591838,-5.28833197411012,0.119833402273368,20261003-175015,4237598ec443fe56d60744856219d211,6c49e2a4c6b741a70851cb47ef9815bc,"season-block cluster, CR1, t(G-1)",team-match (120-minute matches count once),0.05,0.8,10,2026-10-03 17:50:35
net_yellow_fouls,style,rm_vs_other_elite,17,2023,2023/24,190,4220,-0.269117023686877,0.0853445257941199,16,1.8092231249048,2.5471714641174,10.0699446428549,-2.69117023686877,-4.50039336177356,-0.881947111963971,20261003-175015,4237598ec443fe56d60744856219d211,6c49e2a4c6b741a70851cb47ef9815bc,"season-block cluster, CR1, t(G-1)",team-match (120-minute matches count once),0.05,0.8,10,2026-10-03 17:50:35
net_yellow_fouls,style,rm_vs_nonelite,18,2024,2024/25,204,4596,-0.297713573209429,0.123520100824717,17,2.60604632895531,3.67218589602799,10.0699446428549,-2.97713573209429,-5.5831820610496,-0.371089403138984,20261003-175015,4237598ec443fe56d60744856219d211,6c49e2a4c6b741a70851cb47ef9815bc,"season-block cluster, CR1, t(G-1)",team-match (120-minute matches count once),0.05,0.8,10,2026-10-03 17:50:35
net_yellow_fouls,style,rm_vs_other_elite,18,2024,2024/25,204,4596,-0.305215072673485,0.0875292241366093,17,1.84670520599082,2.60219656734938,10.0699446428549,-3.05215072673485,-4.89885593272567,-1.20544552074402,20261003-175015,4237598ec443fe56d60744856219d211,6c49e2a4c6b741a70851cb47ef9815bc,"season-block cluster, CR1, t(G-1)",team-match (120-minute matches count once),0.05,0.8,10,2026-10-03 17:50:35
net_yellow_fouls,style,rm_vs_nonelite,19,2025,2025/26,218,4974,-0.298232893128646,0.116547568731287,18,2.44857355884068,3.45296042528875,10.0699446428549,-2.98232893128646,-5.43090249012713,-0.533755372445781,20261003-175015,4237598ec443fe56d60744856219d211,6c49e2a4c6b741a70851cb47ef9815bc,"season-block cluster, CR1, t(G-1)",team-match (120-minute matches count once),0.05,0.8,10,2026-10-03 17:50:35
net_yellow_fouls,style,rm_vs_other_elite,19,2025,2025/26,218,4974,-0.307289781517178,0.0830924236561804,18,1.74570704236315,2.46178323279855,10.0699446428549,-3.07289781517178,-4.81860485753494,-1.32719077280863,20261003-175015,4237598ec443fe56d60744856219d211,6c49e2a4c6b741a70851cb47ef9815bc,"season-block cluster, CR1, t(G-1)",team-match (120-minute matches count once),0.05,0.8,10,2026-10-03 17:50:35
