outcome,spec,contrast,bound_label,bound_per10,bound_per_match,bound_pct_baseline,estimate_per10,df,tost_p,equiv_margin_per10,equivalent_at_5pct,run_id,input_md5,script_md5,inference_primary,unit,alpha,power,per_games,generated
net_yellow,raw,rm_vs_nonelite,small,0.5,0.05,2.52931034482758,2.63097002557801,18,0.932140543206945,4.99681531878378,0,20261003-175015,4237598ec443fe56d60744856219d211,6c49e2a4c6b741a70851cb47ef9815bc,"season-block cluster, CR1, t(G-1)",team-match (120-minute matches count once),0.05,0.8,10,2026-10-03 17:50:35
net_yellow,raw,rm_vs_nonelite,medium,1,0.1,5.05862068965517,2.63097002557801,18,0.876284539286169,4.99681531878378,0,20261003-175015,4237598ec443fe56d60744856219d211,6c49e2a4c6b741a70851cb47ef9815bc,"season-block cluster, CR1, t(G-1)",team-match (120-minute matches count once),0.05,0.8,10,2026-10-03 17:50:35
net_yellow,raw,rm_vs_nonelite,large,2,0.2,10.1172413793103,2.63097002557801,18,0.675358556778159,4.99681531878378,0,20261003-175015,4237598ec443fe56d60744856219d211,6c49e2a4c6b741a70851cb47ef9815bc,"season-block cluster, CR1, t(G-1)",team-match (120-minute matches count once),0.05,0.8,10,2026-10-03 17:50:35
net_yellow,raw,rm_vs_other_elite,small,0.5,0.05,2.52931034482758,-0.333240248495376,18,0.442577579791646,2.30711380394818,0,20261003-175015,4237598ec443fe56d60744856219d211,6c49e2a4c6b741a70851cb47ef9815bc,"season-block cluster, CR1, t(G-1)",team-match (120-minute matches count once),0.05,0.8,10,2026-10-03 17:50:35
net_yellow,raw,rm_vs_other_elite,medium,1,0.1,5.05862068965517,-0.333240248495376,18,0.282656900825457,2.30711380394818,0,20261003-175015,4237598ec443fe56d60744856219d211,6c49e2a4c6b741a70851cb47ef9815bc,"season-block cluster, CR1, t(G-1)",team-match (120-minute matches count once),0.05,0.8,10,2026-10-03 17:50:35
net_yellow,raw,rm_vs_other_elite,large,2,0.2,10.1172413793103,-0.333240248495376,18,0.0801846270976363,2.30711380394818,0,20261003-175015,4237598ec443fe56d60744856219d211,6c49e2a4c6b741a70851cb47ef9815bc,"season-block cluster, CR1, t(G-1)",team-match (120-minute matches count once),0.05,0.8,10,2026-10-03 17:50:35
net_yellow,prematch,rm_vs_nonelite,small,0.5,0.05,2.52931034482758,-1.91130494397518,18,0.812846206434119,4.5975305488199,0,20261003-175015,4237598ec443fe56d60744856219d211,6c49e2a4c6b741a70851cb47ef9815bc,"season-block cluster, CR1, t(G-1)",team-match (120-minute matches count once),0.05,0.8,10,2026-10-03 17:50:35
net_yellow,prematch,rm_vs_nonelite,medium,1,0.1,5.05862068965517,-1.91130494397518,18,0.718174153572892,4.5975305488199,0,20261003-175015,4237598ec443fe56d60744856219d211,6c49e2a4c6b741a70851cb47ef9815bc,"season-block cluster, CR1, t(G-1)",team-match (120-minute matches count once),0.05,0.8,10,2026-10-03 17:50:35
net_yellow,prematch,rm_vs_nonelite,large,2,0.2,10.1172413793103,-1.91130494397518,18,0.477485990701167,4.5975305488199,0,20261003-175015,4237598ec443fe56d60744856219d211,6c49e2a4c6b741a70851cb47ef9815bc,"season-block cluster, CR1, t(G-1)",team-match (120-minute matches count once),0.05,0.8,10,2026-10-03 17:50:35
net_yellow,prematch,rm_vs_other_elite,small,0.5,0.05,2.52931034482758,-1.62911714178136,18,0.827689040756233,3.64643584179646,0,20261003-175015,4237598ec443fe56d60744856219d211,6c49e2a4c6b741a70851cb47ef9815bc,"season-block cluster, CR1, t(G-1)",team-match (120-minute matches count once),0.05,0.8,10,2026-10-03 17:50:35
net_yellow,prematch,rm_vs_other_elite,medium,1,0.1,5.05862068965517,-1.62911714178136,18,0.70235623353349,3.64643584179646,0,20261003-175015,4237598ec443fe56d60744856219d211,6c49e2a4c6b741a70851cb47ef9815bc,"season-block cluster, CR1, t(G-1)",team-match (120-minute matches count once),0.05,0.8,10,2026-10-03 17:50:35
net_yellow,prematch,rm_vs_other_elite,large,2,0.2,10.1172413793103,-1.62911714178136,18,0.376771467340638,3.64643584179646,0,20261003-175015,4237598ec443fe56d60744856219d211,6c49e2a4c6b741a70851cb47ef9815bc,"season-block cluster, CR1, t(G-1)",team-match (120-minute matches count once),0.05,0.8,10,2026-10-03 17:50:35
net_yellow,style,rm_vs_nonelite,small,0.5,0.05,2.52931034482758,-2.393592460304,18,0.880804587968859,5.08616156103272,0,20261003-175015,4237598ec443fe56d60744856219d211,6c49e2a4c6b741a70851cb47ef9815bc,"season-block cluster, CR1, t(G-1)",team-match (120-minute matches count once),0.05,0.8,10,2026-10-03 17:50:35
net_yellow,style,rm_vs_nonelite,medium,1,0.1,5.05862068965517,-2.393592460304,18,0.809349678036952,5.08616156103272,0,20261003-175015,4237598ec443fe56d60744856219d211,6c49e2a4c6b741a70851cb47ef9815bc,"season-block cluster, CR1, t(G-1)",team-match (120-minute matches count once),0.05,0.8,10,2026-10-03 17:50:35
net_yellow,style,rm_vs_nonelite,large,2,0.2,10.1172413793103,-2.393592460304,18,0.598615329654931,5.08616156103272,0,20261003-175015,4237598ec443fe56d60744856219d211,6c49e2a4c6b741a70851cb47ef9815bc,"season-block cluster, CR1, t(G-1)",team-match (120-minute matches count once),0.05,0.8,10,2026-10-03 17:50:35
net_yellow,style,rm_vs_other_elite,small,0.5,0.05,2.52931034482758,-1.95131872292414,18,0.890139771225378,3.93055066543148,0,20261003-175015,4237598ec443fe56d60744856219d211,6c49e2a4c6b741a70851cb47ef9815bc,"season-block cluster, CR1, t(G-1)",team-match (120-minute matches count once),0.05,0.8,10,2026-10-03 17:50:35
net_yellow,style,rm_vs_other_elite,medium,1,0.1,5.05862068965517,-1.95131872292414,18,0.792250725680111,3.93055066543148,0,20261003-175015,4237598ec443fe56d60744856219d211,6c49e2a4c6b741a70851cb47ef9815bc,"season-block cluster, CR1, t(G-1)",team-match (120-minute matches count once),0.05,0.8,10,2026-10-03 17:50:35
net_yellow,style,rm_vs_other_elite,large,2,0.2,10.1172413793103,-1.95131872292414,18,0.483224610243055,3.93055066543148,0,20261003-175015,4237598ec443fe56d60744856219d211,6c49e2a4c6b741a70851cb47ef9815bc,"season-block cluster, CR1, t(G-1)",team-match (120-minute matches count once),0.05,0.8,10,2026-10-03 17:50:35
net_fouls,raw,rm_vs_nonelite,small,2.5,0.25,1.89114628989842,22.8974753444276,18,0.999914590983582,30.3912962689593,0,20261003-175015,4237598ec443fe56d60744856219d211,6c49e2a4c6b741a70851cb47ef9815bc,"season-block cluster, CR1, t(G-1)",team-match (120-minute matches count once),0.05,0.8,10,2026-10-03 17:50:35
net_fouls,raw,rm_vs_nonelite,medium,5,0.5,3.78229257979683,22.8974753444276,18,0.999693498125166,30.3912962689593,0,20261003-175015,4237598ec443fe56d60744856219d211,6c49e2a4c6b741a70851cb47ef9815bc,"season-block cluster, CR1, t(G-1)",team-match (120-minute matches count once),0.05,0.8,10,2026-10-03 17:50:35
net_fouls,raw,rm_vs_nonelite,large,10,1,7.56458515959366,22.8974753444276,18,0.996025323588823,30.3912962689593,0,20261003-175015,4237598ec443fe56d60744856219d211,6c49e2a4c6b741a70851cb47ef9815bc,"season-block cluster, CR1, t(G-1)",team-match (120-minute matches count once),0.05,0.8,10,2026-10-03 17:50:35
net_fouls,raw,rm_vs_other_elite,small,2.5,0.25,1.89114628989842,20.3336070354163,18,0.999457830203425,28.2929747501679,0,20261003-175015,4237598ec443fe56d60744856219d211,6c49e2a4c6b741a70851cb47ef9815bc,"season-block cluster, CR1, t(G-1)",team-match (120-minute matches count once),0.05,0.8,10,2026-10-03 17:50:35
net_fouls,raw,rm_vs_other_elite,medium,5,0.5,3.78229257979683,20.3336070354163,18,0.998180300261403,28.2929747501679,0,20261003-175015,4237598ec443fe56d60744856219d211,6c49e2a4c6b741a70851cb47ef9815bc,"season-block cluster, CR1, t(G-1)",team-match (120-minute matches count once),0.05,0.8,10,2026-10-03 17:50:35
net_fouls,raw,rm_vs_other_elite,large,10,1,7.56458515959366,20.3336070354163,18,0.981451881840489,28.2929747501679,0,20261003-175015,4237598ec443fe56d60744856219d211,6c49e2a4c6b741a70851cb47ef9815bc,"season-block cluster, CR1, t(G-1)",team-match (120-minute matches count once),0.05,0.8,10,2026-10-03 17:50:35
net_fouls,prematch,rm_vs_nonelite,small,2.5,0.25,1.89114628989842,6.63501674991485,18,0.747791123281723,17.1611852771136,0,20261003-175015,4237598ec443fe56d60744856219d211,6c49e2a4c6b741a70851cb47ef9815bc,"season-block cluster, CR1, t(G-1)",team-match (120-minute matches count once),0.05,0.8,10,2026-10-03 17:50:35
net_fouls,prematch,rm_vs_nonelite,medium,5,0.5,3.78229257979683,6.63501674991485,18,0.604638133278899,17.1611852771136,0,20261003-175015,4237598ec443fe56d60744856219d211,6c49e2a4c6b741a70851cb47ef9815bc,"season-block cluster, CR1, t(G-1)",team-match (120-minute matches count once),0.05,0.8,10,2026-10-03 17:50:35
net_fouls,prematch,rm_vs_nonelite,large,10,1,7.56458515959366,6.63501674991485,18,0.293083578368806,17.1611852771136,0,20261003-175015,4237598ec443fe56d60744856219d211,6c49e2a4c6b741a70851cb47ef9815bc,"season-block cluster, CR1, t(G-1)",team-match (120-minute matches count once),0.05,0.8,10,2026-10-03 17:50:35
net_fouls,prematch,rm_vs_other_elite,small,2.5,0.25,1.89114628989842,12.7108712132746,18,0.972498645812444,21.3395119960288,0,20261003-175015,4237598ec443fe56d60744856219d211,6c49e2a4c6b741a70851cb47ef9815bc,"season-block cluster, CR1, t(G-1)",team-match (120-minute matches count once),0.05,0.8,10,2026-10-03 17:50:35
net_fouls,prematch,rm_vs_other_elite,medium,5,0.5,3.78229257979683,12.7108712132746,18,0.930682381044929,21.3395119960288,0,20261003-175015,4237598ec443fe56d60744856219d211,6c49e2a4c6b741a70851cb47ef9815bc,"season-block cluster, CR1, t(G-1)",team-match (120-minute matches count once),0.05,0.8,10,2026-10-03 17:50:35
net_fouls,prematch,rm_vs_other_elite,large,10,1,7.56458515959366,12.7108712132746,18,0.703708859858425,21.3395119960288,0,20261003-175015,4237598ec443fe56d60744856219d211,6c49e2a4c6b741a70851cb47ef9815bc,"season-block cluster, CR1, t(G-1)",team-match (120-minute matches count once),0.05,0.8,10,2026-10-03 17:50:35
net_fouls,style,rm_vs_nonelite,small,2.5,0.25,1.89114628989842,6.39948325021914,18,0.730290321551715,17.207966019235,0,20261003-175015,4237598ec443fe56d60744856219d211,6c49e2a4c6b741a70851cb47ef9815bc,"season-block cluster, CR1, t(G-1)",team-match (120-minute matches count once),0.05,0.8,10,2026-10-03 17:50:35
net_fouls,style,rm_vs_nonelite,medium,5,0.5,3.78229257979683,6.39948325021914,18,0.587561752280627,17.207966019235,0,20261003-175015,4237598ec443fe56d60744856219d211,6c49e2a4c6b741a70851cb47ef9815bc,"season-block cluster, CR1, t(G-1)",team-match (120-minute matches count once),0.05,0.8,10,2026-10-03 17:50:35
net_fouls,style,rm_vs_nonelite,large,10,1,7.56458515959366,6.39948325021914,18,0.285328070988604,17.207966019235,0,20261003-175015,4237598ec443fe56d60744856219d211,6c49e2a4c6b741a70851cb47ef9815bc,"season-block cluster, CR1, t(G-1)",team-match (120-minute matches count once),0.05,0.8,10,2026-10-03 17:50:35
net_fouls,style,rm_vs_other_elite,small,2.5,0.25,1.89114628989842,12.8920041655853,18,0.972443872890378,21.6780975508808,0,20261003-175015,4237598ec443fe56d60744856219d211,6c49e2a4c6b741a70851cb47ef9815bc,"season-block cluster, CR1, t(G-1)",team-match (120-minute matches count once),0.05,0.8,10,2026-10-03 17:50:35
net_fouls,style,rm_vs_other_elite,medium,5,0.5,3.78229257979683,12.8920041655853,18,0.931632239724895,21.6780975508808,0,20261003-175015,4237598ec443fe56d60744856219d211,6c49e2a4c6b741a70851cb47ef9815bc,"season-block cluster, CR1, t(G-1)",team-match (120-minute matches count once),0.05,0.8,10,2026-10-03 17:50:35
net_fouls,style,rm_vs_other_elite,large,10,1,7.56458515959366,12.8920041655853,18,0.712396693682764,21.6780975508808,0,20261003-175015,4237598ec443fe56d60744856219d211,6c49e2a4c6b741a70851cb47ef9815bc,"season-block cluster, CR1, t(G-1)",team-match (120-minute matches count once),0.05,0.8,10,2026-10-03 17:50:35
net_pens,raw,rm_vs_nonelite,small,0.25,0.025,18.216957605985,0.766001670340159,18,0.85117372188682,1.60027345076514,0,20261003-175015,4237598ec443fe56d60744856219d211,6c49e2a4c6b741a70851cb47ef9815bc,"season-block cluster, CR1, t(G-1)",team-match (120-minute matches count once),0.05,0.8,10,2026-10-03 17:50:35
net_pens,raw,rm_vs_nonelite,medium,0.5,0.05,36.4339152119701,0.766001670340159,18,0.706431200121486,1.60027345076514,0,20261003-175015,4237598ec443fe56d60744856219d211,6c49e2a4c6b741a70851cb47ef9815bc,"season-block cluster, CR1, t(G-1)",team-match (120-minute matches count once),0.05,0.8,10,2026-10-03 17:50:35
net_pens,raw,rm_vs_nonelite,large,1,0.1,72.8678304239401,0.766001670340159,18,0.316285480321843,1.60027345076514,0,20261003-175015,4237598ec443fe56d60744856219d211,6c49e2a4c6b741a70851cb47ef9815bc,"season-block cluster, CR1, t(G-1)",team-match (120-minute matches count once),0.05,0.8,10,2026-10-03 17:50:35
net_pens,raw,rm_vs_other_elite,small,0.25,0.025,18.216957605985,-0.341027795440094,18,0.575255617267643,1.16092356711395,0,20261003-175015,4237598ec443fe56d60744856219d211,6c49e2a4c6b741a70851cb47ef9815bc,"season-block cluster, CR1, t(G-1)",team-match (120-minute matches count once),0.05,0.8,10,2026-10-03 17:50:35
net_pens,raw,rm_vs_other_elite,medium,0.5,0.05,36.4339152119701,-0.341027795440094,18,0.370295201542813,1.16092356711395,0,20261003-175015,4237598ec443fe56d60744856219d211,6c49e2a4c6b741a70851cb47ef9815bc,"season-block cluster, CR1, t(G-1)",team-match (120-minute matches count once),0.05,0.8,10,2026-10-03 17:50:35
net_pens,raw,rm_vs_other_elite,large,1,0.1,72.8678304239401,-0.341027795440094,18,0.0901872228945474,1.16092356711395,0,20261003-175015,4237598ec443fe56d60744856219d211,6c49e2a4c6b741a70851cb47ef9815bc,"season-block cluster, CR1, t(G-1)",team-match (120-minute matches count once),0.05,0.8,10,2026-10-03 17:50:35
net_pens,prematch,rm_vs_nonelite,small,0.25,0.025,18.216957605985,-0.0134427131062856,18,0.342853431234685,1.01077675547723,0,20261003-175015,4237598ec443fe56d60744856219d211,6c49e2a4c6b741a70851cb47ef9815bc,"season-block cluster, CR1, t(G-1)",team-match (120-minute matches count once),0.05,0.8,10,2026-10-03 17:50:35
net_pens,prematch,rm_vs_nonelite,medium,0.5,0.05,36.4339152119701,-0.0134427131062856,18,0.204335881774138,1.01077675547723,0,20261003-175015,4237598ec443fe56d60744856219d211,6c49e2a4c6b741a70851cb47ef9815bc,"season-block cluster, CR1, t(G-1)",team-match (120-minute matches count once),0.05,0.8,10,2026-10-03 17:50:35
net_pens,prematch,rm_vs_nonelite,large,1,0.1,72.8678304239401,-0.0134427131062856,18,0.0517242860032745,1.01077675547723,0,20261003-175015,4237598ec443fe56d60744856219d211,6c49e2a4c6b741a70851cb47ef9815bc,"season-block cluster, CR1, t(G-1)",team-match (120-minute matches count once),0.05,0.8,10,2026-10-03 17:50:35
net_pens,prematch,rm_vs_other_elite,small,0.25,0.025,18.216957605985,-0.50918123019064,18,0.714805633434155,1.28667928353868,0,20261003-175015,4237598ec443fe56d60744856219d211,6c49e2a4c6b741a70851cb47ef9815bc,"season-block cluster, CR1, t(G-1)",team-match (120-minute matches count once),0.05,0.8,10,2026-10-03 17:50:35
net_pens,prematch,rm_vs_other_elite,medium,0.5,0.05,36.4339152119701,-0.50918123019064,18,0.50805593295839,1.28667928353868,0,20261003-175015,4237598ec443fe56d60744856219d211,6c49e2a4c6b741a70851cb47ef9815bc,"season-block cluster, CR1, t(G-1)",team-match (120-minute matches count once),0.05,0.8,10,2026-10-03 17:50:35
net_pens,prematch,rm_vs_other_elite,large,1,0.1,72.8678304239401,-0.50918123019064,18,0.144044822339879,1.28667928353868,0,20261003-175015,4237598ec443fe56d60744856219d211,6c49e2a4c6b741a70851cb47ef9815bc,"season-block cluster, CR1, t(G-1)",team-match (120-minute matches count once),0.05,0.8,10,2026-10-03 17:50:35
net_pens,style,rm_vs_nonelite,small,0.25,0.025,18.216957605985,-0.228955200580759,18,0.485629551322251,1.22784783818499,0,20261003-175015,4237598ec443fe56d60744856219d211,6c49e2a4c6b741a70851cb47ef9815bc,"season-block cluster, CR1, t(G-1)",team-match (120-minute matches count once),0.05,0.8,10,2026-10-03 17:50:35
net_pens,style,rm_vs_nonelite,medium,0.5,0.05,36.4339152119701,-0.228955200580759,18,0.321813892388253,1.22784783818499,0,20261003-175015,4237598ec443fe56d60744856219d211,6c49e2a4c6b741a70851cb47ef9815bc,"season-block cluster, CR1, t(G-1)",team-match (120-minute matches count once),0.05,0.8,10,2026-10-03 17:50:35
net_pens,style,rm_vs_nonelite,large,1,0.1,72.8678304239401,-0.228955200580759,18,0.0986942570813292,1.22784783818499,0,20261003-175015,4237598ec443fe56d60744856219d211,6c49e2a4c6b741a70851cb47ef9815bc,"season-block cluster, CR1, t(G-1)",team-match (120-minute matches count once),0.05,0.8,10,2026-10-03 17:50:35
net_pens,style,rm_vs_other_elite,small,0.25,0.025,18.216957605985,-0.643007461749319,18,0.797521689858117,1.44210703731204,0,20261003-175015,4237598ec443fe56d60744856219d211,6c49e2a4c6b741a70851cb47ef9815bc,"season-block cluster, CR1, t(G-1)",team-match (120-minute matches count once),0.05,0.8,10,2026-10-03 17:50:35
net_pens,style,rm_vs_other_elite,medium,0.5,0.05,36.4339152119701,-0.643007461749319,18,0.620062496169309,1.44210703731204,0,20261003-175015,4237598ec443fe56d60744856219d211,6c49e2a4c6b741a70851cb47ef9815bc,"season-block cluster, CR1, t(G-1)",team-match (120-minute matches count once),0.05,0.8,10,2026-10-03 17:50:35
net_pens,style,rm_vs_other_elite,large,1,0.1,72.8678304239401,-0.643007461749319,18,0.224292571060583,1.44210703731204,0,20261003-175015,4237598ec443fe56d60744856219d211,6c49e2a4c6b741a70851cb47ef9815bc,"season-block cluster, CR1, t(G-1)",team-match (120-minute matches count once),0.05,0.8,10,2026-10-03 17:50:35
net_red,raw,rm_vs_nonelite,small,0.1,0.01,10.2587412587412,0.460560464781774,18,0.819319503323924,1.12811750491158,0,20261003-175015,4237598ec443fe56d60744856219d211,6c49e2a4c6b741a70851cb47ef9815bc,"season-block cluster, CR1, t(G-1)",team-match (120-minute matches count once),0.05,0.8,10,2026-10-03 17:50:35
net_red,raw,rm_vs_nonelite,medium,0.25,0.025,25.646853146853,0.460560464781774,18,0.704437427913678,1.12811750491158,0,20261003-175015,4237598ec443fe56d60744856219d211,6c49e2a4c6b741a70851cb47ef9815bc,"season-block cluster, CR1, t(G-1)",team-match (120-minute matches count once),0.05,0.8,10,2026-10-03 17:50:35
net_red,raw,rm_vs_nonelite,large,0.5,0.05,51.293706293706,0.460560464781774,18,0.459766433425357,1.12811750491158,0,20261003-175015,4237598ec443fe56d60744856219d211,6c49e2a4c6b741a70851cb47ef9815bc,"season-block cluster, CR1, t(G-1)",team-match (120-minute matches count once),0.05,0.8,10,2026-10-03 17:50:35
net_red,raw,rm_vs_other_elite,small,0.1,0.01,10.2587412587412,0.394136414844798,18,0.780961434142649,1.03728689389127,0,20261003-175015,4237598ec443fe56d60744856219d211,6c49e2a4c6b741a70851cb47ef9815bc,"season-block cluster, CR1, t(G-1)",team-match (120-minute matches count once),0.05,0.8,10,2026-10-03 17:50:35
net_red,raw,rm_vs_other_elite,medium,0.25,0.025,25.646853146853,0.394136414844798,18,0.64894246854294,1.03728689389127,0,20261003-175015,4237598ec443fe56d60744856219d211,6c49e2a4c6b741a70851cb47ef9815bc,"season-block cluster, CR1, t(G-1)",team-match (120-minute matches count once),0.05,0.8,10,2026-10-03 17:50:35
net_red,raw,rm_vs_other_elite,large,0.5,0.05,51.293706293706,0.394136414844798,18,0.389286753131008,1.03728689389127,0,20261003-175015,4237598ec443fe56d60744856219d211,6c49e2a4c6b741a70851cb47ef9815bc,"season-block cluster, CR1, t(G-1)",team-match (120-minute matches count once),0.05,0.8,10,2026-10-03 17:50:35
net_red,prematch,rm_vs_nonelite,small,0.1,0.01,10.2587412587412,0.427376306789713,18,0.738222838282738,1.30000806913041,0,20261003-175015,4237598ec443fe56d60744856219d211,6c49e2a4c6b741a70851cb47ef9815bc,"season-block cluster, CR1, t(G-1)",team-match (120-minute matches count once),0.05,0.8,10,2026-10-03 17:50:35
net_red,prematch,rm_vs_nonelite,medium,0.25,0.025,25.646853146853,0.427376306789713,18,0.635712643804013,1.30000806913041,0,20261003-175015,4237598ec443fe56d60744856219d211,6c49e2a4c6b741a70851cb47ef9815bc,"season-block cluster, CR1, t(G-1)",team-match (120-minute matches count once),0.05,0.8,10,2026-10-03 17:50:35
net_red,prematch,rm_vs_nonelite,large,0.5,0.05,51.293706293706,0.427376306789713,18,0.443427514987582,1.30000806913041,0,20261003-175015,4237598ec443fe56d60744856219d211,6c49e2a4c6b741a70851cb47ef9815bc,"season-block cluster, CR1, t(G-1)",team-match (120-minute matches count once),0.05,0.8,10,2026-10-03 17:50:35
net_red,prematch,rm_vs_other_elite,small,0.1,0.01,10.2587412587412,0.462571351813766,18,0.808495790786696,1.16567103631044,0,20261003-175015,4237598ec443fe56d60744856219d211,6c49e2a4c6b741a70851cb47ef9815bc,"season-block cluster, CR1, t(G-1)",team-match (120-minute matches count once),0.05,0.8,10,2026-10-03 17:50:35
net_red,prematch,rm_vs_other_elite,medium,0.25,0.025,25.646853146853,0.462571351813766,18,0.696755488454871,1.16567103631044,0,20261003-175015,4237598ec443fe56d60744856219d211,6c49e2a4c6b741a70851cb47ef9815bc,"season-block cluster, CR1, t(G-1)",team-match (120-minute matches count once),0.05,0.8,10,2026-10-03 17:50:35
net_red,prematch,rm_vs_other_elite,large,0.5,0.05,51.293706293706,0.462571351813766,18,0.463735392775818,1.16567103631044,0,20261003-175015,4237598ec443fe56d60744856219d211,6c49e2a4c6b741a70851cb47ef9815bc,"season-block cluster, CR1, t(G-1)",team-match (120-minute matches count once),0.05,0.8,10,2026-10-03 17:50:35
net_red,style,rm_vs_nonelite,small,0.1,0.01,10.2587412587412,0.220624378013412,18,0.596326483984218,1.06586730001427,0,20261003-175015,4237598ec443fe56d60744856219d211,6c49e2a4c6b741a70851cb47ef9815bc,"season-block cluster, CR1, t(G-1)",team-match (120-minute matches count once),0.05,0.8,10,2026-10-03 17:50:35
net_red,style,rm_vs_nonelite,medium,0.25,0.025,25.646853146853,0.220624378013412,18,0.476304033131085,1.06586730001427,0,20261003-175015,4237598ec443fe56d60744856219d211,6c49e2a4c6b741a70851cb47ef9815bc,"season-block cluster, CR1, t(G-1)",team-match (120-minute matches count once),0.05,0.8,10,2026-10-03 17:50:35
net_red,style,rm_vs_nonelite,large,0.5,0.05,51.293706293706,0.220624378013412,18,0.286815609335484,1.06586730001427,0,20261003-175015,4237598ec443fe56d60744856219d211,6c49e2a4c6b741a70851cb47ef9815bc,"season-block cluster, CR1, t(G-1)",team-match (120-minute matches count once),0.05,0.8,10,2026-10-03 17:50:35
net_red,style,rm_vs_other_elite,small,0.1,0.01,10.2587412587412,0.395282952318671,18,0.771481971131366,1.06893057931552,0,20261003-175015,4237598ec443fe56d60744856219d211,6c49e2a4c6b741a70851cb47ef9815bc,"season-block cluster, CR1, t(G-1)",team-match (120-minute matches count once),0.05,0.8,10,2026-10-03 17:50:35
net_red,style,rm_vs_other_elite,medium,0.25,0.025,25.646853146853,0.395282952318671,18,0.643605530016094,1.06893057931552,0,20261003-175015,4237598ec443fe56d60744856219d211,6c49e2a4c6b741a70851cb47ef9815bc,"season-block cluster, CR1, t(G-1)",team-match (120-minute matches count once),0.05,0.8,10,2026-10-03 17:50:35
net_red,style,rm_vs_other_elite,large,0.5,0.05,51.293706293706,0.395282952318671,18,0.39528369526381,1.06893057931552,0,20261003-175015,4237598ec443fe56d60744856219d211,6c49e2a4c6b741a70851cb47ef9815bc,"season-block cluster, CR1, t(G-1)",team-match (120-minute matches count once),0.05,0.8,10,2026-10-03 17:50:35
net_yellow_fouls,raw,rm_vs_nonelite,small,0.5,0.05,2.52931034482758,0.648186785289302,18,0.554885535526535,2.48389357320254,0,20261003-175015,4237598ec443fe56d60744856219d211,6c49e2a4c6b741a70851cb47ef9815bc,"season-block cluster, CR1, t(G-1)",team-match (120-minute matches count once),0.05,0.8,10,2026-10-03 17:50:35
net_yellow_fouls,raw,rm_vs_nonelite,medium,1,0.1,5.05862068965517,0.648186785289302,18,0.371738238325042,2.48389357320254,0,20261003-175015,4237598ec443fe56d60744856219d211,6c49e2a4c6b741a70851cb47ef9815bc,"season-block cluster, CR1, t(G-1)",team-match (120-minute matches count once),0.05,0.8,10,2026-10-03 17:50:35
net_yellow_fouls,raw,rm_vs_nonelite,large,2,0.2,10.1172413793103,0.648186785289302,18,0.108921483066937,2.48389357320254,0,20261003-175015,4237598ec443fe56d60744856219d211,6c49e2a4c6b741a70851cb47ef9815bc,"season-block cluster, CR1, t(G-1)",team-match (120-minute matches count once),0.05,0.8,10,2026-10-03 17:50:35
net_yellow_fouls,raw,rm_vs_other_elite,small,0.5,0.05,2.52931034482758,-2.10556337047076,18,0.955652841308243,3.65257582737094,0,20261003-175015,4237598ec443fe56d60744856219d211,6c49e2a4c6b741a70851cb47ef9815bc,"season-block cluster, CR1, t(G-1)",team-match (120-minute matches count once),0.05,0.8,10,2026-10-03 17:50:35
net_yellow_fouls,raw,rm_vs_other_elite,medium,1,0.1,5.05862068965517,-2.10556337047076,18,0.884413503229517,3.65257582737094,0,20261003-175015,4237598ec443fe56d60744856219d211,6c49e2a4c6b741a70851cb47ef9815bc,"season-block cluster, CR1, t(G-1)",team-match (120-minute matches count once),0.05,0.8,10,2026-10-03 17:50:35
net_yellow_fouls,raw,rm_vs_other_elite,large,2,0.2,10.1172413793103,-2.10556337047076,18,0.546440544264712,3.65257582737094,0,20261003-175015,4237598ec443fe56d60744856219d211,6c49e2a4c6b741a70851cb47ef9815bc,"season-block cluster, CR1, t(G-1)",team-match (120-minute matches count once),0.05,0.8,10,2026-10-03 17:50:35
net_yellow_fouls,prematch,rm_vs_nonelite,small,0.5,0.05,2.52931034482758,-2.51325428115239,18,0.94919251493651,4.53682810945622,0,20261003-175015,4237598ec443fe56d60744856219d211,6c49e2a4c6b741a70851cb47ef9815bc,"season-block cluster, CR1, t(G-1)",team-match (120-minute matches count once),0.05,0.8,10,2026-10-03 17:50:35
net_yellow_fouls,prematch,rm_vs_nonelite,medium,1,0.1,5.05862068965517,-2.51325428115239,18,0.894453341395242,4.53682810945622,0,20261003-175015,4237598ec443fe56d60744856219d211,6c49e2a4c6b741a70851cb47ef9815bc,"season-block cluster, CR1, t(G-1)",team-match (120-minute matches count once),0.05,0.8,10,2026-10-03 17:50:35
net_yellow_fouls,prematch,rm_vs_nonelite,large,2,0.2,10.1172413793103,-2.51325428115239,18,0.667349886710311,4.53682810945622,0,20261003-175015,4237598ec443fe56d60744856219d211,6c49e2a4c6b741a70851cb47ef9815bc,"season-block cluster, CR1, t(G-1)",team-match (120-minute matches count once),0.05,0.8,10,2026-10-03 17:50:35
net_yellow_fouls,prematch,rm_vs_other_elite,small,0.5,0.05,2.52931034482758,-2.72900281939883,18,0.990679393660302,4.22370294629844,0,20261003-175015,4237598ec443fe56d60744856219d211,6c49e2a4c6b741a70851cb47ef9815bc,"season-block cluster, CR1, t(G-1)",team-match (120-minute matches count once),0.05,0.8,10,2026-10-03 17:50:35
net_yellow_fouls,prematch,rm_vs_other_elite,medium,1,0.1,5.05862068965517,-2.72900281939883,18,0.96993180259046,4.22370294629844,0,20261003-175015,4237598ec443fe56d60744856219d211,6c49e2a4c6b741a70851cb47ef9815bc,"season-block cluster, CR1, t(G-1)",team-match (120-minute matches count once),0.05,0.8,10,2026-10-03 17:50:35
net_yellow_fouls,prematch,rm_vs_other_elite,large,2,0.2,10.1172413793103,-2.72900281939883,18,0.795601572466138,4.22370294629844,0,20261003-175015,4237598ec443fe56d60744856219d211,6c49e2a4c6b741a70851cb47ef9815bc,"season-block cluster, CR1, t(G-1)",team-match (120-minute matches count once),0.05,0.8,10,2026-10-03 17:50:35
net_yellow_fouls,style,rm_vs_nonelite,small,0.5,0.05,2.52931034482758,-2.98232893128646,18,0.976382661909119,5.00333790505326,0,20261003-175015,4237598ec443fe56d60744856219d211,6c49e2a4c6b741a70851cb47ef9815bc,"season-block cluster, CR1, t(G-1)",team-match (120-minute matches count once),0.05,0.8,10,2026-10-03 17:50:35
net_yellow_fouls,style,rm_vs_nonelite,medium,1,0.1,5.05862068965517,-2.98232893128646,18,0.946911129457158,5.00333790505326,0,20261003-175015,4237598ec443fe56d60744856219d211,6c49e2a4c6b741a70851cb47ef9815bc,"season-block cluster, CR1, t(G-1)",team-match (120-minute matches count once),0.05,0.8,10,2026-10-03 17:50:35
net_yellow_fouls,style,rm_vs_nonelite,large,2,0.2,10.1172413793103,-2.98232893128646,18,0.7948154268624,5.00333790505326,0,20261003-175015,4237598ec443fe56d60744856219d211,6c49e2a4c6b741a70851cb47ef9815bc,"season-block cluster, CR1, t(G-1)",team-match (120-minute matches count once),0.05,0.8,10,2026-10-03 17:50:35
net_yellow_fouls,style,rm_vs_other_elite,small,0.5,0.05,2.52931034482758,-3.07289781517178,18,0.996886113630791,4.51377329365007,0,20261003-175015,4237598ec443fe56d60744856219d211,6c49e2a4c6b741a70851cb47ef9815bc,"season-block cluster, CR1, t(G-1)",team-match (120-minute matches count once),0.05,0.8,10,2026-10-03 17:50:35
net_yellow_fouls,style,rm_vs_other_elite,medium,1,0.1,5.05862068965517,-3.07289781517178,18,0.988722218845437,4.51377329365007,0,20261003-175015,4237598ec443fe56d60744856219d211,6c49e2a4c6b741a70851cb47ef9815bc,"season-block cluster, CR1, t(G-1)",team-match (120-minute matches count once),0.05,0.8,10,2026-10-03 17:50:35
net_yellow_fouls,style,rm_vs_other_elite,large,2,0.2,10.1172413793103,-3.07289781517178,18,0.893516242040138,4.51377329365007,0,20261003-175015,4237598ec443fe56d60744856219d211,6c49e2a4c6b741a70851cb47ef9815bc,"season-block cluster, CR1, t(G-1)",team-match (120-minute matches count once),0.05,0.8,10,2026-10-03 17:50:35
