outcome,spec,split,cell,contrast,estimate,se,df,p_value,ci95_low,ci95_high,estimate_per10,ci95_low_per10,ci95_high_per10,mde_per10,n_rm_matches_cell,n_rm_seasons_cell,n_rm_extra_time_cell,n_rows,n_seasons,diff_second_minus_first,diff_se,diff_df,diff_p_value,run_id,input_md5,script_md5,inference_primary,unit,alpha,power,per_games,generated
net_yellow,style,stage,Group/league phase,rm_vs_nonelite,-0.330629580429114,0.199535508510556,18,0.114847025643198,-0.749838128069644,0.0885789672114151,-3.30629580429114,-7.49838128069644,0.885789672114151,5.91164810923988,118,19,0,4974,20,0.198802757060207,0.225741223779324,18,0.390105802086206,20261003-175015,4237598ec443fe56d60744856219d211,6c49e2a4c6b741a70851cb47ef9815bc,"season-block cluster, CR1, t(G-1)",team-match (120-minute matches count once),0.05,0.8,10,2026-10-03 17:50:35
net_yellow,style,stage,Knockout,rm_vs_nonelite,-0.131826823368907,0.181817442785746,18,0.477741693214209,-0.513811096217746,0.250157449479931,-1.31826823368907,-5.13811096217746,2.50157449479931,5.38671412368855,100,19,8,4974,20,0.198802757060207,0.225741223779324,18,0.390105802086206,20261003-175015,4237598ec443fe56d60744856219d211,6c49e2a4c6b741a70851cb47ef9815bc,"season-block cluster, CR1, t(G-1)",team-match (120-minute matches count once),0.05,0.8,10,2026-10-03 17:50:35
net_yellow,style,var_era,Before VAR,rm_vs_nonelite,-0.125811842316901,0.185295801323891,11,0.511184729383094,-0.533645151258075,0.282021466624272,-1.25811842316901,-5.33645151258075,2.82021466624272,5.70417636077288,130,12,4,4974,20,-0.267062973162774,0.267356520554871,7,0.351112500030047,20261003-175015,4237598ec443fe56d60744856219d211,6c49e2a4c6b741a70851cb47ef9815bc,"season-block cluster, CR1, t(G-1)",team-match (120-minute matches count once),0.05,0.8,10,2026-10-03 17:50:35
net_yellow,style,var_era,VAR: 2018/19 knockouts onward,rm_vs_nonelite,-0.392874815479675,0.224569587829007,7,0.123690998203494,-0.923897509030341,0.138147878070991,-3.92874815479675,-9.23897509030341,1.38147878070991,7.34291921057775,88,8,4,4974,20,-0.267062973162774,0.267356520554871,7,0.351112500030047,20261003-175015,4237598ec443fe56d60744856219d211,6c49e2a4c6b741a70851cb47ef9815bc,"season-block cluster, CR1, t(G-1)",team-match (120-minute matches count once),0.05,0.8,10,2026-10-03 17:50:35
net_fouls,style,stage,Group/league phase,rm_vs_nonelite,0.540131136334105,0.688760609788347,18,0.443116827491438,-0.906901209220092,1.9871634818883,5.40131136334105,-9.06901209220092,19.871634818883,20.4059437188283,118,19,0,4974,20,0.217419301041767,0.944436566233102,18,0.820524142812749,20261003-175015,4237598ec443fe56d60744856219d211,6c49e2a4c6b741a70851cb47ef9815bc,"season-block cluster, CR1, t(G-1)",team-match (120-minute matches count once),0.05,0.8,10,2026-10-03 17:50:35
net_fouls,style,stage,Knockout,rm_vs_nonelite,0.757550437375872,0.877016763488588,18,0.399072511568459,-1.08499341069816,2.60009428544991,7.57550437375872,-10.8499341069816,26.0009428544991,25.9834178405129,100,19,8,4974,20,0.217419301041767,0.944436566233102,18,0.820524142812749,20261003-175015,4237598ec443fe56d60744856219d211,6c49e2a4c6b741a70851cb47ef9815bc,"season-block cluster, CR1, t(G-1)",team-match (120-minute matches count once),0.05,0.8,10,2026-10-03 17:50:35
net_fouls,style,var_era,Before VAR,rm_vs_nonelite,1.0915372428008,0.699434036874028,11,0.146908453576023,-0.447906692821922,2.63098117842353,10.915372428008,-4.47906692821922,26.3098117842353,21.5314921900627,130,12,4,4974,20,-1.06213506507258,0.98268321698454,7,0.315588004745235,20261003-175015,4237598ec443fe56d60744856219d211,6c49e2a4c6b741a70851cb47ef9815bc,"season-block cluster, CR1, t(G-1)",team-match (120-minute matches count once),0.05,0.8,10,2026-10-03 17:50:35
net_fouls,style,var_era,VAR: 2018/19 knockouts onward,rm_vs_nonelite,0.0294021777282263,0.880882102730743,7,0.974304880347907,-2.05355300518293,2.11235736063939,0.294021777282263,-20.5355300518293,21.1235736063939,28.8028587349093,88,8,4,4974,20,-1.06213506507258,0.98268321698454,7,0.315588004745235,20261003-175015,4237598ec443fe56d60744856219d211,6c49e2a4c6b741a70851cb47ef9815bc,"season-block cluster, CR1, t(G-1)",team-match (120-minute matches count once),0.05,0.8,10,2026-10-03 17:50:35
net_pens,style,stage,Group/league phase,rm_vs_nonelite,-0.0332421786218231,0.0572168007439074,18,0.568453712952427,-0.153450216376778,0.0869658591331319,-0.332421786218231,-1.53450216376778,0.869658591331319,1.69516490803732,118,19,0,4956,20,0.0225358510260498,0.0614229175238242,18,0.717973938513654,20261003-175015,4237598ec443fe56d60744856219d211,6c49e2a4c6b741a70851cb47ef9815bc,"season-block cluster, CR1, t(G-1)",team-match (120-minute matches count once),0.05,0.8,10,2026-10-03 17:50:35
net_pens,style,stage,Knockout,rm_vs_nonelite,-0.0107063275957733,0.0734892343520867,18,0.885788597034914,-0.165101479766511,0.143688824574964,-0.107063275957733,-1.65101479766511,1.43688824574964,2.17726908132753,100,19,8,4956,20,0.0225358510260498,0.0614229175238242,18,0.717973938513654,20261003-175015,4237598ec443fe56d60744856219d211,6c49e2a4c6b741a70851cb47ef9815bc,"season-block cluster, CR1, t(G-1)",team-match (120-minute matches count once),0.05,0.8,10,2026-10-03 17:50:35
net_pens,style,var_era,Before VAR,rm_vs_nonelite,-0.0758714088404857,0.0746799845190285,11,0.331476851744995,-0.240240946522741,0.0884981288417694,-0.758714088404857,-2.40240946522741,0.884981288417694,2.29896090074763,130,12,4,4956,20,0.12457619282061,0.0870963053146868,7,0.19570548677931,20261003-175015,4237598ec443fe56d60744856219d211,6c49e2a4c6b741a70851cb47ef9815bc,"season-block cluster, CR1, t(G-1)",team-match (120-minute matches count once),0.05,0.8,10,2026-10-03 17:50:35
net_pens,style,var_era,VAR: 2018/19 knockouts onward,rm_vs_nonelite,0.048704783980124,0.0636209928294197,7,0.468967509375709,-0.101734958574732,0.19914452653498,0.48704783980124,-1.01734958574732,1.9914452653498,2.08026302652737,88,8,4,4956,20,0.12457619282061,0.0870963053146868,7,0.19570548677931,20261003-175015,4237598ec443fe56d60744856219d211,6c49e2a4c6b741a70851cb47ef9815bc,"season-block cluster, CR1, t(G-1)",team-match (120-minute matches count once),0.05,0.8,10,2026-10-03 17:50:35
net_red,style,stage,Group/league phase,rm_vs_nonelite,0.00631924486607222,0.0602197629555335,18,0.917586776136879,-0.120197782385299,0.132836272117443,0.0631924486607221,-1.20197782385299,1.32836272117443,1.78413381393779,118,19,0,4974,20,0.0342914286589365,0.0703954463415445,18,0.63204848704034,20261003-175015,4237598ec443fe56d60744856219d211,6c49e2a4c6b741a70851cb47ef9815bc,"season-block cluster, CR1, t(G-1)",team-match (120-minute matches count once),0.05,0.8,10,2026-10-03 17:50:35
net_red,style,stage,Knockout,rm_vs_nonelite,0.0406106735250087,0.0596931306804689,18,0.5049565526336,-0.0847999403725769,0.166021287422594,0.406106735250087,-0.847999403725769,1.66021287422594,1.76853125419095,100,19,8,4974,20,0.0342914286589365,0.0703954463415445,18,0.63204848704034,20261003-175015,4237598ec443fe56d60744856219d211,6c49e2a4c6b741a70851cb47ef9815bc,"season-block cluster, CR1, t(G-1)",team-match (120-minute matches count once),0.05,0.8,10,2026-10-03 17:50:35
net_red,style,var_era,Before VAR,rm_vs_nonelite,0.0602187915810965,0.0480265718101032,11,0.235883938955857,-0.0454869802630161,0.165924563425209,0.602187915810965,-0.454869802630161,1.65924563425209,1.47845786926004,130,12,4,4974,20,-0.0897435692218734,0.0783467416348878,7,0.28966313265389,20261003-175015,4237598ec443fe56d60744856219d211,6c49e2a4c6b741a70851cb47ef9815bc,"season-block cluster, CR1, t(G-1)",team-match (120-minute matches count once),0.05,0.8,10,2026-10-03 17:50:35
net_red,style,var_era,VAR: 2018/19 knockouts onward,rm_vs_nonelite,-0.029524777640777,0.0753811882682146,7,0.706949958922473,-0.207772963533679,0.148723408252125,-0.29524777640777,-2.07772963533679,1.48723408252125,2.46479490300491,88,8,4,4974,20,-0.0897435692218734,0.0783467416348878,7,0.28966313265389,20261003-175015,4237598ec443fe56d60744856219d211,6c49e2a4c6b741a70851cb47ef9815bc,"season-block cluster, CR1, t(G-1)",team-match (120-minute matches count once),0.05,0.8,10,2026-10-03 17:50:35
net_yellow_fouls,style,stage,Group/league phase,rm_vs_nonelite,-0.381828839421807,0.164409932263298,18,0.0321339821896265,-0.727241289748305,-0.0364163890953085,-3.81828839421807,-7.27241289748305,-0.364163890953085,4.87098097205673,118,19,0,4974,20,0.182031797789796,0.220639786852315,18,0.420161090128845,20261003-175015,4237598ec443fe56d60744856219d211,6c49e2a4c6b741a70851cb47ef9815bc,"season-block cluster, CR1, t(G-1)",team-match (120-minute matches count once),0.05,0.8,10,2026-10-03 17:50:35
net_yellow_fouls,style,stage,Knockout,rm_vs_nonelite,-0.199797041632011,0.155051178857795,18,0.213858479884946,-0.525547480659707,0.125953397395684,-1.99797041632011,-5.25547480659707,1.25953397395684,4.59370873471177,100,19,8,4974,20,0.182031797789796,0.220639786852315,18,0.420161090128845,20261003-175015,4237598ec443fe56d60744856219d211,6c49e2a4c6b741a70851cb47ef9815bc,"season-block cluster, CR1, t(G-1)",team-match (120-minute matches count once),0.05,0.8,10,2026-10-03 17:50:35
net_yellow_fouls,style,var_era,Before VAR,rm_vs_nonelite,-0.223211444725692,0.144515366863249,11,0.150721104501744,-0.541287622596901,0.0948647331455173,-2.23211444725692,-5.41287622596901,0.948647331455173,4.44878477299569,130,12,4,4974,20,-0.17640708864399,0.205562404848709,7,0.419210724602481,20261003-175015,4237598ec443fe56d60744856219d211,6c49e2a4c6b741a70851cb47ef9815bc,"season-block cluster, CR1, t(G-1)",team-match (120-minute matches count once),0.05,0.8,10,2026-10-03 17:50:35
net_yellow_fouls,style,var_era,VAR: 2018/19 knockouts onward,rm_vs_nonelite,-0.399618533369681,0.166694924846563,7,0.0476544972994656,-0.7937893952793,-0.00544767146006286,-3.99618533369681,-7.937893952793,-0.0544767146006286,5.4505482144521,88,8,4,4974,20,-0.17640708864399,0.205562404848709,7,0.419210724602481,20261003-175015,4237598ec443fe56d60744856219d211,6c49e2a4c6b741a70851cb47ef9815bc,"season-block cluster, CR1, t(G-1)",team-match (120-minute matches count once),0.05,0.8,10,2026-10-03 17:50:35
