outcome,spec,season_start,season,n_rm_matches,raw_estimate,raw_se,raw_df,raw_ci95_low,raw_ci95_high,shrunk_estimate,shrunk_sd,shrink_weight_to_mean,shrunk_estimate_tau_high,shrunk_sd_tau_high,re_mean,re_mean_se,tau2_reml,tau2_dl,tau2_ci_low,tau2_ci_high,tau_reml,tau_ci_high,het_Q,het_Q_df,het_Q_p,het_I2,n_seasons,pooled_estimate,pooled_ci95_low,pooled_ci95_high,raw_estimate_per10,raw_ci95_low_per10,raw_ci95_high_per10,shrunk_estimate_per10,shrunk_ci95_low_per10,shrunk_ci95_high_per10,tau_per10,tau_ci_high_per10,run_id,input_md5,script_md5,inference_primary,unit,alpha,power,per_games,generated
net_yellow,style,2007,2007/08,8,0.0742942247188385,0.577074787481148,7,-1.29027081274184,1.43885926217951,-0.10254216067798,0.336718183139256,0.77511778084137,-0.0369799136406271,0.45321145236375,-0.185918899068608,0.152835277967938,0.141890806844255,0.136945952893324,0,0.474059468190867,0.376683961490604,0.688519766013197,31.4194418119849,18,0.0257304431976642,0.427106308644416,19,-0.2393592460304,-0.565580138217121,0.0868616461563202,0.742942247188385,-12.9027081274184,14.3885926217951,-1.0254216067798,-7.62497672570683,5.57413351214724,3.76683961490604,6.88519766013197,20261003-175015,4237598ec443fe56d60744856219d211,6c49e2a4c6b741a70851cb47ef9815bc,"Raw: match-cluster t(n_RM-1); EB: correlated normal model, conditional on estimated REML heterogeneity",team-match (120-minute matches count once),0.05,0.8,10,2026-10-03 17:50:35
net_yellow,style,2008,2008/09,8,0.617169539769564,0.303570681794753,7,-0.100661056474864,1.33500013601399,0.314263422607211,0.248416057519603,0.518481698795697,0.490037719184636,0.282000284641638,-0.185918899068608,0.152835277967938,0.141890806844255,0.136945952893324,0,0.474059468190867,0.376683961490604,0.688519766013197,31.4194418119849,18,0.0257304431976642,0.427106308644416,19,-0.2393592460304,-0.565580138217121,0.0868616461563202,6.17169539769564,-1.00661056474864,13.3500013601399,3.14263422607211,-1.72623103312641,8.01149948527062,3.76683961490604,6.88519766013197,20261003-175015,4237598ec443fe56d60744856219d211,6c49e2a4c6b741a70851cb47ef9815bc,"Raw: match-cluster t(n_RM-1); EB: correlated normal model, conditional on estimated REML heterogeneity",team-match (120-minute matches count once),0.05,0.8,10,2026-10-03 17:50:35
net_yellow,style,2009,2009/10,8,-1.07364435906118,0.632832602272856,7,-2.57005567759415,0.422766959471789,-0.419867165331487,0.345709114282973,0.79731074076854,-0.681211657484948,0.477840696645627,-0.185918899068608,0.152835277967938,0.141890806844255,0.136945952893324,0,0.474059468190867,0.376683961490604,0.688519766013197,31.4194418119849,18,0.0257304431976642,0.427106308644416,19,-0.2393592460304,-0.565580138217121,0.0868616461563202,-10.7364435906118,-25.7005567759415,4.22766959471789,-4.19867165331487,-10.9744457845336,2.57710247790381,3.76683961490604,6.88519766013197,20261003-175015,4237598ec443fe56d60744856219d211,6c49e2a4c6b741a70851cb47ef9815bc,"Raw: match-cluster t(n_RM-1); EB: correlated normal model, conditional on estimated REML heterogeneity",team-match (120-minute matches count once),0.05,0.8,10,2026-10-03 17:50:35
net_yellow,style,2010,2010/11,12,-0.686979468147316,0.380523743564387,11,-1.52450658079505,0.150547644500415,-0.438100609903768,0.284624947783446,0.652849150182617,-0.577555088716489,0.34000618265859,-0.185918899068608,0.152835277967938,0.141890806844255,0.136945952893324,0,0.474059468190867,0.376683961490604,0.688519766013197,31.4194418119849,18,0.0257304431976642,0.427106308644416,19,-0.2393592460304,-0.565580138217121,0.0868616461563202,-6.86979468147316,-15.2450658079505,1.50547644500415,-4.38100609903768,-9.95955256660916,1.1975403685338,3.76683961490604,6.88519766013197,20261003-175015,4237598ec443fe56d60744856219d211,6c49e2a4c6b741a70851cb47ef9815bc,"Raw: match-cluster t(n_RM-1); EB: correlated normal model, conditional on estimated REML heterogeneity",team-match (120-minute matches count once),0.05,0.8,10,2026-10-03 17:50:35
net_yellow,style,2011,2011/12,12,-0.49054311749953,0.464523174937131,11,-1.51295173205481,0.531865497055748,-0.303965889186917,0.311765184331327,0.715208337216289,-0.401227092348974,0.393776527844035,-0.185918899068608,0.152835277967938,0.141890806844255,0.136945952893324,0,0.474059468190867,0.376683961490604,0.688519766013197,31.4194418119849,18,0.0257304431976642,0.427106308644416,19,-0.2393592460304,-0.565580138217121,0.0868616461563202,-4.9054311749953,-15.1295173205481,5.31865497055748,-3.03965889186917,-9.15014422109808,3.07082643735975,3.76683961490604,6.88519766013197,20261003-175015,4237598ec443fe56d60744856219d211,6c49e2a4c6b741a70851cb47ef9815bc,"Raw: match-cluster t(n_RM-1); EB: correlated normal model, conditional on estimated REML heterogeneity",team-match (120-minute matches count once),0.05,0.8,10,2026-10-03 17:50:35
net_yellow,style,2012,2012/13,12,0.186712921610768,0.584653282480212,11,-1.10010027692704,1.47352612014858,-0.0675606791810103,0.337675234592383,0.770733953603703,0.0290226693521584,0.456440403979529,-0.185918899068608,0.152835277967938,0.141890806844255,0.136945952893324,0,0.474059468190867,0.376683961490604,0.688519766013197,31.4194418119849,18,0.0257304431976642,0.427106308644416,19,-0.2393592460304,-0.565580138217121,0.0868616461563202,1.86712921610768,-11.0010027692704,14.7352612014858,-0.675606791810103,-7.29391977453194,5.94270619091173,3.76683961490604,6.88519766013197,20261003-175015,4237598ec443fe56d60744856219d211,6c49e2a4c6b741a70851cb47ef9815bc,"Raw: match-cluster t(n_RM-1); EB: correlated normal model, conditional on estimated REML heterogeneity",team-match (120-minute matches count once),0.05,0.8,10,2026-10-03 17:50:35
net_yellow,style,2013,2013/14,13,-0.00372989154335284,0.40227476133332,12,-0.880211302587713,0.872751519501007,-0.10193867999815,0.290902722155201,0.630191498045874,-0.0578134749450884,0.353745345908537,-0.185918899068608,0.152835277967938,0.141890806844255,0.136945952893324,0,0.474059468190867,0.376683961490604,0.688519766013197,31.4194418119849,18,0.0257304431976642,0.427106308644416,19,-0.2393592460304,-0.565580138217121,0.0868616461563202,-0.0372989154335284,-8.80211302587713,8.72751519501007,-1.0193867999815,-6.72097538427006,4.68220178430706,3.76683961490604,6.88519766013197,20261003-175015,4237598ec443fe56d60744856219d211,6c49e2a4c6b741a70851cb47ef9815bc,"Raw: match-cluster t(n_RM-1); EB: correlated normal model, conditional on estimated REML heterogeneity",team-match (120-minute matches count once),0.05,0.8,10,2026-10-03 17:50:35
net_yellow,style,2014,2014/15,12,0.139167461884531,0.521919685733213,11,-1.00957002117396,1.28790494494303,-0.0762294066990973,0.324345414716646,0.717018846200307,0.010000453469846,0.424644832251105,-0.185918899068608,0.152835277967938,0.141890806844255,0.136945952893324,0,0.474059468190867,0.376683961490604,0.688519766013197,31.4194418119849,18,0.0257304431976642,0.427106308644416,19,-0.2393592460304,-0.565580138217121,0.0868616461563202,1.39167461884531,-10.0957002117396,12.8790494494303,-0.762294066990973,-7.11934738094431,5.59475924696236,3.76683961490604,6.88519766013197,20261003-175015,4237598ec443fe56d60744856219d211,6c49e2a4c6b741a70851cb47ef9815bc,"Raw: match-cluster t(n_RM-1); EB: correlated normal model, conditional on estimated REML heterogeneity",team-match (120-minute matches count once),0.05,0.8,10,2026-10-03 17:50:35
net_yellow,style,2015,2015/16,13,-0.4786470432639,0.582527184337677,12,-1.74786474612876,0.790570659600957,-0.271255170778026,0.337953639907215,0.782973375822944,-0.366228111835461,0.455962893457658,-0.185918899068608,0.152835277967938,0.141890806844255,0.136945952893324,0,0.474059468190867,0.376683961490604,0.688519766013197,31.4194418119849,18,0.0257304431976642,0.427106308644416,19,-0.2393592460304,-0.565580138217121,0.0868616461563202,-4.786470432639,-17.4786474612876,7.90570659600957,-2.71255170778026,-9.33632133440384,3.91121791884333,3.76683961490604,6.88519766013197,20261003-175015,4237598ec443fe56d60744856219d211,6c49e2a4c6b741a70851cb47ef9815bc,"Raw: match-cluster t(n_RM-1); EB: correlated normal model, conditional on estimated REML heterogeneity",team-match (120-minute matches count once),0.05,0.8,10,2026-10-03 17:50:35
net_yellow,style,2016,2016/17,13,0.610492080551674,0.493798329291021,12,-0.465402054575846,1.68638621567919,0.113074309378647,0.318579493281188,0.716278296444923,0.337169883585871,0.410039433051042,-0.185918899068608,0.152835277967938,0.141890806844255,0.136945952893324,0,0.474059468190867,0.376683961490604,0.688519766013197,31.4194418119849,18,0.0257304431976642,0.427106308644416,19,-0.2393592460304,-0.565580138217121,0.0868616461563202,6.10492080551674,-4.65402054575846,16.8638621567919,1.13074309378647,-5.11330023665501,7.37478642422795,3.76683961490604,6.88519766013197,20261003-175015,4237598ec443fe56d60744856219d211,6c49e2a4c6b741a70851cb47ef9815bc,"Raw: match-cluster t(n_RM-1); EB: correlated normal model, conditional on estimated REML heterogeneity",team-match (120-minute matches count once),0.05,0.8,10,2026-10-03 17:50:35
net_yellow,style,2017,2017/18,13,-0.0208997297700466,0.494494958748381,12,-1.09831169009679,1.05651223055669,-0.125281034866009,0.318994680254518,0.723231292867845,-0.0852477110459143,0.410610216449578,-0.185918899068608,0.152835277967938,0.141890806844255,0.136945952893324,0,0.474059468190867,0.376683961490604,0.688519766013197,31.4194418119849,18,0.0257304431976642,0.427106308644416,19,-0.2393592460304,-0.565580138217121,0.0868616461563202,-0.208997297700466,-10.9831169009679,10.5651223055669,-1.25281034866009,-7.50499119424734,4.99937049692716,3.76683961490604,6.88519766013197,20261003-175015,4237598ec443fe56d60744856219d211,6c49e2a4c6b741a70851cb47ef9815bc,"Raw: match-cluster t(n_RM-1); EB: correlated normal model, conditional on estimated REML heterogeneity",team-match (120-minute matches count once),0.05,0.8,10,2026-10-03 17:50:35
net_yellow,style,2018,2018/19,8,-1.04201067231906,0.503747762598928,7,-2.23318484844609,0.14916350380797,-0.491001075538544,0.320080725278897,0.703560822963533,-0.750998874555179,0.414872409490599,-0.185918899068608,0.152835277967938,0.141890806844255,0.136945952893324,0,0.474059468190867,0.376683961490604,0.688519766013197,31.4194418119849,18,0.0257304431976642,0.427106308644416,19,-0.2393592460304,-0.565580138217121,0.0868616461563202,-10.4201067231906,-22.3318484844609,1.4916350380797,-4.91001075538544,-11.1834776923064,1.36345618153552,3.76683961490604,6.88519766013197,20261003-175015,4237598ec443fe56d60744856219d211,6c49e2a4c6b741a70851cb47ef9815bc,"Raw: match-cluster t(n_RM-1); EB: correlated normal model, conditional on estimated REML heterogeneity",team-match (120-minute matches count once),0.05,0.8,10,2026-10-03 17:50:35
net_yellow,style,2019,2019/20,8,0.0745541555952972,0.381953066685312,7,-0.828621328859027,0.977729640049621,-0.0570172296368934,0.282505796028071,0.587678129905761,0.00798214461671654,0.339402776682487,-0.185918899068608,0.152835277967938,0.141890806844255,0.136945952893324,0,0.474059468190867,0.376683961490604,0.688519766013197,31.4194418119849,18,0.0257304431976642,0.427106308644416,19,-0.2393592460304,-0.565580138217121,0.0868616461563202,0.745541555952972,-8.28621328859027,9.77729640049621,-0.570172296368934,-6.1071841527573,4.96683956001944,3.76683961490604,6.88519766013197,20261003-175015,4237598ec443fe56d60744856219d211,6c49e2a4c6b741a70851cb47ef9815bc,"Raw: match-cluster t(n_RM-1); EB: correlated normal model, conditional on estimated REML heterogeneity",team-match (120-minute matches count once),0.05,0.8,10,2026-10-03 17:50:35
net_yellow,style,2020,2020/21,12,-0.60575513191679,0.593041255443505,11,-1.91103013447006,0.699519870636479,-0.304689559832382,0.338138297257355,0.754195463349423,-0.435166124409936,0.459382710067176,-0.185918899068608,0.152835277967938,0.141890806844255,0.136945952893324,0,0.474059468190867,0.376683961490604,0.688519766013197,31.4194418119849,18,0.0257304431976642,0.427106308644416,19,-0.2393592460304,-0.565580138217121,0.0868616461563202,-6.0575513191679,-19.1103013447006,6.99519870636479,-3.04689559832382,-9.67428444250497,3.58049324585733,3.76683961490604,6.88519766013197,20261003-175015,4237598ec443fe56d60744856219d211,6c49e2a4c6b741a70851cb47ef9815bc,"Raw: match-cluster t(n_RM-1); EB: correlated normal model, conditional on estimated REML heterogeneity",team-match (120-minute matches count once),0.05,0.8,10,2026-10-03 17:50:35
net_yellow,style,2021,2021/22,13,0.10561432570023,0.305288038597874,12,-0.559551169540763,0.770779820941222,-0.00473252363146753,0.249577832298159,0.52814940770754,0.0564372400519884,0.283485806274524,-0.185918899068608,0.152835277967938,0.141890806844255,0.136945952893324,0,0.474059468190867,0.376683961490604,0.688519766013197,31.4194418119849,18,0.0257304431976642,0.427106308644416,19,-0.2393592460304,-0.565580138217121,0.0868616461563202,1.0561432570023,-5.59551169540763,7.70779820941222,-0.0473252363146753,-4.93896086275436,4.84431039012501,3.76683961490604,6.88519766013197,20261003-175015,4237598ec443fe56d60744856219d211,6c49e2a4c6b741a70851cb47ef9815bc,"Raw: match-cluster t(n_RM-1); EB: correlated normal model, conditional on estimated REML heterogeneity",team-match (120-minute matches count once),0.05,0.8,10,2026-10-03 17:50:35
net_yellow,style,2022,2022/23,12,0.340982602817388,0.367201124832219,11,-0.467221623707284,1.14918682934206,0.0903988679846248,0.277883085350203,0.601157164302319,0.223155853419956,0.329759427805577,-0.185918899068608,0.152835277967938,0.141890806844255,0.136945952893324,0,0.474059468190867,0.376683961490604,0.688519766013197,31.4194418119849,18,0.0257304431976642,0.427106308644416,19,-0.2393592460304,-0.565580138217121,0.0868616461563202,3.40982602817388,-4.67221623707284,11.4918682934206,0.903988679846248,-4.54241971214644,6.35039707183893,3.76683961490604,6.88519766013197,20261003-175015,4237598ec443fe56d60744856219d211,6c49e2a4c6b741a70851cb47ef9815bc,"Raw: match-cluster t(n_RM-1); EB: correlated normal model, conditional on estimated REML heterogeneity",team-match (120-minute matches count once),0.05,0.8,10,2026-10-03 17:50:35
net_yellow,style,2023,2023/24,13,-0.210059733801396,0.409813930977707,12,-1.10296758439198,0.682848116789191,-0.19308697274347,0.293345449332957,0.633604659071873,-0.207019006644255,0.358590618469895,-0.185918899068608,0.152835277967938,0.141890806844255,0.136945952893324,0,0.474059468190867,0.376683961490604,0.688519766013197,31.4194418119849,18,0.0257304431976642,0.427106308644416,19,-0.2393592460304,-0.565580138217121,0.0868616461563202,-2.10059733801396,-11.0296758439198,6.82848116789191,-1.9308697274347,-7.68033488464784,3.81859542977844,3.76683961490604,6.88519766013197,20261003-175015,4237598ec443fe56d60744856219d211,6c49e2a4c6b741a70851cb47ef9815bc,"Raw: match-cluster t(n_RM-1); EB: correlated normal model, conditional on estimated REML heterogeneity",team-match (120-minute matches count once),0.05,0.8,10,2026-10-03 17:50:35
net_yellow,style,2024,2024/25,14,-1.26727124316899,0.4020160454957,13,-2.13577410725301,-0.398768379084957,-0.699157820715596,0.291336433945371,0.642385709024195,-1.00459792836823,0.353924627796938,-0.185918899068608,0.152835277967938,0.141890806844255,0.136945952893324,0,0.474059468190867,0.376683961490604,0.688519766013197,31.4194418119849,18,0.0257304431976642,0.427106308644416,19,-0.2393592460304,-0.565580138217121,0.0868616461563202,-12.6727124316899,-21.3577410725301,-3.98768379084957,-6.99157820715596,-12.7016673863286,-1.28148902798336,3.76683961490604,6.88519766013197,20261003-175015,4237598ec443fe56d60744856219d211,6c49e2a4c6b741a70851cb47ef9815bc,"Raw: match-cluster t(n_RM-1); EB: correlated normal model, conditional on estimated REML heterogeneity",team-match (120-minute matches count once),0.05,0.8,10,2026-10-03 17:50:35
net_yellow,style,2025,2025/26,14,-0.679086529792197,0.440172700103734,13,-1.6300218345269,0.271848774942507,-0.393769703553239,0.303805728501072,0.675422633745455,-0.542793086548554,0.378429250876219,-0.185918899068608,0.152835277967938,0.141890806844255,0.136945952893324,0,0.474059468190867,0.376683961490604,0.688519766013197,31.4194418119849,18,0.0257304431976642,0.427106308644416,19,-0.2393592460304,-0.565580138217121,0.0868616461563202,-6.79086529792197,-16.300218345269,2.71848774942507,-3.93769703553239,-9.89217989712294,2.01678582605815,3.76683961490604,6.88519766013197,20261003-175015,4237598ec443fe56d60744856219d211,6c49e2a4c6b741a70851cb47ef9815bc,"Raw: match-cluster t(n_RM-1); EB: correlated normal model, conditional on estimated REML heterogeneity",team-match (120-minute matches count once),0.05,0.8,10,2026-10-03 17:50:35
net_fouls,style,2007,2007/08,8,1.1475032678125,1.00031156467252,7,-1.21785771716086,3.51286425278585,1.01636108596879,0.888828640871435,0.367731314081631,1.09894442961579,0.960847024908378,0.62232514515306,0.569455076510177,3.02340905522102,3.17495743888614,1.009757318266,9.9740729941455,1.73879528847447,3.15817558000588,52.3376942173364,18,3.31987276612671e-05,0.656079613953691,19,0.639948325021914,-0.669564174077502,1.94946082412133,11.475032678125,-12.1785771716086,35.1286425278585,10.1636108596879,-7.25711038566905,27.5843321050449,17.3879528847447,31.5817558000588,20261003-175015,4237598ec443fe56d60744856219d211,6c49e2a4c6b741a70851cb47ef9815bc,"Raw: match-cluster t(n_RM-1); EB: correlated normal model, conditional on estimated REML heterogeneity",team-match (120-minute matches count once),0.05,0.8,10,2026-10-03 17:50:35
net_fouls,style,2008,2008/09,8,2.82899020497675,1.65794950703583,7,-1.09143740727647,6.74941781722997,1.78081565398428,1.2401382048478,0.557194997781236,2.35469617922689,1.48466739466523,0.62232514515306,0.569455076510177,3.02340905522102,3.17495743888614,1.009757318266,9.9740729941455,1.73879528847447,3.15817558000588,52.3376942173364,18,3.31987276612671e-05,0.656079613953691,19,0.639948325021914,-0.669564174077502,1.94946082412133,28.2899020497676,-10.9143740727647,67.4941781722998,17.8081565398428,-6.49810563369575,42.1144187133813,17.3879528847447,31.5817558000588,20261003-175015,4237598ec443fe56d60744856219d211,6c49e2a4c6b741a70851cb47ef9815bc,"Raw: match-cluster t(n_RM-1); EB: correlated normal model, conditional on estimated REML heterogeneity",team-match (120-minute matches count once),0.05,0.8,10,2026-10-03 17:50:35
net_fouls,style,2009,2009/10,8,-5.76170699598113,1.97277153473169,7,-10.4265704098596,-1.09684358210267,-2.17400506579031,1.3490096284675,0.606621406658543,-3.97270723741384,1.69331991649747,0.62232514515306,0.569455076510177,3.02340905522102,3.17495743888614,1.009757318266,9.9740729941455,1.73879528847447,3.15817558000588,52.3376942173364,18,3.31987276612671e-05,0.656079613953691,19,0.639948325021914,-0.669564174077502,1.94946082412133,-57.6170699598113,-104.265704098596,-10.9684358210267,-21.7400506579031,-48.1801535238437,4.70005220803752,17.3879528847447,31.5817558000588,20261003-175015,4237598ec443fe56d60744856219d211,6c49e2a4c6b741a70851cb47ef9815bc,"Raw: match-cluster t(n_RM-1); EB: correlated normal model, conditional on estimated REML heterogeneity",team-match (120-minute matches count once),0.05,0.8,10,2026-10-03 17:50:35
net_fouls,style,2010,2010/11,12,0.310809188138065,2.44765177986308,11,-5.07643605641246,5.69805443268859,0.540538178136556,1.48018648649519,0.754892307659937,0.447384235546376,1.97007870987731,0.62232514515306,0.569455076510177,3.02340905522102,3.17495743888614,1.009757318266,9.9740729941455,1.73879528847447,3.15817558000588,52.3376942173364,18,3.31987276612671e-05,0.656079613953691,19,0.639948325021914,-0.669564174077502,1.94946082412133,3.10809188138065,-50.7643605641246,56.9805443268859,5.40538178136556,-23.6057402579689,34.4165038207,17.3879528847447,31.5817558000588,20261003-175015,4237598ec443fe56d60744856219d211,6c49e2a4c6b741a70851cb47ef9815bc,"Raw: match-cluster t(n_RM-1); EB: correlated normal model, conditional on estimated REML heterogeneity",team-match (120-minute matches count once),0.05,0.8,10,2026-10-03 17:50:35
net_fouls,style,2011,2011/12,12,1.01584224926087,1.67450894528075,11,-2.66972708974276,4.7014115882645,0.807141660486719,1.25010217742684,0.590113708529139,0.915856210033897,1.49822980206373,0.62232514515306,0.569455076510177,3.02340905522102,3.17495743888614,1.009757318266,9.9740729941455,1.73879528847447,3.15817558000588,52.3376942173364,18,3.31987276612671e-05,0.656079613953691,19,0.639948325021914,-0.669564174077502,1.94946082412133,10.1584224926087,-26.6972708974276,47.014115882645,8.07141660486719,-16.4301358426499,32.5729690523842,17.3879528847447,31.5817558000588,20261003-175015,4237598ec443fe56d60744856219d211,6c49e2a4c6b741a70851cb47ef9815bc,"Raw: match-cluster t(n_RM-1); EB: correlated normal model, conditional on estimated REML heterogeneity",team-match (120-minute matches count once),0.05,0.8,10,2026-10-03 17:50:35
net_fouls,style,2012,2012/13,12,0.530666776040376,1.59865301719356,11,-2.98794479093837,4.04927834301912,0.592762919143593,1.21873816855212,0.569828121110563,0.563318124088287,1.44373846110847,0.62232514515306,0.569455076510177,3.02340905522102,3.17495743888614,1.009757318266,9.9740729941455,1.73879528847447,3.15817558000588,52.3376942173364,18,3.31987276612671e-05,0.656079613953691,19,0.639948325021914,-0.669564174077502,1.94946082412133,5.30666776040376,-29.8794479093837,40.4927834301912,5.92762919143593,-17.9591999780287,29.8144583609006,17.3879528847447,31.5817558000588,20261003-175015,4237598ec443fe56d60744856219d211,6c49e2a4c6b741a70851cb47ef9815bc,"Raw: match-cluster t(n_RM-1); EB: correlated normal model, conditional on estimated REML heterogeneity",team-match (120-minute matches count once),0.05,0.8,10,2026-10-03 17:50:35
net_fouls,style,2013,2013/14,13,2.1799192499669,1.27364910776699,12,-0.59512376653004,4.95496226646384,1.64061664663803,1.0606624392616,0.48684705740919,1.96260236623449,1.19343866096235,0.62232514515306,0.569455076510177,3.02340905522102,3.17495743888614,1.009757318266,9.9740729941455,1.73879528847447,3.15817558000588,52.3376942173364,18,3.31987276612671e-05,0.656079613953691,19,0.639948325021914,-0.669564174077502,1.94946082412133,21.799192499669,-5.9512376653004,49.5496226646384,16.4061664663803,-4.38243534069108,37.1947682734517,17.3879528847447,31.5817558000588,20261003-175015,4237598ec443fe56d60744856219d211,6c49e2a4c6b741a70851cb47ef9815bc,"Raw: match-cluster t(n_RM-1); EB: correlated normal model, conditional on estimated REML heterogeneity",team-match (120-minute matches count once),0.05,0.8,10,2026-10-03 17:50:35
net_fouls,style,2014,2014/15,12,1.12555068569489,1.37462748290848,11,-1.89998400484079,4.15108537623057,0.950591306533009,1.1167910930085,0.535990043372195,1.05656681834569,1.27529723246225,0.62232514515306,0.569455076510177,3.02340905522102,3.17495743888614,1.009757318266,9.9740729941455,1.73879528847447,3.15817558000588,52.3376942173364,18,3.31987276612671e-05,0.656079613953691,19,0.639948325021914,-0.669564174077502,1.94946082412133,11.2555068569489,-18.9998400484079,41.5108537623057,9.50591306533009,-12.3827901401877,31.3946162708479,17.3879528847447,31.5817558000588,20261003-175015,4237598ec443fe56d60744856219d211,6c49e2a4c6b741a70851cb47ef9815bc,"Raw: match-cluster t(n_RM-1); EB: correlated normal model, conditional on estimated REML heterogeneity",team-match (120-minute matches count once),0.05,0.8,10,2026-10-03 17:50:35
net_fouls,style,2015,2015/16,13,0.318435635343302,1.17108577141191,12,-2.23314106804972,2.87001233873632,0.401018644225783,1.00286356159875,0.470465210021984,0.345922664318904,1.1094297803512,0.62232514515306,0.569455076510177,3.02340905522102,3.17495743888614,1.009757318266,9.9740729941455,1.73879528847447,3.15817558000588,52.3376942173364,18,3.31987276612671e-05,0.656079613953691,19,0.639948325021914,-0.669564174077502,1.94946082412133,3.18435635343302,-22.3314106804972,28.7001233873632,4.01018644225783,-15.6455781791533,23.665951063669,17.3879528847447,31.5817558000588,20261003-175015,4237598ec443fe56d60744856219d211,6c49e2a4c6b741a70851cb47ef9815bc,"Raw: match-cluster t(n_RM-1); EB: correlated normal model, conditional on estimated REML heterogeneity",team-match (120-minute matches count once),0.05,0.8,10,2026-10-03 17:50:35
net_fouls,style,2016,2016/17,13,5.40231312397714,1.56035929376835,12,2.00258227582417,8.8020439721301,3.3120937259575,1.20016605279354,0.542760313917116,4.49011879014033,1.41447637008504,0.62232514515306,0.569455076510177,3.02340905522102,3.17495743888614,1.009757318266,9.9740729941455,1.73879528847447,3.15817558000588,52.3376942173364,18,3.31987276612671e-05,0.656079613953691,19,0.639948325021914,-0.669564174077502,1.94946082412133,54.0231312397714,20.0258227582417,88.0204397213011,33.120937259575,9.59811487014564,56.6437596490043,17.3879528847447,31.5817558000588,20261003-175015,4237598ec443fe56d60744856219d211,6c49e2a4c6b741a70851cb47ef9815bc,"Raw: match-cluster t(n_RM-1); EB: correlated normal model, conditional on estimated REML heterogeneity",team-match (120-minute matches count once),0.05,0.8,10,2026-10-03 17:50:35
net_fouls,style,2017,2017/18,13,1.1599752953846,1.43296276904893,12,-1.96218237025468,4.28213296102388,0.930739948778248,1.14220969730302,0.517706908972234,1.06027441387284,1.31907871787238,0.62232514515306,0.569455076510177,3.02340905522102,3.17495743888614,1.009757318266,9.9740729941455,1.73879528847447,3.15817558000588,52.3376942173364,18,3.31987276612671e-05,0.656079613953691,19,0.639948325021914,-0.669564174077502,1.94946082412133,11.599752953846,-19.6218237025468,42.8213296102388,9.30739948778248,-13.0794992072806,31.6942981828456,17.3879528847447,31.5817558000588,20261003-175015,4237598ec443fe56d60744856219d211,6c49e2a4c6b741a70851cb47ef9815bc,"Raw: match-cluster t(n_RM-1); EB: correlated normal model, conditional on estimated REML heterogeneity",team-match (120-minute matches count once),0.05,0.8,10,2026-10-03 17:50:35
net_fouls,style,2018,2018/19,8,-0.955332066994506,1.56148265112145,7,-4.64765181227768,2.73698767828866,-0.260278792204661,1.20108130067912,0.545890425896448,-0.653155866581263,1.41562818514975,0.62232514515306,0.569455076510177,3.02340905522102,3.17495743888614,1.009757318266,9.9740729941455,1.73879528847447,3.15817558000588,52.3376942173364,18,3.31987276612671e-05,0.656079613953691,19,0.639948325021914,-0.669564174077502,1.94946082412133,-9.55332066994506,-46.4765181227768,27.3698767828866,-2.60278792204661,-26.1435488404026,20.9379729963094,17.3879528847447,31.5817558000588,20261003-175015,4237598ec443fe56d60744856219d211,6c49e2a4c6b741a70851cb47ef9815bc,"Raw: match-cluster t(n_RM-1); EB: correlated normal model, conditional on estimated REML heterogeneity",team-match (120-minute matches count once),0.05,0.8,10,2026-10-03 17:50:35
net_fouls,style,2019,2019/20,8,3.25422462777394,2.14132070302288,7,-1.80919423703166,8.31764349257955,1.67004320967425,1.39837888113958,0.643358773736455,2.42791471104376,1.7956411347444,0.62232514515306,0.569455076510177,3.02340905522102,3.17495743888614,1.009757318266,9.9740729941455,1.73879528847447,3.15817558000588,52.3376942173364,18,3.31987276612671e-05,0.656079613953691,19,0.639948325021914,-0.669564174077502,1.94946082412133,32.5422462777394,-18.0919423703166,83.1764349257955,16.7004320967425,-10.7072903410074,44.1081545344923,17.3879528847447,31.5817558000588,20261003-175015,4237598ec443fe56d60744856219d211,6c49e2a4c6b741a70851cb47ef9815bc,"Raw: match-cluster t(n_RM-1); EB: correlated normal model, conditional on estimated REML heterogeneity",team-match (120-minute matches count once),0.05,0.8,10,2026-10-03 17:50:35
net_fouls,style,2020,2020/21,12,-0.52790986912182,1.32742681463381,11,-3.44955658923855,2.39373685099491,-0.111235703310625,1.08605259857662,0.465711247396674,-0.357945043290193,1.23506293126299,0.62232514515306,0.569455076510177,3.02340905522102,3.17495743888614,1.009757318266,9.9740729941455,1.73879528847447,3.15817558000588,52.3376942173364,18,3.31987276612671e-05,0.656079613953691,19,0.639948325021914,-0.669564174077502,1.94946082412133,-5.2790986912182,-34.4955658923855,23.9373685099491,-1.11235703310625,-22.3985968183693,20.1738827521568,17.3879528847447,31.5817558000588,20261003-175015,4237598ec443fe56d60744856219d211,6c49e2a4c6b741a70851cb47ef9815bc,"Raw: match-cluster t(n_RM-1); EB: correlated normal model, conditional on estimated REML heterogeneity",team-match (120-minute matches count once),0.05,0.8,10,2026-10-03 17:50:35
net_fouls,style,2021,2021/22,13,3.11544485026857,0.918083410253676,12,1.11511293730322,5.11577676323392,2.58672583944351,0.831374905638055,0.34136387286813,2.92353807975935,0.887904857599224,0.62232514515306,0.569455076510177,3.02340905522102,3.17495743888614,1.009757318266,9.9740729941455,1.73879528847447,3.15817558000588,52.3376942173364,18,3.31987276612671e-05,0.656079613953691,19,0.639948325021914,-0.669564174077502,1.94946082412133,31.1544485026857,11.1511293730322,51.1577676323392,25.8672583944351,9.57260966742538,42.1619071214449,17.3879528847447,31.5817558000588,20261003-175015,4237598ec443fe56d60744856219d211,6c49e2a4c6b741a70851cb47ef9815bc,"Raw: match-cluster t(n_RM-1); EB: correlated normal model, conditional on estimated REML heterogeneity",team-match (120-minute matches count once),0.05,0.8,10,2026-10-03 17:50:35
net_fouls,style,2022,2022/23,12,1.04585100719426,1.18133914761432,11,-1.55425892574016,3.64596094012868,0.929395353744575,1.00444840119416,0.426329369794385,1.00323554070009,1.11600745250785,0.62232514515306,0.569455076510177,3.02340905522102,3.17495743888614,1.009757318266,9.9740729941455,1.73879528847447,3.15817558000588,52.3376942173364,18,3.31987276612671e-05,0.656079613953691,19,0.639948325021914,-0.669564174077502,1.94946082412133,10.4585100719426,-15.5425892574016,36.4596094012868,9.29395353744575,-10.3928733692481,28.9807804441396,17.3879528847447,31.5817558000588,20261003-175015,4237598ec443fe56d60744856219d211,6c49e2a4c6b741a70851cb47ef9815bc,"Raw: match-cluster t(n_RM-1); EB: correlated normal model, conditional on estimated REML heterogeneity",team-match (120-minute matches count once),0.05,0.8,10,2026-10-03 17:50:35
net_fouls,style,2023,2023/24,13,-1.14103151522256,1.174685864861,12,-3.70045214841046,1.41838911796534,-0.627929140535704,1.00132894951302,0.433194480952446,-0.95026133526805,1.11078377470076,0.62232514515306,0.569455076510177,3.02340905522102,3.17495743888614,1.009757318266,9.9740729941455,1.73879528847447,3.15817558000588,52.3376942173364,18,3.31987276612671e-05,0.656079613953691,19,0.639948325021914,-0.669564174077502,1.94946082412133,-11.4103151522256,-37.0045214841046,14.1838911796534,-6.27929140535704,-25.9049781825854,13.3463953718713,17.3879528847447,31.5817558000588,20261003-175015,4237598ec443fe56d60744856219d211,6c49e2a4c6b741a70851cb47ef9815bc,"Raw: match-cluster t(n_RM-1); EB: correlated normal model, conditional on estimated REML heterogeneity",team-match (120-minute matches count once),0.05,0.8,10,2026-10-03 17:50:35
net_fouls,style,2024,2024/25,14,-2.58276947969997,0.928278454359255,13,-4.58819315696743,-0.57734580243251,-1.93305595875477,0.841682086035096,0.383861013798195,-2.35537692637287,0.898213821753866,0.62232514515306,0.569455076510177,3.02340905522102,3.17495743888614,1.009757318266,9.9740729941455,1.73879528847447,3.15817558000588,52.3376942173364,18,3.31987276612671e-05,0.656079613953691,19,0.639948325021914,-0.669564174077502,1.94946082412133,-25.8276947969997,-45.8819315696743,-5.7734580243251,-19.3305595875477,-35.827225338161,-2.83389383693441,17.3879528847447,31.5817558000588,20261003-175015,4237598ec443fe56d60744856219d211,6c49e2a4c6b741a70851cb47ef9815bc,"Raw: match-cluster t(n_RM-1); EB: correlated normal model, conditional on estimated REML heterogeneity",team-match (120-minute matches count once),0.05,0.8,10,2026-10-03 17:50:35
net_fouls,style,2025,2025/26,14,-0.582162010342908,1.1664133421302,13,-3.102044835161,1.93772081447519,-0.22816175421063,0.997043125946629,0.436660969137155,-0.448864680045387,1.10415608074034,0.62232514515306,0.569455076510177,3.02340905522102,3.17495743888614,1.009757318266,9.9740729941455,1.73879528847447,3.15817558000588,52.3376942173364,18,3.31987276612671e-05,0.656079613953691,19,0.639948325021914,-0.669564174077502,1.94946082412133,-5.82162010342908,-31.02044835161,19.3772081447519,-2.2816175421063,-21.8233037209926,17.26006863678,17.3879528847447,31.5817558000588,20261003-175015,4237598ec443fe56d60744856219d211,6c49e2a4c6b741a70851cb47ef9815bc,"Raw: match-cluster t(n_RM-1); EB: correlated normal model, conditional on estimated REML heterogeneity",team-match (120-minute matches count once),0.05,0.8,10,2026-10-03 17:50:35
net_pens,style,2007,2007/08,8,0.0173605201399314,0.164940485369052,7,-0.372661751633213,0.407382791913075,-0.010019808876481,0.112519168335045,0.632085137906112,0.00536303547808974,0.142466936818297,-0.0349616534369779,0.0543703867281933,0.0199112069352674,0.0189793798530287,0.00259581562811226,0.0716070454840326,0.141107076134641,0.267594927986374,36.018521415279,18,0.00701756004952511,0.500257109600161,19,-0.0228955200580759,-0.143917352831024,0.0981263127148725,0.173605201399314,-3.72661751633213,4.07382791913075,-0.10019808876481,-2.3055332638357,2.10513708630608,1.41107076134641,2.67594927986374,20261003-175015,4237598ec443fe56d60744856219d211,6c49e2a4c6b741a70851cb47ef9815bc,"Raw: match-cluster t(n_RM-1); EB: correlated normal model, conditional on estimated REML heterogeneity",team-match (120-minute matches count once),0.05,0.8,10,2026-10-03 17:50:35
net_pens,style,2008,2008/09,8,-0.274858222361707,0.135042563255528,7,-0.594183142432982,0.0444666977095683,-0.161571560526235,0.102414508222883,0.584901960884083,-0.227009918618968,0.122307230168927,-0.0349616534369779,0.0543703867281933,0.0199112069352674,0.0189793798530287,0.00259581562811226,0.0716070454840326,0.141107076134641,0.267594927986374,36.018521415279,18,0.00701756004952511,0.500257109600161,19,-0.0228955200580759,-0.143917352831024,0.0981263127148725,-2.74858222361707,-5.94183142432982,0.444666977095683,-1.61571560526235,-3.62300308137466,0.391571870849969,1.41107076134641,2.67594927986374,20261003-175015,4237598ec443fe56d60744856219d211,6c49e2a4c6b741a70851cb47ef9815bc,"Raw: match-cluster t(n_RM-1); EB: correlated normal model, conditional on estimated REML heterogeneity",team-match (120-minute matches count once),0.05,0.8,10,2026-10-03 17:50:35
net_pens,style,2009,2009/10,8,-0.419069111467931,0.253237050535914,7,-1.01787958256698,0.179741359631118,-0.125904123493775,0.131016722604107,0.819240012746276,-0.23794173727291,0.188293644120644,-0.0349616534369779,0.0543703867281933,0.0199112069352674,0.0189793798530287,0.00259581562811226,0.0716070454840326,0.141107076134641,0.267594927986374,36.018521415279,18,0.00701756004952511,0.500257109600161,19,-0.0228955200580759,-0.143917352831024,0.0981263127148725,-4.19069111467931,-10.1787958256698,1.79741359631118,-1.25904123493775,-3.82692181170299,1.30883934182749,1.41107076134641,2.67594927986374,20261003-175015,4237598ec443fe56d60744856219d211,6c49e2a4c6b741a70851cb47ef9815bc,"Raw: match-cluster t(n_RM-1); EB: correlated normal model, conditional on estimated REML heterogeneity",team-match (120-minute matches count once),0.05,0.8,10,2026-10-03 17:50:35
net_pens,style,2010,2010/11,12,-0.0434486303791447,0.103860441235377,11,-0.27204392025878,0.18514665950049,-0.0350967430147712,0.0876369735666656,0.519218504800172,-0.0387328627047479,0.0981294010807638,-0.0349616534369779,0.0543703867281933,0.0199112069352674,0.0189793798530287,0.00259581562811226,0.0716070454840326,0.141107076134641,0.267594927986374,36.018521415279,18,0.00701756004952511,0.500257109600161,19,-0.0228955200580759,-0.143917352831024,0.0981263127148725,-0.434486303791447,-2.7204392025878,1.8514665950049,-0.350967430147712,-2.06862054919524,1.36668568889982,1.41107076134641,2.67594927986374,20261003-175015,4237598ec443fe56d60744856219d211,6c49e2a4c6b741a70851cb47ef9815bc,"Raw: match-cluster t(n_RM-1); EB: correlated normal model, conditional on estimated REML heterogeneity",team-match (120-minute matches count once),0.05,0.8,10,2026-10-03 17:50:35
net_pens,style,2011,2011/12,12,-0.111928545993507,0.145243444326624,11,-0.431607211557003,0.207750119569989,-0.071236879083671,0.107127167055895,0.667008263687403,-0.094172094022552,0.130006887916054,-0.0349616534369779,0.0543703867281933,0.0199112069352674,0.0189793798530287,0.00259581562811226,0.0716070454840326,0.141107076134641,0.267594927986374,36.018521415279,18,0.00701756004952511,0.500257109600161,19,-0.0228955200580759,-0.143917352831024,0.0981263127148725,-1.11928545993507,-4.31607211557003,2.07750119569989,-0.71236879083671,-2.81202268279031,1.38728510111689,1.41107076134641,2.67594927986374,20261003-175015,4237598ec443fe56d60744856219d211,6c49e2a4c6b741a70851cb47ef9815bc,"Raw: match-cluster t(n_RM-1); EB: correlated normal model, conditional on estimated REML heterogeneity",team-match (120-minute matches count once),0.05,0.8,10,2026-10-03 17:50:35
net_pens,style,2012,2012/13,12,-0.238717674339796,0.102514861591482,11,-0.464351363391497,-0.013083985288096,-0.170208436935243,0.0872282622522702,0.542233283851396,-0.213094870051662,0.0971657390793157,-0.0349616534369779,0.0543703867281933,0.0199112069352674,0.0189793798530287,0.00259581562811226,0.0716070454840326,0.141107076134641,0.267594927986374,36.018521415279,18,0.00701756004952511,0.500257109600161,19,-0.0228955200580759,-0.143917352831024,0.0981263127148725,-2.38717674339796,-4.64351363391497,-0.13083985288096,-1.70208436935243,-3.41172689383707,0.00755815513221486,1.41107076134641,2.67594927986374,20261003-175015,4237598ec443fe56d60744856219d211,6c49e2a4c6b741a70851cb47ef9815bc,"Raw: match-cluster t(n_RM-1); EB: correlated normal model, conditional on estimated REML heterogeneity",team-match (120-minute matches count once),0.05,0.8,10,2026-10-03 17:50:35
net_pens,style,2013,2013/14,13,0.222858729932312,0.178455163425141,12,-0.165961669658747,0.611679129523372,0.0668420178337238,0.116952118911936,0.701380435604605,0.145378719994638,0.151215018698403,-0.0349616534369779,0.0543703867281933,0.0199112069352674,0.0189793798530287,0.00259581562811226,0.0716070454840326,0.141107076134641,0.267594927986374,36.018521415279,18,0.00701756004952511,0.500257109600161,19,-0.0228955200580759,-0.143917352831024,0.0981263127148725,2.22858729932312,-1.65961669658747,6.11679129523372,0.668420178337238,-1.62379923149316,2.96063958816763,1.41107076134641,2.67594927986374,20261003-175015,4237598ec443fe56d60744856219d211,6c49e2a4c6b741a70851cb47ef9815bc,"Raw: match-cluster t(n_RM-1); EB: correlated normal model, conditional on estimated REML heterogeneity",team-match (120-minute matches count once),0.05,0.8,10,2026-10-03 17:50:35
net_pens,style,2014,2014/15,12,0.146080292485001,0.196967782476524,11,-0.287442873761987,0.579603458731988,0.0283529535869275,0.121384345924179,0.735014776603219,0.0840005766436229,0.161761731268486,-0.0349616534369779,0.0543703867281933,0.0199112069352674,0.0189793798530287,0.00259581562811226,0.0716070454840326,0.141107076134641,0.267594927986374,36.018521415279,18,0.00701756004952511,0.500257109600161,19,-0.0228955200580759,-0.143917352831024,0.0981263127148725,1.46080292485001,-2.87442873761987,5.79603458731988,0.283529535869275,-2.09555992711415,2.6626189988527,1.41107076134641,2.67594927986374,20261003-175015,4237598ec443fe56d60744856219d211,6c49e2a4c6b741a70851cb47ef9815bc,"Raw: match-cluster t(n_RM-1); EB: correlated normal model, conditional on estimated REML heterogeneity",team-match (120-minute matches count once),0.05,0.8,10,2026-10-03 17:50:35
net_pens,style,2015,2015/16,13,-0.146523325054672,0.203348023446265,12,-0.589580607426867,0.296533957317523,-0.0686986277817412,0.12350605359173,0.79428423647449,-0.103942370370297,0.165723987081591,-0.0349616534369779,0.0543703867281933,0.0199112069352674,0.0189793798530287,0.00259581562811226,0.0716070454840326,0.141107076134641,0.267594927986374,36.018521415279,18,0.00701756004952511,0.500257109600161,19,-0.0228955200580759,-0.143917352831024,0.0981263127148725,-1.46523325054672,-5.89580607426867,2.96533957317523,-0.686986277817412,-3.10766044694207,1.73368789130724,1.41107076134641,2.67594927986374,20261003-175015,4237598ec443fe56d60744856219d211,6c49e2a4c6b741a70851cb47ef9815bc,"Raw: match-cluster t(n_RM-1); EB: correlated normal model, conditional on estimated REML heterogeneity",team-match (120-minute matches count once),0.05,0.8,10,2026-10-03 17:50:35
net_pens,style,2016,2016/17,13,-0.438757174033301,0.154724186774554,12,-0.775872217237528,-0.101642130829075,-0.221977164655405,0.110139069659893,0.666437608601325,-0.340685650001313,0.136337636464953,-0.0349616534369779,0.0543703867281933,0.0199112069352674,0.0189793798530287,0.00259581562811226,0.0716070454840326,0.141107076134641,0.267594927986374,36.018521415279,18,0.00701756004952511,0.500257109600161,19,-0.0228955200580759,-0.143917352831024,0.0981263127148725,-4.38757174033301,-7.75872217237528,-1.01642130829075,-2.21977164655405,-4.37845774479543,-0.0610855483126668,1.41107076134641,2.67594927986374,20261003-175015,4237598ec443fe56d60744856219d211,6c49e2a4c6b741a70851cb47ef9815bc,"Raw: match-cluster t(n_RM-1); EB: correlated normal model, conditional on estimated REML heterogeneity",team-match (120-minute matches count once),0.05,0.8,10,2026-10-03 17:50:35
net_pens,style,2017,2017/18,13,0.281026541886878,0.122135143477502,12,0.0149169243248484,0.547136159448907,0.154355058468174,0.0971149827663607,0.576121793160224,0.231714064275061,0.112810306802841,-0.0349616534369779,0.0543703867281933,0.0199112069352674,0.0189793798530287,0.00259581562811226,0.0716070454840326,0.141107076134641,0.267594927986374,36.018521415279,18,0.00701756004952511,0.500257109600161,19,-0.0228955200580759,-0.143917352831024,0.0981263127148725,2.81026541886878,0.149169243248484,5.47136159448907,1.54355058468174,-0.359868101131213,3.44696927049469,1.41107076134641,2.67594927986374,20261003-175015,4237598ec443fe56d60744856219d211,6c49e2a4c6b741a70851cb47ef9815bc,"Raw: match-cluster t(n_RM-1); EB: correlated normal model, conditional on estimated REML heterogeneity",team-match (120-minute matches count once),0.05,0.8,10,2026-10-03 17:50:35
net_pens,style,2018,2018/19,8,-0.102640117917941,0.0810969040227036,7,-0.294403823899118,0.0891235880632366,-0.0826093341038291,0.0730131804798697,0.410785579712903,-0.0955669276102502,0.0783847237124101,-0.0349616534369779,0.0543703867281933,0.0199112069352674,0.0189793798530287,0.00259581562811226,0.0716070454840326,0.141107076134641,0.267594927986374,36.018521415279,18,0.00701756004952511,0.500257109600161,19,-0.0228955200580759,-0.143917352831024,0.0981263127148725,-1.02640117917941,-2.94403823899118,0.891235880632366,-0.826093341038291,-2.25712538241097,0.604938700334384,1.41107076134641,2.67594927986374,20261003-175015,4237598ec443fe56d60744856219d211,6c49e2a4c6b741a70851cb47ef9815bc,"Raw: match-cluster t(n_RM-1); EB: correlated normal model, conditional on estimated REML heterogeneity",team-match (120-minute matches count once),0.05,0.8,10,2026-10-03 17:50:35
net_pens,style,2019,2019/20,8,-0.0322485590592975,0.177100419075128,7,-0.451024504971591,0.386527386852996,-0.0320991372206654,0.116065450236932,0.664327726692651,-0.0314479060510552,0.150037952510461,-0.0349616534369779,0.0543703867281933,0.0199112069352674,0.0189793798530287,0.00259581562811226,0.0716070454840326,0.141107076134641,0.267594927986374,36.018521415279,18,0.00701756004952511,0.500257109600161,19,-0.0228955200580759,-0.143917352831024,0.0981263127148725,-0.322485590592975,-4.51024504971591,3.86527386852996,-0.320991372206654,-2.59583239534478,1.95384965093147,1.41107076134641,2.67594927986374,20261003-175015,4237598ec443fe56d60744856219d211,6c49e2a4c6b741a70851cb47ef9815bc,"Raw: match-cluster t(n_RM-1); EB: correlated normal model, conditional on estimated REML heterogeneity",team-match (120-minute matches count once),0.05,0.8,10,2026-10-03 17:50:35
net_pens,style,2020,2020/21,12,0.149715531557166,0.138503476713645,11,-0.155128565310665,0.454559628424997,0.0600105562870725,0.103984483958793,0.607236747865633,0.111200844448458,0.12491055599721,-0.0349616534369779,0.0543703867281933,0.0199112069352674,0.0189793798530287,0.00259581562811226,0.0716070454840326,0.141107076134641,0.267594927986374,36.018521415279,18,0.00701756004952511,0.500257109600161,19,-0.0228955200580759,-0.143917352831024,0.0981263127148725,1.49715531557166,-1.55128565310665,4.54559628424997,0.600105562870725,-1.43795287223145,2.6381639979729,1.41107076134641,2.67594927986374,20261003-175015,4237598ec443fe56d60744856219d211,6c49e2a4c6b741a70851cb47ef9815bc,"Raw: match-cluster t(n_RM-1); EB: correlated normal model, conditional on estimated REML heterogeneity",team-match (120-minute matches count once),0.05,0.8,10,2026-10-03 17:50:35
net_pens,style,2021,2021/22,13,0.171825850328098,0.164275281346676,12,-0.186099240267234,0.52975094092343,0.0535461972692332,0.112702245983215,0.655141287044856,0.115744967420391,0.142275457951359,-0.0349616534369779,0.0543703867281933,0.0199112069352674,0.0189793798530287,0.00259581562811226,0.0716070454840326,0.141107076134641,0.267594927986374,36.018521415279,18,0.00701756004952511,0.500257109600161,19,-0.0228955200580759,-0.143917352831024,0.0981263127148725,1.71825850328098,-1.86099240267234,5.2975094092343,0.535461972692333,-1.67346145834643,2.74438540373109,1.41107076134641,2.67594927986374,20261003-175015,4237598ec443fe56d60744856219d211,6c49e2a4c6b741a70851cb47ef9815bc,"Raw: match-cluster t(n_RM-1); EB: correlated normal model, conditional on estimated REML heterogeneity",team-match (120-minute matches count once),0.05,0.8,10,2026-10-03 17:50:35
net_pens,style,2022,2022/23,12,0.157541251063702,0.131446218134853,11,-0.131769924401278,0.446852426528683,0.0688126930151366,0.101156246753041,0.593511806450586,0.120202239482714,0.119805104227929,-0.0349616534369779,0.0543703867281933,0.0199112069352674,0.0189793798530287,0.00259581562811226,0.0716070454840326,0.141107076134641,0.267594927986374,36.018521415279,18,0.00701756004952511,0.500257109600161,19,-0.0228955200580759,-0.143917352831024,0.0981263127148725,1.57541251063702,-1.31769924401278,4.46852426528683,0.688126930151366,-1.29449907432071,2.67075293462344,1.41107076134641,2.67594927986374,20261003-175015,4237598ec443fe56d60744856219d211,6c49e2a4c6b741a70851cb47ef9815bc,"Raw: match-cluster t(n_RM-1); EB: correlated normal model, conditional on estimated REML heterogeneity",team-match (120-minute matches count once),0.05,0.8,10,2026-10-03 17:50:35
net_pens,style,2023,2023/24,13,-0.116728257594421,0.139126226853222,12,-0.419858265605415,0.186401750416573,-0.0746130208211014,0.104206920621429,0.607423728157141,-0.097949309217709,0.125362756428857,-0.0349616534369779,0.0543703867281933,0.0199112069352674,0.0189793798530287,0.00259581562811226,0.0716070454840326,0.141107076134641,0.267594927986374,36.018521415279,18,0.00701756004952511,0.500257109600161,19,-0.0228955200580759,-0.143917352831024,0.0981263127148725,-1.16728257594421,-4.19858265605415,1.86401750416573,-0.746130208211014,-2.78854832178926,1.29628790536723,1.41107076134641,2.67594927986374,20261003-175015,4237598ec443fe56d60744856219d211,6c49e2a4c6b741a70851cb47ef9815bc,"Raw: match-cluster t(n_RM-1); EB: correlated normal model, conditional on estimated REML heterogeneity",team-match (120-minute matches count once),0.05,0.8,10,2026-10-03 17:50:35
net_pens,style,2024,2024/25,14,-0.157587036399342,0.18925397957318,13,-0.566445401980089,0.251271329181406,-0.0783975944401009,0.119719381610559,0.726676444882375,-0.116693423068941,0.157527255988768,-0.0349616534369779,0.0543703867281933,0.0199112069352674,0.0189793798530287,0.00259581562811226,0.0716070454840326,0.141107076134641,0.267594927986374,36.018521415279,18,0.00701756004952511,0.500257109600161,19,-0.0228955200580759,-0.143917352831024,0.0981263127148725,-1.57587036399342,-5.66445401980089,2.51271329181406,-0.783975944401009,-3.13043270648204,1.56248081768002,1.41107076134641,2.67594927986374,20261003-175015,4237598ec443fe56d60744856219d211,6c49e2a4c6b741a70851cb47ef9815bc,"Raw: match-cluster t(n_RM-1); EB: correlated normal model, conditional on estimated REML heterogeneity",team-match (120-minute matches count once),0.05,0.8,10,2026-10-03 17:50:35
net_pens,style,2025,2025/26,14,0.191242214042414,0.209679553929704,13,-0.261742922168417,0.644227350253245,0.0362415391901711,0.124083248010624,0.761425667830142,0.105306519483015,0.168458680939961,-0.0349616534369779,0.0543703867281933,0.0199112069352674,0.0189793798530287,0.00259581562811226,0.0716070454840326,0.141107076134641,0.267594927986374,36.018521415279,18,0.00701756004952511,0.500257109600161,19,-0.0228955200580759,-0.143917352831024,0.0981263127148725,1.91242214042414,-2.61742922168417,6.44227350253245,0.362415391901711,-2.06957157995403,2.79440236375745,1.41107076134641,2.67594927986374,20261003-175015,4237598ec443fe56d60744856219d211,6c49e2a4c6b741a70851cb47ef9815bc,"Raw: match-cluster t(n_RM-1); EB: correlated normal model, conditional on estimated REML heterogeneity",team-match (120-minute matches count once),0.05,0.8,10,2026-10-03 17:50:35
net_red,style,2007,2007/08,8,-0.00810340229775301,0.191573113751672,7,-0.461101833028101,0.444895028432595,0.0397126686853597,0.0574324506180532,0.958050899120719,0.0197989672366705,0.129899265619921,0.0425522322483705,0.0335609176643036,0.00241433605564538,0.0031160294502334,0,0.0277969331058454,0.0491358937605228,0.166724122747266,23.3842767291192,18,0.176251898819663,0.230252010420935,19,0.0220624378013412,-0.0803438105861212,0.124468686188804,-0.0810340229775301,-4.61101833028101,4.44895028432595,0.397126686853597,-0.728528660698995,1.52278203440619,0.491358937605228,1.66724122747266,20261003-175015,4237598ec443fe56d60744856219d211,6c49e2a4c6b741a70851cb47ef9815bc,"Raw: match-cluster t(n_RM-1); EB: correlated normal model, conditional on estimated REML heterogeneity",team-match (120-minute matches count once),0.05,0.8,10,2026-10-03 17:50:35
net_red,style,2008,2008/09,8,0.0433728261452464,0.115368875244419,7,-0.229431214136688,0.316176866427181,0.0433913929843037,0.0541966932883854,0.892367582641195,0.0442879400054426,0.0971168121924771,0.0425522322483705,0.0335609176643036,0.00241433605564538,0.0031160294502334,0,0.0277969331058454,0.0491358937605228,0.166724122747266,23.3842767291192,18,0.176251898819663,0.230252010420935,19,0.0220624378013412,-0.0803438105861212,0.124468686188804,0.433728261452464,-2.29431214136688,3.16176866427181,0.433913929843037,-0.628321739420953,1.49614959910703,0.491358937605228,1.66724122747266,20261003-175015,4237598ec443fe56d60744856219d211,6c49e2a4c6b741a70851cb47ef9815bc,"Raw: match-cluster t(n_RM-1); EB: correlated normal model, conditional on estimated REML heterogeneity",team-match (120-minute matches count once),0.05,0.8,10,2026-10-03 17:50:35
net_red,style,2009,2009/10,8,0.045920839262397,0.131137258234508,7,-0.264169501846305,0.356011180371099,0.0436922819145132,0.0553420267511811,0.917445784232251,0.0447801963168231,0.105791448326145,0.0425522322483705,0.0335609176643036,0.00241433605564538,0.0031160294502334,0,0.0277969331058454,0.0491358937605228,0.166724122747266,23.3842767291192,18,0.176251898819663,0.230252010420935,19,0.0220624378013412,-0.0803438105861212,0.124468686188804,0.45920839262397,-2.64169501846305,3.56011180371099,0.436922819145132,-0.647760973492538,1.5216066117828,0.491358937605228,1.66724122747266,20261003-175015,4237598ec443fe56d60744856219d211,6c49e2a4c6b741a70851cb47ef9815bc,"Raw: match-cluster t(n_RM-1); EB: correlated normal model, conditional on estimated REML heterogeneity",team-match (120-minute matches count once),0.05,0.8,10,2026-10-03 17:50:35
net_red,style,2010,2010/11,12,-0.170124627656417,0.198622262788011,11,-0.607289280516651,0.267040025203817,0.0300468047674013,0.057382487109123,0.95078041070135,-0.0483246162021062,0.131499935528384,0.0425522322483705,0.0335609176643036,0.00241433605564538,0.0031160294502334,0,0.0277969331058454,0.0491358937605228,0.166724122747266,23.3842767291192,18,0.176251898819663,0.230252010420935,19,0.0220624378013412,-0.0803438105861212,0.124468686188804,-1.70124627656417,-6.07289280516651,2.67040025203817,0.300468047674013,-0.824208033098137,1.42514412844616,0.491358937605228,1.66724122747266,20261003-175015,4237598ec443fe56d60744856219d211,6c49e2a4c6b741a70851cb47ef9815bc,"Raw: match-cluster t(n_RM-1); EB: correlated normal model, conditional on estimated REML heterogeneity",team-match (120-minute matches count once),0.05,0.8,10,2026-10-03 17:50:35
net_red,style,2011,2011/12,12,-0.0804828156026016,0.0919738104940899,11,-0.282915807617174,0.121950176411971,0.0141959582609819,0.0518945352438794,0.855240502241456,-0.052492629202449,0.0822862206264174,0.0425522322483705,0.0335609176643036,0.00241433605564538,0.0031160294502334,0,0.0277969331058454,0.0491358937605228,0.166724122747266,23.3842767291192,18,0.176251898819663,0.230252010420935,19,0.0220624378013412,-0.0803438105861212,0.124468686188804,-0.804828156026016,-2.82915807617174,1.21950176411971,0.141959582609819,-0.875154618114661,1.1590737833343,0.491358937605228,1.66724122747266,20261003-175015,4237598ec443fe56d60744856219d211,6c49e2a4c6b741a70851cb47ef9815bc,"Raw: match-cluster t(n_RM-1); EB: correlated normal model, conditional on estimated REML heterogeneity",team-match (120-minute matches count once),0.05,0.8,10,2026-10-03 17:50:35
net_red,style,2012,2012/13,12,-0.131537905374086,0.143879914704261,11,-0.448215462473416,0.185139651725243,0.0243796580469324,0.0559446691765102,0.92783569608418,-0.0594376914470646,0.111905605093915,0.0425522322483705,0.0335609176643036,0.00241433605564538,0.0031160294502334,0,0.0277969331058454,0.0491358937605228,0.166724122747266,23.3842767291192,18,0.176251898819663,0.230252010420935,19,0.0220624378013412,-0.0803438105861212,0.124468686188804,-1.31537905374086,-4.48215462473416,1.85139651725243,0.243796580469324,-0.852698786660356,1.340291947599,0.491358937605228,1.66724122747266,20261003-175015,4237598ec443fe56d60744856219d211,6c49e2a4c6b741a70851cb47ef9815bc,"Raw: match-cluster t(n_RM-1); EB: correlated normal model, conditional on estimated REML heterogeneity",team-match (120-minute matches count once),0.05,0.8,10,2026-10-03 17:50:35
net_red,style,2013,2013/14,13,0.0344541519585706,0.107841853325193,12,-0.200513061641451,0.269421365558593,0.0410364944840481,0.0536741908990935,0.887384071369899,0.0354522178958366,0.0926998995505789,0.0425522322483705,0.0335609176643036,0.00241433605564538,0.0031160294502334,0,0.0277969331058454,0.0491358937605228,0.166724122747266,23.3842767291192,18,0.176251898819663,0.230252010420935,19,0.0220624378013412,-0.0803438105861212,0.124468686188804,0.344541519585706,-2.00513061641451,2.69421365558593,0.410364944840481,-0.641629865775028,1.46235975545599,0.491358937605228,1.66724122747266,20261003-175015,4237598ec443fe56d60744856219d211,6c49e2a4c6b741a70851cb47ef9815bc,"Raw: match-cluster t(n_RM-1); EB: correlated normal model, conditional on estimated REML heterogeneity",team-match (120-minute matches count once),0.05,0.8,10,2026-10-03 17:50:35
net_red,style,2014,2014/15,12,0.170237597468127,0.105146029041058,11,-0.0611872520938057,0.401662447030061,0.0673226980274837,0.0536197263738175,0.894464922661157,0.135433431321244,0.0911349773122622,0.0425522322483705,0.0335609176643036,0.00241433605564538,0.0031160294502334,0,0.0277969331058454,0.0491358937605228,0.166724122747266,23.3842767291192,18,0.176251898819663,0.230252010420935,19,0.0220624378013412,-0.0803438105861212,0.124468686188804,1.70237597468127,-0.611872520938057,4.01662447030061,0.673226980274837,-0.37770034526091,1.72415430581058,0.491358937605228,1.66724122747266,20261003-175015,4237598ec443fe56d60744856219d211,6c49e2a4c6b741a70851cb47ef9815bc,"Raw: match-cluster t(n_RM-1); EB: correlated normal model, conditional on estimated REML heterogeneity",team-match (120-minute matches count once),0.05,0.8,10,2026-10-03 17:50:35
net_red,style,2015,2015/16,13,0.0596705503630024,0.106825092734405,12,-0.17308133221711,0.292422432943114,0.0468257413773045,0.053763222751805,0.896204231448286,0.0559827445496117,0.0922164231143707,0.0425522322483705,0.0335609176643036,0.00241433605564538,0.0031160294502334,0,0.0277969331058454,0.0491358937605228,0.166724122747266,23.3842767291192,18,0.176251898819663,0.230252010420935,19,0.0220624378013412,-0.0803438105861212,0.124468686188804,0.596705503630024,-1.7308133221711,2.92422432943114,0.468257413773045,-0.585482389090378,1.52199721663647,0.491358937605228,1.66724122747266,20261003-175015,4237598ec443fe56d60744856219d211,6c49e2a4c6b741a70851cb47ef9815bc,"Raw: match-cluster t(n_RM-1); EB: correlated normal model, conditional on estimated REML heterogeneity",team-match (120-minute matches count once),0.05,0.8,10,2026-10-03 17:50:35
net_red,style,2016,2016/17,13,0.355164723355906,0.13023534623524,12,0.0714062801024107,0.638923166609402,0.0826483831391796,0.0553058473691987,0.917259191255425,0.237751284741874,0.105295933964721,0.0425522322483705,0.0335609176643036,0.00241433605564538,0.0031160294502334,0,0.0277969331058454,0.0491358937605228,0.166724122747266,23.3842767291192,18,0.176251898819663,0.230252010420935,19,0.0220624378013412,-0.0803438105861212,0.124468686188804,3.55164723355906,0.714062801024107,6.38923166609402,0.826483831391796,-0.257490858389192,1.91045852117278,0.491358937605228,1.66724122747266,20261003-175015,4237598ec443fe56d60744856219d211,6c49e2a4c6b741a70851cb47ef9815bc,"Raw: match-cluster t(n_RM-1); EB: correlated normal model, conditional on estimated REML heterogeneity",team-match (120-minute matches count once),0.05,0.8,10,2026-10-03 17:50:35
net_red,style,2017,2017/18,13,0.215271122033817,0.119577708152866,12,-0.0452663226318517,0.475808566699486,0.0691791353624631,0.054626549737554,0.904729936595301,0.158023259561015,0.099598108090929,0.0425522322483705,0.0335609176643036,0.00241433605564538,0.0031160294502334,0,0.0277969331058454,0.0491358937605228,0.166724122747266,23.3842767291192,18,0.176251898819663,0.230252010420935,19,0.0220624378013412,-0.0803438105861212,0.124468686188804,2.15271122033817,-0.452663226318517,4.75808566699486,0.691791353624631,-0.378869347228287,1.76245205447755,0.491358937605228,1.66724122747266,20261003-175015,4237598ec443fe56d60744856219d211,6c49e2a4c6b741a70851cb47ef9815bc,"Raw: match-cluster t(n_RM-1); EB: correlated normal model, conditional on estimated REML heterogeneity",team-match (120-minute matches count once),0.05,0.8,10,2026-10-03 17:50:35
net_red,style,2018,2018/19,8,-0.0236531088902633,0.181045210265521,7,-0.45175700371883,0.404450785938303,0.037766863357347,0.0571612054227965,0.951520115705473,0.00946014025677479,0.126406513846165,0.0425522322483705,0.0335609176643036,0.00241433605564538,0.0031160294502334,0,0.0277969331058454,0.0491358937605228,0.166724122747266,23.3842767291192,18,0.176251898819663,0.230252010420935,19,0.0220624378013412,-0.0803438105861212,0.124468686188804,-0.236531088902633,-4.5175700371883,4.04450785938303,0.37766863357347,-0.742670405842298,1.49800767298924,0.491358937605228,1.66724122747266,20261003-175015,4237598ec443fe56d60744856219d211,6c49e2a4c6b741a70851cb47ef9815bc,"Raw: match-cluster t(n_RM-1); EB: correlated normal model, conditional on estimated REML heterogeneity",team-match (120-minute matches count once),0.05,0.8,10,2026-10-03 17:50:35
net_red,style,2019,2019/20,8,-0.0949373400852014,0.164654085569733,7,-0.484282383947226,0.294407703776824,0.0314192187364164,0.05662400342938,0.937531999095895,-0.0282580296334362,0.120511698581116,0.0425522322483705,0.0335609176643036,0.00241433605564538,0.0031160294502334,0,0.0277969331058454,0.0491358937605228,0.166724122747266,23.3842767291192,18,0.176251898819663,0.230252010420935,19,0.0220624378013412,-0.0803438105861212,0.124468686188804,-0.949373400852014,-4.84282383947226,2.94407703776824,0.314192187364164,-0.795617886456408,1.42400226118474,0.491358937605228,1.66724122747266,20261003-175015,4237598ec443fe56d60744856219d211,6c49e2a4c6b741a70851cb47ef9815bc,"Raw: match-cluster t(n_RM-1); EB: correlated normal model, conditional on estimated REML heterogeneity",team-match (120-minute matches count once),0.05,0.8,10,2026-10-03 17:50:35
net_red,style,2020,2020/21,12,0.123969221599126,0.109806214136643,11,-0.117712626201471,0.365651069399723,0.056933268748594,0.0538179157873267,0.888324015098484,0.0993824732102468,0.0938258998310882,0.0425522322483705,0.0335609176643036,0.00241433605564538,0.0031160294502334,0,0.0277969331058454,0.0491358937605228,0.166724122747266,23.3842767291192,18,0.176251898819663,0.230252010420935,19,0.0220624378013412,-0.0803438105861212,0.124468686188804,1.23969221599126,-1.17712626201471,3.65651069399723,0.56933268748594,-0.485479079175757,1.62414445414764,0.491358937605228,1.66724122747266,20261003-175015,4237598ec443fe56d60744856219d211,6c49e2a4c6b741a70851cb47ef9815bc,"Raw: match-cluster t(n_RM-1); EB: correlated normal model, conditional on estimated REML heterogeneity",team-match (120-minute matches count once),0.05,0.8,10,2026-10-03 17:50:35
net_red,style,2021,2021/22,13,0.147753310274851,0.0902736822237471,12,-0.0489361467355517,0.344442767285254,0.0670737841298519,0.0515572822441698,0.84432310137202,0.123351407587898,0.0809763620168597,0.0425522322483705,0.0335609176643036,0.00241433605564538,0.0031160294502334,0,0.0277969331058454,0.0491358937605228,0.166724122747266,23.3842767291192,18,0.176251898819663,0.230252010420935,19,0.0220624378013412,-0.0803438105861212,0.124468686188804,1.47753310274851,-0.489361467355517,3.44442767285254,0.670737841298519,-0.339766322094872,1.68124200469191,0.491358937605228,1.66724122747266,20261003-175015,4237598ec443fe56d60744856219d211,6c49e2a4c6b741a70851cb47ef9815bc,"Raw: match-cluster t(n_RM-1); EB: correlated normal model, conditional on estimated REML heterogeneity",team-match (120-minute matches count once),0.05,0.8,10,2026-10-03 17:50:35
net_red,style,2022,2022/23,12,0.106668160112403,0.0892823527060151,11,-0.0898409732516038,0.30317729347641,0.0580603356120633,0.0512244948302627,0.830676260811095,0.0929163970056738,0.0801620259905456,0.0425522322483705,0.0335609176643036,0.00241433605564538,0.0031160294502334,0,0.0277969331058454,0.0491358937605228,0.166724122747266,23.3842767291192,18,0.176251898819663,0.230252010420935,19,0.0220624378013412,-0.0803438105861212,0.124468686188804,1.06668160112403,-0.898409732516038,3.0317729347641,0.580603356120633,-0.423378293815097,1.58458500605636,0.491358937605228,1.66724122747266,20261003-175015,4237598ec443fe56d60744856219d211,6c49e2a4c6b741a70851cb47ef9815bc,"Raw: match-cluster t(n_RM-1); EB: correlated normal model, conditional on estimated REML heterogeneity",team-match (120-minute matches count once),0.05,0.8,10,2026-10-03 17:50:35
net_red,style,2023,2023/24,13,0.00371346555361711,0.0431672735369377,12,-0.0903399438504174,0.0977668749576516,0.0168481312504196,0.0371692642246778,0.566624634208029,0.00447067934509171,0.0422162012901811,0.0425522322483705,0.0335609176643036,0.00241433605564538,0.0031160294502334,0,0.0277969331058454,0.0491358937605228,0.166724122747266,23.3842767291192,18,0.176251898819663,0.230252010420935,19,0.0220624378013412,-0.0803438105861212,0.124468686188804,0.0371346555361711,-0.903399438504174,0.977668749576516,0.168481312504196,-0.560022879618019,0.896985504626411,0.491358937605228,1.66724122747266,20261003-175015,4237598ec443fe56d60744856219d211,6c49e2a4c6b741a70851cb47ef9815bc,"Raw: match-cluster t(n_RM-1); EB: correlated normal model, conditional on estimated REML heterogeneity",team-match (120-minute matches count once),0.05,0.8,10,2026-10-03 17:50:35
net_red,style,2024,2024/25,14,-0.0683909140542449,0.0833565978963433,13,-0.248471895458877,0.111690067350387,0.011828391164489,0.0508855405661259,0.849757549179461,-0.0484607933571939,0.0762477486728392,0.0425522322483705,0.0335609176643036,0.00241433605564538,0.0031160294502334,0,0.0277969331058454,0.0491358937605228,0.166724122747266,23.3842767291192,18,0.176251898819663,0.230252010420935,19,0.0220624378013412,-0.0803438105861212,0.124468686188804,-0.683909140542449,-2.48471895458877,1.11690067350387,0.11828391164489,-0.879054356789696,1.11562218007948,0.491358937605228,1.66724122747266,20261003-175015,4237598ec443fe56d60744856219d211,6c49e2a4c6b741a70851cb47ef9815bc,"Raw: match-cluster t(n_RM-1); EB: correlated normal model, conditional on estimated REML heterogeneity",team-match (120-minute matches count once),0.05,0.8,10,2026-10-03 17:50:35
net_red,style,2025,2025/26,14,-0.319529108794904,0.226539687489202,13,-0.808938349091452,0.169880131501645,0.0261312026698863,0.0583050499688793,0.985946631332368,-0.0883849099449161,0.139610063901485,0.0425522322483705,0.0335609176643036,0.00241433605564538,0.0031160294502334,0,0.0277969331058454,0.0491358937605228,0.166724122747266,23.3842767291192,18,0.176251898819663,0.230252010420935,19,0.0220624378013412,-0.0803438105861212,0.124468686188804,-3.19529108794904,-8.08938349091452,1.69880131501645,0.261312026698863,-0.881445953859253,1.40407000725698,0.491358937605228,1.66724122747266,20261003-175015,4237598ec443fe56d60744856219d211,6c49e2a4c6b741a70851cb47ef9815bc,"Raw: match-cluster t(n_RM-1); EB: correlated normal model, conditional on estimated REML heterogeneity",team-match (120-minute matches count once),0.05,0.8,10,2026-10-03 17:50:35
net_yellow_fouls,style,2007,2007/08,8,-0.00765944466435005,0.620718147170966,7,-1.47542462886855,1.46010573953985,-0.259340192508831,0.199044888228291,0.959726860332099,-0.189860762063707,0.375823254886554,-0.277980132854187,0.123708267871355,0.0273479040036899,0.0071679171621078,0,0.190701775005957,0.165372016991055,0.436694143544377,18.790381508897,18,0.404837088781626,0.0420630900188337,19,-0.298232893128646,-0.543090249012713,-0.0533755372445781,-0.0765944466435005,-14.7542462886855,14.6010573953985,-2.59340192508831,-6.49461004743081,1.3078061972542,1.65372016991055,4.36694143544377,20261003-175015,4237598ec443fe56d60744856219d211,6c49e2a4c6b741a70851cb47ef9815bc,"Raw: match-cluster t(n_RM-1); EB: correlated normal model, conditional on estimated REML heterogeneity",team-match (120-minute matches count once),0.05,0.8,10,2026-10-03 17:50:35
net_yellow_fouls,style,2008,2008/09,8,0.37925634248873,0.379239995984663,7,-0.517503749190553,1.27601643416801,-0.169965885904586,0.186994716491543,0.886551383042277,0.0993990302485627,0.29782159781672,-0.277980132854187,0.123708267871355,0.0273479040036899,0.0071679171621078,0,0.190701775005957,0.165372016991055,0.436694143544377,18.790381508897,18,0.404837088781626,0.0420630900188337,19,-0.298232893128646,-0.543090249012713,-0.0533755372445781,3.7925634248873,-5.17503749190553,12.7601643416801,-1.69965885904586,-5.36468795527288,1.96537023718115,1.65372016991055,4.36694143544377,20261003-175015,4237598ec443fe56d60744856219d211,6c49e2a4c6b741a70851cb47ef9815bc,"Raw: match-cluster t(n_RM-1); EB: correlated normal model, conditional on estimated REML heterogeneity",team-match (120-minute matches count once),0.05,0.8,10,2026-10-03 17:50:35
net_yellow_fouls,style,2009,2009/10,8,-0.580347791468319,0.638366949259879,7,-2.08984576110353,0.929150178166891,-0.296467785065746,0.198994114491597,0.95569861723821,-0.377801677219781,0.378566110768207,-0.277980132854187,0.123708267871355,0.0273479040036899,0.0071679171621078,0,0.190701775005957,0.165372016991055,0.436694143544377,18.790381508897,18,0.404837088781626,0.0420630900188337,19,-0.298232893128646,-0.543090249012713,-0.0533755372445781,-5.80347791468319,-20.8984576110353,9.29150178166891,-2.96467785065746,-6.86489082604716,0.935535124732251,1.65372016991055,4.36694143544377,20261003-175015,4237598ec443fe56d60744856219d211,6c49e2a4c6b741a70851cb47ef9815bc,"Raw: match-cluster t(n_RM-1); EB: correlated normal model, conditional on estimated REML heterogeneity",team-match (120-minute matches count once),0.05,0.8,10,2026-10-03 17:50:35
net_yellow_fouls,style,2010,2010/11,12,-0.708754299671686,0.292129427598425,11,-1.35172683464188,-0.0657817647014877,-0.390140863249561,0.177599244678203,0.847545659218718,-0.585899343831395,0.252427993725229,-0.277980132854187,0.123708267871355,0.0273479040036899,0.0071679171621078,0,0.190701775005957,0.165372016991055,0.436694143544377,18.790381508897,18,0.404837088781626,0.0420630900188337,19,-0.298232893128646,-0.543090249012713,-0.0533755372445781,-7.08754299671686,-13.5172683464188,-0.657817647014877,-3.90140863249561,-7.38228986500357,-0.420527399987661,1.65372016991055,4.36694143544377,20261003-175015,4237598ec443fe56d60744856219d211,6c49e2a4c6b741a70851cb47ef9815bc,"Raw: match-cluster t(n_RM-1); EB: correlated normal model, conditional on estimated REML heterogeneity",team-match (120-minute matches count once),0.05,0.8,10,2026-10-03 17:50:35
net_yellow_fouls,style,2011,2011/12,12,-0.581385807178423,0.459864107451568,11,-1.59353988333811,0.430768268981264,-0.31156047938347,0.193378323186354,0.929252287499625,-0.423589505784387,0.331490075245813,-0.277980132854187,0.123708267871355,0.0273479040036899,0.0071679171621078,0,0.190701775005957,0.165372016991055,0.436694143544377,18.790381508897,18,0.404837088781626,0.0420630900188337,19,-0.298232893128646,-0.543090249012713,-0.0533755372445781,-5.81385807178423,-15.9353988333811,4.30768268981264,-3.1156047938347,-6.90575028219471,0.674540694525313,1.65372016991055,4.36694143544377,20261003-175015,4237598ec443fe56d60744856219d211,6c49e2a4c6b741a70851cb47ef9815bc,"Raw: match-cluster t(n_RM-1); EB: correlated normal model, conditional on estimated REML heterogeneity",team-match (120-minute matches count once),0.05,0.8,10,2026-10-03 17:50:35
net_yellow_fouls,style,2012,2012/13,12,0.144837549598743,0.549807672841628,11,-1.0652809792302,1.35495607842769,-0.239939452284601,0.196828473262906,0.945378319590107,-0.11047087901028,0.358690505215541,-0.277980132854187,0.123708267871355,0.0273479040036899,0.0071679171621078,0,0.190701775005957,0.165372016991055,0.436694143544377,18.790381508897,18,0.404837088781626,0.0420630900188337,19,-0.298232893128646,-0.543090249012713,-0.0533755372445781,1.44837549598743,-10.652809792302,13.5495607842769,-2.39939452284601,-6.25716171011902,1.458372664427,1.65372016991055,4.36694143544377,20261003-175015,4237598ec443fe56d60744856219d211,6c49e2a4c6b741a70851cb47ef9815bc,"Raw: match-cluster t(n_RM-1); EB: correlated normal model, conditional on estimated REML heterogeneity",team-match (120-minute matches count once),0.05,0.8,10,2026-10-03 17:50:35
net_yellow_fouls,style,2013,2013/14,13,-0.206172599582596,0.413226026596252,12,-1.10651476788292,0.694169568717729,-0.27002671099235,0.189726724156421,0.902081420598815,-0.246888088893649,0.312719606938064,-0.277980132854187,0.123708267871355,0.0273479040036899,0.0071679171621078,0,0.190701775005957,0.165372016991055,0.436694143544377,18.790381508897,18,0.404837088781626,0.0420630900188337,19,-0.298232893128646,-0.543090249012713,-0.0533755372445781,-2.06172599582596,-11.0651476788292,6.94169568717729,-2.7002671099235,-6.418842572437,1.01830835259,1.65372016991055,4.36694143544377,20261003-175015,4237598ec443fe56d60744856219d211,6c49e2a4c6b741a70851cb47ef9815bc,"Raw: match-cluster t(n_RM-1); EB: correlated normal model, conditional on estimated REML heterogeneity",team-match (120-minute matches count once),0.05,0.8,10,2026-10-03 17:50:35
net_yellow_fouls,style,2014,2014/15,12,0.0247495108949318,0.491273453904539,11,-1.05653607069592,1.10603509248579,-0.248229428264468,0.193958013045017,0.924124219848282,-0.149714793637123,0.340746810514815,-0.277980132854187,0.123708267871355,0.0273479040036899,0.0071679171621078,0,0.190701775005957,0.165372016991055,0.436694143544377,18.790381508897,18,0.404837088781626,0.0420630900188337,19,-0.298232893128646,-0.543090249012713,-0.0533755372445781,0.247495108949318,-10.5653607069592,11.0603509248579,-2.48229428264468,-6.28380148345652,1.31921291816715,1.65372016991055,4.36694143544377,20261003-175015,4237598ec443fe56d60744856219d211,6c49e2a4c6b741a70851cb47ef9815bc,"Raw: match-cluster t(n_RM-1); EB: correlated normal model, conditional on estimated REML heterogeneity",team-match (120-minute matches count once),0.05,0.8,10,2026-10-03 17:50:35
net_yellow_fouls,style,2015,2015/16,13,-0.510063291207743,0.584492695153193,12,-1.7835634742543,0.763436891838809,-0.295349128874773,0.198080056924248,0.954019812176311,-0.365129006288236,0.367616356683163,-0.277980132854187,0.123708267871355,0.0273479040036899,0.0071679171621078,0,0.190701775005957,0.165372016991055,0.436694143544377,18.790381508897,18,0.404837088781626,0.0420630900188337,19,-0.298232893128646,-0.543090249012713,-0.0533755372445781,-5.10063291207743,-17.835634742543,7.63436891838809,-2.95349128874773,-6.83578906501943,0.928806487523971,1.65372016991055,4.36694143544377,20261003-175015,4237598ec443fe56d60744856219d211,6c49e2a4c6b741a70851cb47ef9815bc,"Raw: match-cluster t(n_RM-1); EB: correlated normal model, conditional on estimated REML heterogeneity",team-match (120-minute matches count once),0.05,0.8,10,2026-10-03 17:50:35
net_yellow_fouls,style,2016,2016/17,13,0.145961423865972,0.429851171860983,12,-0.79060382423223,1.08252667196417,-0.221545716001694,0.19159665783965,0.919116663587969,-0.0616899350989511,0.320322349434883,-0.277980132854187,0.123708267871355,0.0273479040036899,0.0071679171621078,0,0.190701775005957,0.165372016991055,0.436694143544377,18.790381508897,18,0.404837088781626,0.0420630900188337,19,-0.298232893128646,-0.543090249012713,-0.0533755372445781,1.45961423865972,-7.9060382423223,10.8252667196417,-2.21545716001694,-5.97068264925651,1.53976832922263,1.65372016991055,4.36694143544377,20261003-175015,4237598ec443fe56d60744856219d211,6c49e2a4c6b741a70851cb47ef9815bc,"Raw: match-cluster t(n_RM-1); EB: correlated normal model, conditional on estimated REML heterogeneity",team-match (120-minute matches count once),0.05,0.8,10,2026-10-03 17:50:35
net_yellow_fouls,style,2017,2017/18,13,-0.126880811668376,0.463439491619176,12,-1.1366287217827,0.882867098445943,-0.260611608309358,0.193465426788554,0.928893969537222,-0.210535230528273,0.3327387546057,-0.277980132854187,0.123708267871355,0.0273479040036899,0.0071679171621078,0,0.190701775005957,0.165372016991055,0.436694143544377,18.790381508897,18,0.404837088781626,0.0420630900188337,19,-0.298232893128646,-0.543090249012713,-0.0533755372445781,-1.26880811668376,-11.366287217827,8.82867098445943,-2.60611608309358,-6.39796877068594,1.18573660449877,1.65372016991055,4.36694143544377,20261003-175015,4237598ec443fe56d60744856219d211,6c49e2a4c6b741a70851cb47ef9815bc,"Raw: match-cluster t(n_RM-1); EB: correlated normal model, conditional on estimated REML heterogeneity",team-match (120-minute matches count once),0.05,0.8,10,2026-10-03 17:50:35
net_yellow_fouls,style,2018,2018/19,8,-0.96596443739058,0.436437924442688,7,-1.99797613784258,0.0660472630614182,-0.363953413783534,0.190811489041087,0.904189385064113,-0.624039815925582,0.321344085228017,-0.277980132854187,0.123708267871355,0.0273479040036899,0.0071679171621078,0,0.190701775005957,0.165372016991055,0.436694143544377,18.790381508897,18,0.404837088781626,0.0420630900188337,19,-0.298232893128646,-0.543090249012713,-0.0533755372445781,-9.6596443739058,-19.9797613784258,0.660472630614182,-3.63953413783534,-7.37937060140524,0.100302325734561,1.65372016991055,4.36694143544377,20261003-175015,4237598ec443fe56d60744856219d211,6c49e2a4c6b741a70851cb47ef9815bc,"Raw: match-cluster t(n_RM-1); EB: correlated normal model, conditional on estimated REML heterogeneity",team-match (120-minute matches count once),0.05,0.8,10,2026-10-03 17:50:35
net_yellow_fouls,style,2019,2019/20,8,-0.21807592897423,0.31273514613741,7,-0.957577039856163,0.521425181907703,-0.266537639472862,0.178567818024513,0.830794303008169,-0.243086698890489,0.26271838000078,-0.277980132854187,0.123708267871355,0.0273479040036899,0.0071679171621078,0,0.190701775005957,0.165372016991055,0.436694143544377,18.790381508897,18,0.404837088781626,0.0420630900188337,19,-0.298232893128646,-0.543090249012713,-0.0533755372445781,-2.1807592897423,-9.57577039856163,5.21425181907703,-2.66537639472862,-6.16524131598809,0.834488526530847,1.65372016991055,4.36694143544377,20261003-175015,4237598ec443fe56d60744856219d211,6c49e2a4c6b741a70851cb47ef9815bc,"Raw: match-cluster t(n_RM-1); EB: correlated normal model, conditional on estimated REML heterogeneity",team-match (120-minute matches count once),0.05,0.8,10,2026-10-03 17:50:35
net_yellow_fouls,style,2020,2020/21,12,-0.567813878192225,0.527457956267078,11,-1.72874101250833,0.593113256123878,-0.303933626243238,0.195200295456587,0.929052444286547,-0.398845310400729,0.35120150051812,-0.277980132854187,0.123708267871355,0.0273479040036899,0.0071679171621078,0,0.190701775005957,0.165372016991055,0.436694143544377,18.790381508897,18,0.404837088781626,0.0420630900188337,19,-0.298232893128646,-0.543090249012713,-0.0533755372445781,-5.67813878192225,-17.2874101250833,5.93113256123878,-3.03933626243238,-6.86519175109727,0.7865192262325,1.65372016991055,4.36694143544377,20261003-175015,4237598ec443fe56d60744856219d211,6c49e2a4c6b741a70851cb47ef9815bc,"Raw: match-cluster t(n_RM-1); EB: correlated normal model, conditional on estimated REML heterogeneity",team-match (120-minute matches count once),0.05,0.8,10,2026-10-03 17:50:35
net_yellow_fouls,style,2021,2021/22,13,-0.169163359919685,0.291752971143181,12,-0.804838476539981,0.466511756700611,-0.251945406837955,0.176618314961197,0.832389185540363,-0.205274376050471,0.251413183087625,-0.277980132854187,0.123708267871355,0.0273479040036899,0.0071679171621078,0,0.190701775005957,0.165372016991055,0.436694143544377,18.790381508897,18,0.404837088781626,0.0420630900188337,19,-0.298232893128646,-0.543090249012713,-0.0533755372445781,-1.69163359919685,-8.04838476539981,4.66511756700611,-2.51945406837955,-5.98110943172052,0.942201294961423,1.65372016991055,4.36694143544377,20261003-175015,4237598ec443fe56d60744856219d211,6c49e2a4c6b741a70851cb47ef9815bc,"Raw: match-cluster t(n_RM-1); EB: correlated normal model, conditional on estimated REML heterogeneity",team-match (120-minute matches count once),0.05,0.8,10,2026-10-03 17:50:35
net_yellow_fouls,style,2022,2022/23,12,0.245359516010875,0.332572836724949,11,-0.486628362270317,0.977347394292067,-0.17079529549131,0.182619679124207,0.866978772573285,0.0555504231096602,0.274993932707466,-0.277980132854187,0.123708267871355,0.0273479040036899,0.0071679171621078,0,0.190701775005957,0.165372016991055,0.436694143544377,18.790381508897,18,0.404837088781626,0.0420630900188337,19,-0.298232893128646,-0.543090249012713,-0.0533755372445781,2.45359516010875,-4.86628362270317,9.77347394292067,-1.7079529549131,-5.28723289443018,1.87132698460397,1.65372016991055,4.36694143544377,20261003-175015,4237598ec443fe56d60744856219d211,6c49e2a4c6b741a70851cb47ef9815bc,"Raw: match-cluster t(n_RM-1); EB: correlated normal model, conditional on estimated REML heterogeneity",team-match (120-minute matches count once),0.05,0.8,10,2026-10-03 17:50:35
net_yellow_fouls,style,2023,2023/24,13,-0.119262357300269,0.361300383615899,12,-0.90646826848628,0.667943553885742,-0.249091397257374,0.185179945970119,0.875306450042704,-0.183128433177389,0.289097793298024,-0.277980132854187,0.123708267871355,0.0273479040036899,0.0071679171621078,0,0.190701775005957,0.165372016991055,0.436694143544377,18.790381508897,18,0.404837088781626,0.0420630900188337,19,-0.298232893128646,-0.543090249012713,-0.0533755372445781,-1.19262357300269,-9.0646826848628,6.67943553885742,-2.49091397257374,-6.12037422017879,1.13854627503132,1.65372016991055,4.36694143544377,20261003-175015,4237598ec443fe56d60744856219d211,6c49e2a4c6b741a70851cb47ef9815bc,"Raw: match-cluster t(n_RM-1); EB: correlated normal model, conditional on estimated REML heterogeneity",team-match (120-minute matches count once),0.05,0.8,10,2026-10-03 17:50:35
net_yellow_fouls,style,2024,2024/25,14,-1.04035182669473,0.394344180077423,13,-1.89228063319252,-0.188423020196948,-0.395277885211338,0.188670995440964,0.899491235739499,-0.707013843208962,0.305162514624322,-0.277980132854187,0.123708267871355,0.0273479040036899,0.0071679171621078,0,0.190701775005957,0.165372016991055,0.436694143544377,18.790381508897,18,0.404837088781626,0.0420630900188337,19,-0.298232893128646,-0.543090249012713,-0.0533755372445781,-10.4035182669473,-18.9228063319252,-1.88423020196948,-3.95277885211338,-7.65066241202948,-0.254895292197282,1.65372016991055,4.36694143544377,20261003-175015,4237598ec443fe56d60744856219d211,6c49e2a4c6b741a70851cb47ef9815bc,"Raw: match-cluster t(n_RM-1); EB: correlated normal model, conditional on estimated REML heterogeneity",team-match (120-minute matches count once),0.05,0.8,10,2026-10-03 17:50:35
net_yellow_fouls,style,2025,2025/26,14,-0.62658101734785,0.466121585902964,13,-1.63357548163334,0.380413446937641,-0.316910609092505,0.19310379025703,0.92240060827819,-0.444310683583325,0.332968302729454,-0.277980132854187,0.123708267871355,0.0273479040036899,0.0071679171621078,0,0.190701775005957,0.165372016991055,0.436694143544377,18.790381508897,18,0.404837088781626,0.0420630900188337,19,-0.298232893128646,-0.543090249012713,-0.0533755372445781,-6.2658101734785,-16.3357548163334,3.80413446937641,-3.16910609092505,-6.9538708327446,0.615658650894504,1.65372016991055,4.36694143544377,20261003-175015,4237598ec443fe56d60744856219d211,6c49e2a4c6b741a70851cb47ef9815bc,"Raw: match-cluster t(n_RM-1); EB: correlated normal model, conditional on estimated REML heterogeneity",team-match (120-minute matches count once),0.05,0.8,10,2026-10-03 17:50:35
