season_start,matches,knockout,own_yellow,opp_yellow,own_fouls,opp_fouls,own_pens,opp_pens,own_red,opp_red,furthest
2001,17,5,NA,NA,NA,NA,2,2,NA,NA,Winner
2002,16,4,NA,NA,NA,NA,NA,NA,NA,NA,Semi-finals
2003,10,4,NA,NA,NA,NA,NA,NA,NA,NA,Quarter-finals
2004,8,2,NA,NA,NA,NA,NA,NA,NA,NA,Round of 16
2005,8,2,2.625,1.875,16.75,16.5,NA,NA,1,0,Round of 16
2006,8,2,1.625,2.25,18.25,19.5,NA,NA,1,2,Round of 16
2007,8,2,1.875,2.375,17.625,19.125,1,1,1,1,Round of 16
2008,8,2,1.375,2.375,14.75,19.375,0,1,0,1,Round of 16
2009,8,2,2.75,2.125,16.875,13.625,NA,NA,0,1,Round of 16
2010,12,6,2.3333333333333335,1.9166666666666665,14.166666666666666,15.166666666666666,1,0,3,2,Semi-finals
2011,12,6,1.8333333333333335,1.8333333333333335,11.583333333333334,14,2,2,1,0,Semi-finals
2012,12,6,1.75,2.25,12.166666666666666,14.583333333333334,0,2,2,1,Semi-finals
2013,13,7,1.8461538461538463,2.1538461538461537,9.692307692307692,13.153846153846153,4,1,1,1,Winner
2014,12,6,1.75,2.3333333333333335,9.333333333333334,11.5,4,1,0,2,Semi-finals
2015,13,7,1.846153846153846,2,10.846153846153847,12.076923076923077,2,2,0,2,Winner
2016,13,7,1.4615384615384615,2.4615384615384617,9.846153846153847,15.384615384615385,0,5,0,4,Winner
2017,13,7,1.6153846153846154,1.7692307692307692,9.923076923076923,12.23076923076923,4,0,0,3,Winner
2018,8,2,1.5,1.125,10,11,0,0,1,1,Round of 16
2019,8,2,1.625,1.875,8.75,11.75,1,1,1,1,Round of 16
2020,12,6,2,1.8333333333333333,10.416666666666666,11.916666666666666,2,0,0,2,Semi-finals
2021,13,7,1.923076923076923,2.1538461538461537,9.23076923076923,12.538461538461538,3,1,0,1,Winner
2022,12,6,1.1666666666666667,1.8333333333333333,8.333333333333334,11.166666666666666,3,1,0,1,Semi-finals
2023,13,7,1.6923076923076923,1.6923076923076923,9.923076923076923,10.76923076923077,2,3,0,0,Winner
2024,14,6,2.357142857142857,1.3571428571428572,11.571428571428571,10.857142857142858,3,5,1,0,Quarter-finals
2025,14,6,2,1.7142857142857142,10.785714285714286,11.571428571428571,5,2,5,1,Quarter-finals
