term,estimate,std.error,statistic,p.value,model
barca_leads,-0.5953632871267849,0.09865040704264023,-6.035081911719305,1.6129443380740554e-9,(1)
barca_trails,0.1151997064503571,0.22264625842562685,0.5174113738310973,0.6048739591167116,(1)
barca_tied,0.13318521450052304,0.16673832027742994,0.7987678793868195,0.42443320302102283,(1)
madrid_leads,-0.5197525119643706,0.1023727376527395,-5.077059809882519,3.862864810835482e-7,(1)
madrid_trails,0.18113530026917032,0.20121638809823628,0.9002015292150949,0.3680223648150833,(1)
madrid_tied,0.21816556159570247,0.13466718952351608,1.6200350090294682,0.10523836028190824,(1)
home_leads,0.24189090466364105,0.022269192179459402,10.862131985495,2.033236761654741e-27,(1)
home_trails,0.4402745167548855,0.024874165922088333,17.70007155753192,1.2037838092219927e-69,(1)
barca_leads,-0.4966738374872232,0.0995016965784702,-4.991611746997002,6.031148835032833e-7,(2)
barca_trails,0.0858037746783058,0.20925616254012636,0.4100418053965427,0.6817790711586982,(2)
barca_tied,0.12618213757301855,0.15734808050901947,0.8019299451561188,0.4226017056038486,(2)
madrid_leads,-0.4629950654161094,0.09763993029383823,-4.741861900379989,2.130219041731044e-6,(2)
madrid_trails,0.11297279646404922,0.2133074268145075,0.5296242993090463,0.5963775166795668,(2)
madrid_tied,0.16461968774370123,0.12807857040835136,1.285302351664656,0.19869949291575087,(2)
home_leads,0.1962778440641512,0.02184741332555542,8.984031250718386,2.8046592061623527e-19,(2)
home_trails,0.378969727690382,0.02437705142160189,15.546167628565422,3.174550333786478e-54,(2)
goals_2h_regulation,0.07541339604117972,0.009182865524659255,8.212403398336605,2.2801526159244267e-16,(2)
total_yellow,0.10887302050981845,0.005196350671390837,20.95182319184742,1.4200654750283873e-96,(2)
total_red,0.3676090756613194,0.02183681996826974,16.834368566278346,3.246613931478438e-63,(2)
total_pens,0.22502711691862615,0.020821799570422034,10.80728474777385,3.6908910157145485e-27,(2)
barca_leads,-0.34038202430355985,0.08735219574775338,-3.896662486727635,9.957749944455773e-5,(3)
barca_trails,-0.14447220049539555,0.17995957404720536,-0.8028036366517456,0.42214942786363574,(3)
barca_tied,0.057323952119007385,0.18531052681441001,0.30933996629569666,0.7570836016085055,(3)
madrid_leads,-0.26223410772306843,0.09494610840682258,-2.7619258137411453,0.0057798262783936745,(3)
madrid_trails,-0.15243282932970328,0.19497035454597814,-0.7818256764453716,0.4343763921623066,(3)
madrid_tied,0.1285549348258323,0.11840917980674331,1.0856838552183874,0.2777028157949931,(3)
home_leads,0.25281208592045634,0.0467302860183109,5.410026504468513,6.777858975578021e-8,(3)
home_trails,0.28902147942749407,0.05405379560107229,5.346922935079893,9.591421588470864e-8,(3)
goals_2h_regulation,0.008531255221047206,0.019119009268053173,0.4462184782400033,0.6554704216405163,(3)
total_yellow,0.08429107387983446,0.009097636210823108,9.265162062597822,3.526959992390846e-20,(3)
total_red,0.2851096584117621,0.0374795183712064,7.607079034153152,3.688597073495971e-14,(3)
total_pens,0.09839539447757137,0.04173399688239476,2.3576796335813905,0.01845100173813625,(3)
barca_leads,-0.5958530932018433,0.18987312947787935,-3.1381643881909134,0.001723683021704343,(4)
barca_trails,0.45961982958820613,0.4100418059121388,1.1209096803331575,0.26245441344914466,(4)
barca_tied,0.08678604286501168,0.2756271150813934,0.31486758056943537,0.7528934639642129,(4)
madrid_leads,-0.6244650974310326,0.187575061971829,-3.3291477601900943,8.861715621085887e-4,(4)
madrid_trails,0.5516568657007973,0.4973766443830487,1.1091330321412225,0.2674997351882416,(4)
madrid_tied,0.2766418311758198,0.2386749731949815,1.1590734775104465,0.2465579518432001,(4)
home_leads,0.08053326191747359,0.10015153480378905,0.8041141064413,0.42142205063450777,(4)
home_trails,0.35143517750432524,0.11139648389040112,3.154813915402297,0.0016287275656927476,(4)
goals_2h_regulation,0.28098337961824676,0.042023891277742156,6.686277045625921,2.9245126831201376e-11,(4)
total_yellow,0.14068185115310247,0.019570000931120615,7.188648158385487,9.053754435745184e-13,(4)
total_red,0.6950628924498925,0.10446186081984549,6.653747951595418,3.633426535740298e-11,(4)
total_pens,0.4383906737064228,0.07895150261678296,5.552657760477287,3.1698028993455145e-8,(4)
