term,estimate,std.error,statistic,p.value,column,outcome,foul_control,panel
barca,-0.2300169219602031,0.059406722482806,-3.8719005585062627,1.1137066601493313e-4,(1),own_yellow,FALSE,A
real_madrid,-0.0508955908166751,0.0691470441516605,-0.7360486835134354,0.4617852403903072,(1),own_yellow,FALSE,A
other_elite,0.04911902460371608,0.023591137480223904,2.0820964925871768,0.03745734979611747,(1),own_yellow,FALSE,A
home,-0.1610616925004708,0.01264944864331875,-12.732704566182116,8.485745264538625e-36,(1),own_yellow,FALSE,A
barca,0.025762392617097642,0.08278720916749525,0.31118807936833714,0.7556892692168657,(2),opp_yellow,FALSE,A
real_madrid,0.0504855795463929,0.0576318924850493,0.8760007240693982,0.3811322210086415,(2),opp_yellow,FALSE,A
other_elite,-0.07998427890493769,0.024555422578165814,-3.2572959659044147,0.0011431458419001491,(2),opp_yellow,FALSE,A
home,0.10688873529366438,0.012655074308660355,8.446314315240038,5.607363610674633e-17,(2),opp_yellow,FALSE,A
barca,-0.012833541587728549,0.009364767131994467,-1.3704069099468699,0.17070988423554154,(3),own_red,FALSE,A
real_madrid,0.018661723204280115,0.012910036830986356,1.4455205239607607,0.14846450581017553,(3),own_red,FALSE,A
other_elite,0.011329556309273165,0.004636559639759548,2.4435264915217862,0.014628277438059594,(3),own_red,FALSE,A
home,-0.014802491856507793,0.003050103228275051,-4.853111763328471,1.3070705461828476e-6,(3),own_red,FALSE,A
barca,0.009214865841291688,0.01532534038469203,0.6012829477181537,0.5477179929884984,(4),opp_red,FALSE,A
real_madrid,-0.018126514195778112,0.01573795207365126,-1.1517708346644302,0.24954949464197035,(4),opp_red,FALSE,A
other_elite,-0.012493455161647944,0.004905446418114308,-2.546853863394257,0.01094237996353576,(4),opp_red,FALSE,A
home,0.010980618265988873,0.0030619651324761297,3.586134325804402,3.434684820396778e-4,(4),opp_red,FALSE,A
barca,-1.727335910057665,0.21032266354147866,-8.212790200410378,3.7989973870420344e-16,(5),own_fouls,FALSE,A
real_madrid,-0.6587796354886248,0.3292577253251536,-2.0008023648892572,0.04554656611595553,(5),own_fouls,FALSE,A
other_elite,-0.2782812148750744,0.09780368962664956,-2.8453038524146668,0.004481394544072379,(5),own_fouls,FALSE,A
home,-0.017055789252516322,0.043212084714958854,-0.3946995236407113,0.6931060977878424,(5),own_fouls,FALSE,A
barca,0.881889740733465,0.2355948401755082,3.7432472632953018,1.8670672080151282e-4,(6),opp_fouls,FALSE,A
real_madrid,0.7466722371072575,0.18786179630403302,3.9745826548940966,7.296684846972607e-5,(6),opp_fouls,FALSE,A
other_elite,-0.5981235726358705,0.09553844510652598,-6.260553769416687,4.667463726185406e-10,(6),opp_fouls,FALSE,A
home,0.10313891299684066,0.04550493050292842,2.2665436878362724,0.02352288930165552,(6),opp_fouls,FALSE,A
barca,-0.016497524104779327,0.01927724171827682,-0.855803145796422,0.3921958967893704,(7),own_pens,FALSE,A
real_madrid,0.02549296833718975,0.017255247223825584,1.4774038300645,0.13970445025732553,(7),own_pens,FALSE,A
other_elite,-0.004464184421769488,0.005257083707866978,-0.8491750692668345,0.3958723353865796,(7),own_pens,FALSE,A
home,0.02455287720735963,0.0032780889241400663,7.489997305000056,9.762878583045178e-14,(7),own_pens,FALSE,A
barca,-0.008479059227727867,0.01312366694702296,-0.6460891808635315,0.5182861145692985,(8),opp_pens,FALSE,A
real_madrid,0.002693452355822395,0.01032968886315311,0.2607486432074611,0.794309714484343,(8),opp_pens,FALSE,A
other_elite,-0.004782494154278604,0.004285804104122346,-1.1158919162167285,0.2645850740299268,(8),opp_pens,FALSE,A
home,-0.028327011835098316,0.0032045295337318667,-8.839678816163012,1.86882530318818e-18,(8),opp_pens,FALSE,A
barca,-0.055771876961936334,0.05433892624187787,-1.0263706116252647,0.3048391474156929,(9),own_yellow,TRUE,A
real_madrid,0.01590327064015311,0.047612347525296,0.3340156801070111,0.7384022104536311,(9),own_yellow,TRUE,A
other_elite,0.07521687678081981,0.020450325178588944,3.6780283992535376,2.411554971825524e-4,(9),own_yellow,TRUE,A
home,-0.15655002793532322,0.011852501843009207,-13.208184230543605,2.839641315456967e-38,(9),own_yellow,TRUE,A
own_fouls,0.10058204045072143,0.0012554049551909544,80.1191998126392,0,(9),own_yellow,TRUE,A
barca,-0.06272909579106213,0.07371299566330722,-0.850990998623698,0.39487467059402725,(10),opp_yellow,TRUE,A
real_madrid,-0.024331270799048246,0.05708229345322728,-0.4262490052013252,0.6699715823363546,(10),opp_yellow,TRUE,A
other_elite,-0.021180396719583033,0.02201044005478077,-0.9622886533330601,0.3360191787254665,(10),opp_yellow,TRUE,A
home,0.09439145409798047,0.01183616135991887,7.974836708260917,2.5232766079590288e-15,(10),opp_yellow,TRUE,A
opp_fouls,0.10012653345746014,0.0012470191612451436,80.29269843575155,0,(10),opp_yellow,TRUE,A
barca,-0.17403591979593605,0.058193310626260646,-2.9906516388741013,0.0028182201130307993,(1),own_yellow,FALSE,B
real_madrid,-0.021143318651398603,0.06751935548776973,-0.3131445568260563,0.7542038696412302,(1),own_yellow,FALSE,B
other_elite,0.06767722454414822,0.023423895482237504,2.8892386663639407,0.003903818244649375,(1),own_yellow,FALSE,B
home,-0.14778974068692582,0.013338080051692545,-11.080285926771893,1.0051566762548483e-27,(1),own_yellow,FALSE,B
own_shots,-0.012278556152099926,0.0011292546755019416,-10.873150599657459,8.720503383152201e-27,(1),own_yellow,FALSE,B
opp_shots,-7.106461362775494e-5,0.0012280093753010864,-0.05786976472417496,0.9538582152032693,(1),own_yellow,FALSE,B
barca,0.08765271503791416,0.06417134907540618,1.3659166637577713,0.17212048204686953,(2),opp_yellow,FALSE,B
real_madrid,0.07781933125945514,0.05977370329542487,1.3018991123043149,0.19310254278703665,(2),opp_yellow,FALSE,B
other_elite,-0.06598807363717721,0.024759373780635176,-2.6651753885951615,0.007757420612773113,(2),opp_yellow,FALSE,B
home,0.09558238142499785,0.01338297976374636,7.142085179260634,1.2864845652369389e-12,(2),opp_yellow,FALSE,B
own_shots,0.0010245615054322167,0.0012026727963429136,0.8519037834294602,0.3943706774240546,(2),opp_yellow,FALSE,B
opp_shots,-0.012467682970879383,0.0011785555181139655,-10.57878290776775,1.7677444739180855e-25,(2),opp_yellow,FALSE,B
barca,-0.00794295512498503,0.01073582916304311,-0.7398548360221457,0.45947592537460935,(3),own_red,FALSE,B
real_madrid,0.016264816886082212,0.011838381360785497,1.3739054681883482,0.16962678055439434,(3),own_red,FALSE,B
other_elite,0.014134743016388528,0.005038219167193581,2.8055037995224703,0.00507297253506344,(3),own_red,FALSE,B
home,-0.011061133013537483,0.003241019051301702,-3.412856523967349,6.558131864778012e-4,(3),own_red,FALSE,B
own_shots,-0.005449218139419887,2.9213583371331936e-4,-18.653028867274628,1.1762822705878326e-71,(3),own_red,FALSE,B
opp_shots,0.006224030333876331,3.289767826744077e-4,18.919360458444054,1.6654954628830933e-73,(3),own_red,FALSE,B
barca,-0.029740496578532154,0.01714093033115538,-1.7350573162575538,0.08288649148756543,(4),opp_red,FALSE,B
real_madrid,-0.013680271222460441,0.016090480171818272,-0.8502090103203259,0.39531184479808423,(4),opp_red,FALSE,B
other_elite,-0.015569490519076811,0.0050536595787689185,-3.080834843820163,0.0020926530664181517,(4),opp_red,FALSE,B
home,0.007007980439620616,0.0032124320287697876,2.181518667744185,0.029262508558303833,(4),opp_red,FALSE,B
own_shots,0.006309796638569625,3.3007690983438465e-4,19.116140664718266,6.979958648001853e-75,(4),opp_red,FALSE,B
opp_shots,-0.005395558889210824,2.866836252381453e-4,-18.820603669737974,8.114487261019483e-73,(4),opp_red,FALSE,B
barca,-1.279796693258571,0.2127452591197014,-6.015629671627567,2.1294023849835894e-9,(5),own_fouls,FALSE,B
real_madrid,-0.4430185862834872,0.31957548703320615,-1.3862721149117876,0.16582014605619805,(5),own_fouls,FALSE,B
other_elite,-0.2359529602567618,0.09838870038441505,-2.398171327956042,0.016569347508722493,(5),own_fouls,FALSE,B
home,-0.12363501207084829,0.044826413683464884,-2.758083948983265,0.00586763428364456,(5),own_fouls,FALSE,B
own_shots,-0.07484469824135566,0.0038562017861963212,-19.408916439297887,5.972199223036517e-77,(5),own_fouls,FALSE,B
opp_shots,-0.06867623128735303,0.004117734202124597,-16.67816034651257,1.5608183043186959e-58,(5),own_fouls,FALSE,B
barca,0.9384714183015963,0.2462252241548402,3.8114349231394464,1.423895305974992e-4,(6),opp_fouls,FALSE,B
real_madrid,0.9341734719869236,0.1927424116352334,4.84674578916681,1.3528383464247508e-6,(6),opp_fouls,FALSE,B
other_elite,-0.5828497665289039,0.09721123185279955,-5.995703947168103,2.402381202021566e-9,(6),opp_fouls,FALSE,B
home,0.2089533239725908,0.04762480375714184,4.387489448526201,1.2070411334414495e-5,(6),opp_fouls,FALSE,B
own_shots,-0.061963658977741844,0.003959344368789209,-15.649979695171272,3.909936812295228e-52,(6),opp_fouls,FALSE,B
opp_shots,-0.07089869851469022,0.0040012383005086725,-17.71918920842004,2.5559520751764546e-65,(6),opp_fouls,FALSE,B
barca,-0.0014328727493599304,0.02098346843046521,-0.06828579146046176,0.9455649638305147,(7),own_pens,FALSE,B
real_madrid,0.017604313215207407,0.019435015114337508,0.9058039374623607,0.365148798687439,(7),own_pens,FALSE,B
other_elite,-0.006218930307923694,0.006120306542724756,-1.0161141871751789,0.3096979787258188,(7),own_pens,FALSE,B
home,0.014228527735879987,0.0036758895619195186,3.8707712775924557,1.1197334108722241e-4,(7),own_pens,FALSE,B
own_shots,0.005529170987086724,3.700206701942066e-4,14.942870581215692,6.077161451877289e-48,(7),own_pens,FALSE,B
opp_shots,-3.544364781369337e-6,3.2519299700297885e-4,-0.010899265402498411,0.9913049041720863,(7),own_pens,FALSE,B
barca,-0.021395064169382062,0.01556260783944481,-1.374773713384615,0.16935568565836345,(8),opp_pens,FALSE,B
real_madrid,-0.010292916555613778,0.011427046884397243,-0.9007503565656991,0.36782957082188494,(8),opp_pens,FALSE,B
other_elite,-0.006636597487327306,0.004728765521245675,-1.403452435421044,0.1606372807095097,(8),opp_pens,FALSE,B
home,-0.01799647926163858,0.0035475111394357014,-5.072987385883518,4.2782482643871914e-7,(8),opp_pens,FALSE,B
own_shots,-8.335631852591978e-5,3.281309204473747e-4,-0.2540337204804458,0.7994956334068999,(8),opp_pens,FALSE,B
opp_shots,0.005490238130633737,3.5609057640603156e-4,15.418094424305979,9.172319651531185e-51,(8),opp_pens,FALSE,B
barca,-0.03853065622479402,0.04893821167506657,-0.7873327386914902,0.43118148614366336,(9),own_yellow,TRUE,B
real_madrid,0.02576362416028273,0.04593936914341367,0.5608179790160759,0.5749851808959339,(9),own_yellow,TRUE,B
other_elite,0.0926599958221202,0.019876039641427257,4.661894295531123,3.342432433115569e-6,(9),own_yellow,TRUE,B
home,-0.134699227962889,0.012412035863596836,-10.852307344514474,1.0816994987977655e-26,(9),own_yellow,TRUE,B
own_shots,-0.004353976712630764,0.0010614487494212024,-4.101918924493477,4.263532241345557e-5,(9),own_yellow,TRUE,B
opp_shots,0.0072003956664976115,0.0011240617279099033,6.405694178278031,1.865539494951573e-10,(9),own_yellow,TRUE,B
own_fouls,0.10588030449283595,0.001251466899065954,84.60495804712124,0,(9),own_yellow,TRUE,B
barca,-0.011100839804127394,0.05594672725063724,-0.1984180371158521,0.8427384072131284,(10),opp_yellow,TRUE,B
real_madrid,-0.020481958901087328,0.057221442810580656,-0.35794202129590597,0.7204249140265944,(10),opp_yellow,TRUE,B
other_elite,-0.004655905964186125,0.02154252575366195,-0.21612628052189664,0.8289116113599164,(10),opp_yellow,TRUE,B
home,0.07359462224987219,0.012347628341467956,5.960223308853078,2.9752653428438392e-9,(10),opp_yellow,TRUE,B
own_shots,0.007544878987392532,0.001120308790720155,6.734642314591271,2.1472370586613645e-11,(10),opp_yellow,TRUE,B
opp_shots,-0.005007148344613585,0.0010961788992389474,-4.5678204060395045,5.232051910046637e-6,(10),opp_yellow,TRUE,B
opp_fouls,0.10522808997290653,0.0012584763935090256,83.61546590436848,0,(10),opp_yellow,TRUE,B
