term,estimate,std.error,statistic,p.value,outcome,panel
real_madrid,0.14254219211968755,0.09605916141927269,1.4839000259176613,0.1382994778073485,own_yellow,Panel A: All matches
barca,0.08133244930178486,0.11022417066734025,0.7378821615020226,0.46084098951747954,own_yellow,Panel A: All matches
other_elite,-0.09890003108147029,0.05393538794284748,-1.833676086399332,0.06713963020724234,own_yellow,Panel A: All matches
home,-0.29320119910521464,0.04340310650436007,-6.755304463650799,3.066890179761304e-11,own_yellow,Panel A: All matches
real_madrid,-0.09685255432978929,0.09724496119387627,-0.9959647589009302,0.31962206043692504,opp_yellow,Panel A: All matches
barca,0.4080147843917578,0.1320645742330449,3.0895097096346467,0.0020867350973540503,opp_yellow,Panel A: All matches
other_elite,-0.16821122141964956,0.06100526350250144,-2.757323085945728,0.005984311265410853,opp_yellow,Panel A: All matches
home,0.24281976852127624,0.04421463259926924,5.49184182354349,5.6262862969208954e-8,opp_yellow,Panel A: All matches
real_madrid,-0.8809312173733519,0.44038680135276675,-2.0003579005259335,0.0458593854533329,own_fouls,Panel A: All matches
barca,-1.1875957809613318,0.38160915496696746,-3.112073611190307,0.0019357229326993856,own_fouls,Panel A: All matches
other_elite,-0.29528001701103973,0.2004121385865133,-1.4733639344084648,0.14111634448949056,own_fouls,Panel A: All matches
home,-0.23898713963222964,0.1425951456441868,-1.6759836988319838,0.09420173932666086,own_fouls,Panel A: All matches
real_madrid,-0.2838455838777068,0.3987397498281152,-0.7118567536847383,0.47679798559768294,opp_fouls,Panel A: All matches
barca,1.4968772948337021,0.34444276185524486,4.345794020380019,1.600102002343197e-5,opp_fouls,Panel A: All matches
other_elite,-0.845595594713606,0.2279693743423801,-3.709250846316016,2.2486495851615156e-4,opp_fouls,Panel A: All matches
home,0.07356195276354918,0.1439142582343139,0.5111512484314052,0.6094113157620251,opp_fouls,Panel A: All matches
real_madrid,-0.01953252567882028,0.03072665500937875,-0.6356866919896856,0.5252171196157789,own_pens,Panel A: All matches
barca,-0.022985061928937255,0.03904678500368198,-0.5886544033463919,0.5563092596582615,own_pens,Panel A: All matches
other_elite,0.00798757463445274,0.0177349877713143,0.4503851221917588,0.6525914963427033,own_pens,Panel A: All matches
home,0.03872272202253244,0.014583115007033349,2.655312119794482,0.008128780210877918,own_pens,Panel A: All matches
real_madrid,-0.017946929304584427,0.030793552110452243,-0.5828145203973629,0.5602317961647241,opp_pens,Panel A: All matches
barca,-0.027836594109698076,0.029374750736437614,-0.9476367768856827,0.3436865957258497,opp_pens,Panel A: All matches
other_elite,-0.03603190855380938,0.017667559457292134,-2.039438929916125,0.04183314101215197,opp_pens,Panel A: All matches
home,-0.048482983226176155,0.01412682579922502,-3.4319799730832576,6.393909914891933e-4,opp_pens,Panel A: All matches
rm_group,0.08692138153095758,0.14503670760160842,0.599306085806333,0.5491686985190813,own_yellow,Panel B: By stage
rm_ko,0.21363672615113038,0.12238349269499599,1.7456335118949058,0.08132696205899248,own_yellow,Panel B: By stage
barca,0.08244218162545193,0.11024555669655142,0.7478050281189318,0.45483667648175796,own_yellow,Panel B: By stage
other_elite,-0.09782860008150641,0.05393398999558031,-1.8138580158731648,0.07014087210754817,own_yellow,Panel B: By stage
home,-0.29366694758884304,0.04334347250859051,-6.775344258138047,2.6939052650081785e-11,own_yellow,Panel B: By stage
rm_group,-0.20995574076988302,0.11493081115769686,-1.8268011741586179,0.06816853454985658,opp_yellow,Panel B: By stage
rm_ko,0.04771596679331311,0.1269795187594157,0.3757768753535688,0.7072001495108101,opp_yellow,Panel B: By stage
barca,0.41027139055129636,0.13192647046975622,3.1098489112186924,0.0019501522979904263,opp_yellow,Panel B: By stage
other_elite,-0.16603249985922183,0.061016513378694695,-2.7211076258774867,0.006673050824232165,opp_yellow,Panel B: By stage
home,0.24187268347360197,0.04422108896916524,5.469622958454426,6.34530693901065e-8,opp_yellow,Panel B: By stage
rm_group,-0.8686187282651373,0.4865921708623732,-1.7851062558727764,0.07469037446695151,own_fouls,Panel B: By stage
rm_ko,-0.8966813195623609,0.5334506373485897,-1.6809077668725585,0.09324072778986771,own_fouls,Panel B: By stage
barca,-1.187849681527686,0.38183553737675363,-3.110893474421805,0.0019433649984359049,own_fouls,Panel B: By stage
other_elite,-0.29551922417210486,0.20054822376114592,-1.4735569262586437,0.14106435293861086,own_fouls,Panel B: By stage
home,-0.23888507494161554,0.14253004293326768,-1.6760331367714603,0.09419205131245952,own_fouls,Panel B: By stage
rm_group,-0.6363078223354613,0.4552723414355702,-1.3976421680461586,0.162677004222191,opp_fouls,Panel B: By stage
rm_ko,0.16702314019121928,0.582925794533694,0.28652556081315267,0.7745630222571825,opp_fouls,Panel B: By stage
barca,1.5041455624851283,0.3445059182733734,4.366094986187012,1.462142770451921e-5,opp_fouls,Panel B: By stage
other_elite,-0.8387479524021456,0.2281965671149888,-3.6755502635563246,2.560635710416614e-4,opp_fouls,Panel B: By stage
home,0.07064020866142859,0.1437955245434296,0.4912545705836179,0.623405152357505,opp_fouls,Panel B: By stage
rm_group,0.0017515676327927816,0.03538376027741734,0.04950202067445808,0.9605352989164114,own_pens,Panel B: By stage
rm_ko,-0.04626624636132214,0.03797306946451668,-1.2183962743531935,0.22354060416477645,own_pens,Panel B: By stage
barca,-0.023473938784124855,0.039049479200865815,-0.6011332100839999,0.5479727582442654,own_pens,Panel B: By stage
other_elite,0.007505217634019055,0.017724603816044005,0.42343500096884884,0.672125952419558,own_pens,Panel B: By stage
home,0.03884952034435393,0.014567358017007797,2.6668885530921966,0.007857177563833277,own_pens,Panel B: By stage
rm_group,-0.0014116311128036148,0.03395752744442001,-0.04157049170067233,0.9668545891052573,opp_pens,Panel B: By stage
rm_ko,-0.03871596263300631,0.04136262400824683,-0.9360132138929863,0.34963377829522235,opp_pens,Panel B: By stage
barca,-0.028216395329068108,0.02936339038961219,-0.9609379214959506,0.3369610277252014,opp_pens,Panel B: By stage
other_elite,-0.03640664459401267,0.01765452241610087,-2.062171025414424,0.03961093999138106,opp_pens,Panel B: By stage
home,-0.048384475480219354,0.014120182795779354,-3.4266182088437196,6.519051277559149e-4,opp_pens,Panel B: By stage
rm_era1,0.2839791648377777,0.15059087041057853,1.8857661428181045,0.0597530951147672,own_yellow,Panel C: By era
rm_era2,0.019925277437908437,0.09483279770351832,0.21010956040970205,0.8336451940672255,own_yellow,Panel C: By era
rm_era3,0.10488726098603399,0.15843320430805488,0.6620282752224903,0.508177717809938,own_yellow,Panel C: By era
barca,0.07915543544454348,0.10991805637991561,0.720131323746795,0.47169195832790667,own_yellow,Panel C: By era
other_elite,-0.10129021894391847,0.054012137302116466,-1.8753232884925926,0.061177190896182225,own_yellow,Panel C: By era
home,-0.2948211592650351,0.043547872823640824,-6.770047309979871,2.7879267053387062e-11,own_yellow,Panel C: By era
rm_era1,0.09588612498055082,0.11100746440236102,0.8637808772300128,0.38801329352886504,opp_yellow,Panel C: By era
rm_era2,0.08420084030672907,0.15954710394373717,0.5277490987014201,0.5978459008851895,opp_yellow,Panel C: By era
rm_era3,-0.36067482940872575,0.11207110491127173,-3.2182678103716125,0.0013510150968690027,opp_yellow,Panel C: By era
barca,0.41332188333501785,0.13264258841155985,3.1160571298003763,0.001910131106976684,opp_yellow,Panel C: By era
other_elite,-0.16554305351054283,0.061094569058428694,-2.709619792100068,0.0069059931785163935,opp_yellow,Panel C: By era
home,0.24549027956028546,0.04407060761156473,5.570385634888898,3.6654849304313244e-8,opp_yellow,Panel C: By era
rm_era1,0.5707228647210107,0.48175091965112915,1.1846845360135745,0.2365566943175298,own_fouls,Panel C: By era
rm_era2,-2.5215466259081283,0.5389368703875347,-4.67874210219641,3.484556857807318e-6,own_fouls,Panel C: By era
rm_era3,-1.0337261855276907,0.6166803962842808,-1.6762754122820498,0.09414458581516306,own_fouls,Panel C: By era
barca,-1.2193761593164532,0.3770889497753176,-3.2336565684117735,0.0012813447353562746,own_fouls,Panel C: By era
other_elite,-0.3263284262975515,0.20046322483301177,-1.627871778324363,0.10401596786528783,own_fouls,Panel C: By era
home,-0.26099725261480655,0.14295788648633703,-1.8256932795362146,0.06833555229808827,own_fouls,Panel C: By era
rm_era1,0.6187728388984208,0.6305540300148305,0.9813161274758128,0.32678638947647776,opp_fouls,Panel C: By era
rm_era2,-0.5893982194623392,0.7992818950193618,-0.7374096962975267,0.461127980912291,opp_fouls,Panel C: By era
rm_era3,-0.8149820768290352,0.3697291557865583,-2.2042678108391267,0.02784024548441733,opp_fouls,Panel C: By era
barca,1.4942558968462074,0.3462845260444016,4.31511021851034,1.8324597034637192e-5,opp_fouls,Panel C: By era
other_elite,-0.8527206375943084,0.22810572579752286,-3.7382693249498806,2.0090207195993018e-4,opp_fouls,Panel C: By era
home,0.06990784574270116,0.14373388227773498,0.4863699820451465,0.6268618065760898,opp_fouls,Panel C: By era
rm_era1,-0.05743891040188976,0.03426944284958467,-1.6760970014598848,0.09422743798455913,own_pens,Panel C: By era
rm_era2,0.01856330566461429,0.06627605758342915,0.2800906743924314,0.7795021227087316,own_pens,Panel C: By era
rm_era3,-0.015226413351489736,0.03832576759782653,-0.39728919486411624,0.6912920574569095,own_pens,Panel C: By era
barca,-0.022301456382064367,0.039034690290852186,-0.5713240252681275,0.56798874127781,own_pens,Panel C: By era
other_elite,0.00875813711572856,0.01778433027055088,0.4924637016121536,0.6225673327865643,own_pens,Panel C: By era
home,0.03927821756961046,0.014660523448123335,2.6791824799842594,0.007577689487832738,own_pens,Panel C: By era
rm_era1,0.03318064902923164,0.027110451838554255,1.2239061608720534,0.2214563038104379,opp_pens,Panel C: By era
rm_era2,-0.0207846850793051,0.052994005895397774,-0.39220822672531974,0.6950402471742008,opp_pens,Panel C: By era
rm_era3,-0.05327360408879296,0.04746554403131746,-1.1223637098448378,0.26214581491282285,opp_pens,Panel C: By era
barca,-0.02757105541382881,0.0293072999024848,-0.9407572688568016,0.34719862342274366,opp_pens,Panel C: By era
other_elite,-0.03626373602736821,0.017674383428395255,-2.0517680955765467,0.04061510687925556,opp_pens,Panel C: By era
home,-0.04850032915432111,0.014169537256396721,-3.422859072721379,6.608145506935506e-4,opp_pens,Panel C: By era
